cohort,model,task,arm,instance_id,graph_id,feasible,terminal_reason,terminal_category,model_calls_unknown,objective,absolute_gap,percentage_gap,model_calls,confirmed_model_calls,forced_candidate_steps,call_intents,confirmed_native_forwards,native_forward_count,native_forward_unknown_attempts,captured_response_records,raw_response_capture_failures,orphan_raw_responses,probability_audit_failures,candidate_seconds,model_call_seconds,solve_wall_seconds,verification_seconds
zero_attempt_supplement,qwen2,community_bipartition_construct,A,s-076c5b9aa1296dc89e08869eb4ee702f,s-076c5b9aa1296dc89e08869eb4ee702f,True,,complete,False,-0.003472222222222222,0.4895833333333333,,10,10,0,10,,,,10,0,0,0,0.0026523536071181297,0.5864089448004961,0.5999211489688605,0.012142776977270842
zero_attempt_supplement,qwen2,community_bipartition_construct,A,s-0b879fab44ede457b26b0238ac68c797,s-0b879fab44ede457b26b0238ac68c797,True,,complete,False,0.0,0.21550094517958412,,10,10,0,10,,,,10,0,0,0,0.002655868651345372,0.6131675061769783,0.6258981588762254,0.015338188968598843
zero_attempt_supplement,qwen2,community_bipartition_construct,A,s-137c103bc1781312d024170443108089,s-137c103bc1781312d024170443108089,True,,complete,False,0.0,0.419921875,,11,11,0,11,,,,11,0,0,0,0.003261379897594452,0.7401051961351186,0.7564093060791492,0.01528655388392508
zero_attempt_supplement,qwen2,community_bipartition_construct,A,s-2370ace159e27c39576743382957ccae,s-2370ace159e27c39576743382957ccae,True,,complete,False,0.0,0.3165680473372781,,8,8,0,8,,,,8,0,0,0,0.0020463531836867332,0.5239135602023453,0.5348876698408276,0.010006604017689824
zero_attempt_supplement,qwen2,community_bipartition_construct,A,s-282332a557e7eee0a8a77de6446d5c94,s-282332a557e7eee0a8a77de6446d5c94,True,,complete,False,0.0,0.2770083102493075,,8,8,0,8,,,,8,0,0,0,0.0019319688435643911,0.5062824110500515,0.5164954219944775,0.011467237956821918
zero_attempt_supplement,qwen2,community_bipartition_construct,A,s-2e758f9fe02084c5cf14bfae08eb34c1,s-2e758f9fe02084c5cf14bfae08eb34c1,True,,complete,False,-0.047337278106508875,0.5207100591715976,,11,11,0,11,,,,11,0,0,0,0.0030789540614932775,0.6776796251069754,0.6929441879037768,0.014130310155451298
zero_attempt_supplement,qwen2,community_bipartition_construct,A,s-3b28c938ddcef434c793080d1248a9fc,s-3b28c938ddcef434c793080d1248a9fc,True,,complete,False,0.0,0.435546875,,9,9,0,9,,,,9,0,0,0,0.0025073853321373463,0.6047355392947793,0.6180528898257762,0.012162008788436651
zero_attempt_supplement,qwen2,community_bipartition_construct,A,s-44a4d071e06851bcc4d0dcaad3e60b37,s-44a4d071e06851bcc4d0dcaad3e60b37,True,,complete,False,0.0,0.3,,11,11,0,11,,,,11,0,0,0,0.0034968969412148,0.6480495152063668,0.6647360208444297,0.016357067972421646
zero_attempt_supplement,qwen2,community_bipartition_construct,A,s-4a7eaac9cef0ee5cb55673dd74b84d26,s-4a7eaac9cef0ee5cb55673dd74b84d26,True,,complete,False,0.0,0.3181818181818182,,11,11,0,11,,,,11,0,0,0,0.0031635286286473274,0.6900877235457301,0.7060146108269691,0.01723654195666313
zero_attempt_supplement,qwen2,community_bipartition_construct,A,s-580374321117891f36a4ea3783abaf8f,s-580374321117891f36a4ea3783abaf8f,True,,complete,False,0.0,0.08,,7,7,0,7,,,,7,0,0,0,0.001967000775039196,0.4918265910819173,0.5024453438818455,0.009255280951038003
zero_attempt_supplement,qwen2,community_bipartition_construct,A,s-5a5f784985bdb253f1405d3d4e3d4693,s-5a5f784985bdb253f1405d3d4e3d4693,True,,complete,False,0.0,0.27218934911242604,,8,8,0,8,,,,8,0,0,0,0.002094798255711794,0.527485232334584,0.538802384166047,0.009995486121624708
zero_attempt_supplement,qwen2,community_bipartition_construct,A,s-5a9d2c21115f44bd17027bbd5b08e36c,s-5a9d2c21115f44bd17027bbd5b08e36c,True,,complete,False,-0.026627218934911243,0.3461538461538462,,9,9,0,9,,,,9,0,0,0,0.0021643906366080046,0.5832860863301903,0.5941141848452389,0.0114151940215379
zero_attempt_supplement,qwen2,community_bipartition_construct,A,s-64e07bd222aa47e9b45d3c1c162449c5,s-64e07bd222aa47e9b45d3c1c162449c5,True,,complete,False,0.07908163265306123,0.2780612244897959,,9,9,0,9,,,,9,0,0,0,0.0023429440334439278,0.5185593136120588,0.5302056949585676,0.011662842007353902
zero_attempt_supplement,qwen2,community_bipartition_construct,A,s-672d018e6478f8eedd90d9eefb805ef7,s-672d018e6478f8eedd90d9eefb805ef7,True,,complete,False,0.0,0.13541666666666666,,10,10,0,10,,,,10,0,0,0,0.0032649110071361065,0.6264473225455731,0.6411926569417119,0.01601429609581828
zero_attempt_supplement,qwen2,community_bipartition_construct,A,s-6a7165faf2507301e0ffe49b41df16c9,s-6a7165faf2507301e0ffe49b41df16c9,True,,complete,False,0.0,0.16666666666666666,,8,8,0,8,,,,8,0,0,0,0.0017626190092414618,0.5240216839592904,0.5342489490285516,0.010478760115802288
zero_attempt_supplement,qwen2,community_bipartition_construct,A,s-6ed829cbd823f1c8985f12bf494ae8b8,s-6ed829cbd823f1c8985f12bf494ae8b8,True,,complete,False,0.0,0.23405612244897958,,11,11,0,11,,,,11,0,0,0,0.0033698033075779676,0.7669468598905951,0.7818329930305481,0.018601925810799003
zero_attempt_supplement,qwen2,community_bipartition_construct,A,s-7b4064e0cb3ad0f1c850996086f67aa6,s-7b4064e0cb3ad0f1c850996086f67aa6,True,,complete,False,0.0,0.36678200692041524,,8,8,0,8,,,,8,0,0,0,0.0018980491440743208,0.5464717410504818,0.5570352119393647,0.010926526971161366
zero_attempt_supplement,qwen2,community_bipartition_construct,A,s-8558d8afb80e09b53cc729bddfd06079,s-8558d8afb80e09b53cc729bddfd06079,True,,complete,False,0.0,0.28316326530612246,,9,9,0,9,,,,9,0,0,0,0.0025194119662046432,0.573302143951878,0.5860684481449425,0.011661945842206478
zero_attempt_supplement,qwen2,community_bipartition_construct,A,s-875a5d74e52c91fc3d7a86e12cc3b001,s-875a5d74e52c91fc3d7a86e12cc3b001,True,,complete,False,0.0,0.1725206611570248,,10,10,0,10,,,,10,0,0,0,0.003638323862105608,0.593091964488849,0.6104587300214916,0.007002405123785138
zero_attempt_supplement,qwen2,community_bipartition_construct,A,s-962dbe718ef1f0afdb50669b6c2b27f6,s-962dbe718ef1f0afdb50669b6c2b27f6,True,,complete,False,0.0,0.25,,7,7,0,7,,,,7,0,0,0,0.0016053100116550922,0.47590217227116227,0.4850078399758786,0.008075141813606024
zero_attempt_supplement,qwen2,community_bipartition_construct,A,s-a0c142e2222a74bcbe02d60e4522940a,s-a0c142e2222a74bcbe02d60e4522940a,True,,complete,False,0.0,0.46875,,7,7,0,7,,,,7,0,0,0,0.0016202221158891916,0.44458576780743897,0.4537693278398365,0.007790195057168603
zero_attempt_supplement,qwen2,community_bipartition_construct,A,s-c0ac6ceaf021c85cb22cb9fa77427c68,s-c0ac6ceaf021c85cb22cb9fa77427c68,True,,complete,False,-0.015570934256055362,0.21453287197231832,,9,9,0,9,,,,9,0,0,0,0.0025329606141895056,0.5404312470927835,0.5538792840670794,0.012355460086837411
zero_attempt_supplement,qwen2,community_bipartition_construct,A,s-c5dcb1e5aca367c2fd64bad585c3dfb1,s-c5dcb1e5aca367c2fd64bad585c3dfb1,True,,complete,False,0.0,0.20118343195266272,,7,7,0,7,,,,7,0,0,0,0.001955999992787838,0.4338045287877321,0.44425235013477504,0.009262001840397716
zero_attempt_supplement,qwen2,community_bipartition_construct,A,s-c62fbfb81d1742c312634637fbb6e6f1,s-c62fbfb81d1742c312634637fbb6e6f1,True,,complete,False,0.0,0.1912,,11,11,0,11,,,,11,0,0,0,0.003798586083576083,0.6718151052482426,0.6891150490846485,0.01802837196737528
zero_attempt_supplement,qwen2,community_bipartition_construct,A,s-d422a0ecd9ea4757425df1a6a837dffb,s-d422a0ecd9ea4757425df1a6a837dffb,True,,complete,False,-0.04986149584487535,0.2867036011080332,,9,9,0,9,,,,9,0,0,0,0.00231814943253994,0.6493966567795724,0.6619572138879448,0.012893507024273276
zero_attempt_supplement,qwen2,community_bipartition_construct,A,s-dc67c302b75141992c0a979961070d8a,s-dc67c302b75141992c0a979961070d8a,True,,complete,False,0.0,0.2716049382716049,,7,7,0,7,,,,7,0,0,0,0.0015900211874395609,0.40989228896796703,0.41923430701717734,0.007911609951406717
zero_attempt_supplement,qwen2,community_bipartition_construct,A,s-e09a139815703541e7def0bbb1f846ee,s-e09a139815703541e7def0bbb1f846ee,True,,complete,False,0.0,0.19834183673469388,,11,11,0,11,,,,11,0,0,0,0.00349043938331306,0.6334804676007479,0.6494202809408307,0.018474471988156438
zero_attempt_supplement,qwen2,community_bipartition_construct,A,s-ed19747f378879105ed02cfb68c144d4,s-ed19747f378879105ed02cfb68c144d4,True,,complete,False,-0.02392578125,0.1328125,,10,10,0,10,,,,10,0,0,0,0.002648856956511736,0.598378841066733,0.612520330119878,0.018189592054113746
zero_attempt_supplement,qwen2,community_bipartition_construct,A,s-fd98b82be1b39efd3011d322c365b0b2,s-fd98b82be1b39efd3011d322c365b0b2,True,,complete,False,0.0,0.29012345679012347,,7,7,0,7,,,,7,0,0,0,0.0015317739453166723,0.4450843259692192,0.4537239260971546,0.007890128996223211
zero_attempt_supplement,qwen2,community_bipartition_construct,B,s-0b879fab44ede457b26b0238ac68c797,s-0b879fab44ede457b26b0238ac68c797,True,,complete,False,0.16257088846880907,0.05293005671077505,,6,6,4,6,,,,6,0,0,0,0.0038761154282838106,0.6231607049703598,0.6358144930563867,0.011861047009006143
zero_attempt_supplement,qwen2,community_bipartition_construct,B,s-1eacf0b01f046a2a83bf692b8ced114b,s-1eacf0b01f046a2a83bf692b8ced114b,True,,complete,False,0.2437641723356009,0.06916099773242632,,7,7,4,7,,,,7,0,0,0,0.005217608297243714,0.677197698969394,0.6951446258462965,0.01775674009695649
zero_attempt_supplement,qwen2,community_bipartition_construct,B,s-2370ace159e27c39576743382957ccae,s-2370ace159e27c39576743382957ccae,True,,complete,False,0.07988165680473373,0.23668639053254437,,6,6,2,6,,,,6,0,0,0,0.003537776181474328,0.5881066711153835,0.600821539061144,0.01272872812114656
zero_attempt_supplement,qwen2,community_bipartition_construct,B,s-282332a557e7eee0a8a77de6446d5c94,s-282332a557e7eee0a8a77de6446d5c94,True,,complete,False,0.01662049861495845,0.26038781163434904,,5,5,3,5,,,,5,0,0,0,0.0028161832597106695,0.5491741623263806,0.5597945728804916,0.012697552097961307
zero_attempt_supplement,qwen2,community_bipartition_construct,B,s-2e758f9fe02084c5cf14bfae08eb34c1,s-2e758f9fe02084c5cf14bfae08eb34c1,True,,complete,False,0.27218934911242604,0.2011834319526627,,6,6,5,6,,,,6,0,0,0,0.004591974895447493,0.6181495271157473,0.6330022071488202,0.013818380190059543
zero_attempt_supplement,qwen2,community_bipartition_construct,B,s-44a4d071e06851bcc4d0dcaad3e60b37,s-44a4d071e06851bcc4d0dcaad3e60b37,True,,complete,False,0.195,0.10499999999999998,,6,6,5,6,,,,6,0,0,0,0.004896943690255284,0.5935022602789104,0.6085305628366768,0.01543856505304575
zero_attempt_supplement,qwen2,community_bipartition_construct,B,s-4a7eaac9cef0ee5cb55673dd74b84d26,s-4a7eaac9cef0ee5cb55673dd74b84d26,True,,complete,False,0.1725206611570248,0.14566115702479338,,5,5,6,5,,,,5,0,0,0,0.005000938195735216,0.48795218020677567,0.5031125480309129,0.014152609976008534
zero_attempt_supplement,qwen2,community_bipartition_construct,B,s-580374321117891f36a4ea3783abaf8f,s-580374321117891f36a4ea3783abaf8f,True,,complete,False,0.024444444444444446,0.05555555555555555,,5,5,2,5,,,,5,0,0,0,0.002926546148955822,0.5002153411041945,0.5105974939651787,0.010921297129243612
zero_attempt_supplement,qwen2,community_bipartition_construct,B,s-5a5f784985bdb253f1405d3d4e3d4693,s-5a5f784985bdb253f1405d3d4e3d4693,True,,complete,False,0.10650887573964497,0.16568047337278108,,6,6,2,6,,,,6,0,0,0,0.003400870133191347,0.5792221527080983,0.5920240378472954,0.012472073081880808
zero_attempt_supplement,qwen2,community_bipartition_construct,B,s-6ea0fc250c85b6cc2a755a33adfa1ef2,s-6ea0fc250c85b6cc2a755a33adfa1ef2,True,,complete,False,0.36419753086419754,0.0,,2,2,5,2,,,,2,0,0,0,0.0009489643853157759,0.19273425894789398,0.19724416406825185,0.005185640882700682
zero_attempt_supplement,qwen2,community_bipartition_construct,B,s-777e74ef803c3322105ed2446ea50576,s-777e74ef803c3322105ed2446ea50576,True,,complete,False,0.09515570934256055,0.08477508650519032,,5,5,3,5,,,,5,0,0,0,0.0034269983880221844,0.5084812780842185,0.5201992681249976,0.011928952997550368
zero_attempt_supplement,qwen2,community_bipartition_construct,B,s-7b4064e0cb3ad0f1c850996086f67aa6,s-7b4064e0cb3ad0f1c850996086f67aa6,True,,complete,False,0.20588235294117646,0.16089965397923878,,2,2,6,2,,,,2,0,0,0,0.0023343870416283607,0.19357722089625895,0.20055172801949084,0.006374511867761612
zero_attempt_supplement,qwen2,community_bipartition_construct,B,s-875a5d74e52c91fc3d7a86e12cc3b001,s-875a5d74e52c91fc3d7a86e12cc3b001,True,,complete,False,0.07024793388429752,0.10227272727272728,,8,8,2,8,,,,8,0,0,0,0.0045451654586941,0.781097300350666,0.7969772811047733,0.01930216490291059
zero_attempt_supplement,qwen2,community_bipartition_construct,B,s-962dbe718ef1f0afdb50669b6c2b27f6,s-962dbe718ef1f0afdb50669b6c2b27f6,True,,complete,False,0.1171875,0.1328125,,2,2,5,2,,,,2,0,0,0,0.002153384732082486,0.21028576511889696,0.2175501890014857,0.002495703985914588
zero_attempt_supplement,qwen2,community_bipartition_construct,B,s-ba70c26531cfdb81df60659235df7a01,s-ba70c26531cfdb81df60659235df7a01,True,,complete,False,0.0,0.2345679012345679,,8,8,0,8,,,,8,0,0,0,0.004353611031547189,0.7806921387091279,0.7981666731648147,0.017481154995039105
zero_attempt_supplement,qwen2,community_bipartition_construct,B,s-c5dcb1e5aca367c2fd64bad585c3dfb1,s-c5dcb1e5aca367c2fd64bad585c3dfb1,True,,complete,False,0.20118343195266272,0.0,,4,4,3,4,,,,4,0,0,0,0.002694428898394108,0.3895673742517829,0.39919137698598206,0.009163773152977228
zero_attempt_supplement,qwen2,community_bipartition_construct,B,s-cb3fefaaf4dbcb9c613c8bf7ce784a5e,s-cb3fefaaf4dbcb9c613c8bf7ce784a5e,True,,complete,False,-0.0022222222222222222,0.3488888888888889,,5,5,4,5,,,,5,0,0,0,0.003992169862613082,0.5082026866730303,0.5214320828672498,0.012143326923251152
zero_attempt_supplement,qwen2,community_bipartition_construct,B,s-dc67c302b75141992c0a979961070d8a,s-dc67c302b75141992c0a979961070d8a,True,,complete,False,0.1419753086419753,0.12962962962962962,,6,6,1,6,,,,6,0,0,0,0.003011260414496064,0.5813227517064661,0.5926098572090268,0.011531371157616377
zero_attempt_supplement,qwen2,community_bipartition_construct,B,s-e09a139815703541e7def0bbb1f846ee,s-e09a139815703541e7def0bbb1f846ee,True,,complete,False,0.030612244897959183,0.1677295918367347,,10,10,1,10,,,,10,0,0,0,0.006426851963624358,0.9632292201276869,0.9857552989851683,0.025638310005888343
zero_attempt_supplement,qwen2,community_bipartition_construct,B,s-ed19747f378879105ed02cfb68c144d4,s-ed19747f378879105ed02cfb68c144d4,True,,complete,False,0.044921875,0.06396484375,,6,6,4,6,,,,6,0,0,0,0.004863374633714557,0.5885551418177783,0.6036290640477091,0.017766951117664576
zero_attempt_supplement,qwen2,community_bipartition_construct,C,s-0b879fab44ede457b26b0238ac68c797,s-0b879fab44ede457b26b0238ac68c797,True,,complete,False,0.16257088846880907,0.05293005671077505,,6,6,4,6,,,,6,0,0,0,0.004867744166404009,0.6077565499581397,0.6248011998832226,0.018554911017417908
zero_attempt_supplement,qwen2,community_bipartition_construct,C,s-137c103bc1781312d024170443108089,s-137c103bc1781312d024170443108089,True,,complete,False,0.3046875,0.115234375,,8,8,3,8,,,,8,0,0,0,0.005024446174502373,0.8680928547400981,0.8863487369380891,0.021930336952209473
zero_attempt_supplement,qwen2,community_bipartition_construct,C,s-2370ace159e27c39576743382957ccae,s-2370ace159e27c39576743382957ccae,True,,complete,False,0.11538461538461539,0.20118343195266272,,4,4,4,4,,,,4,0,0,0,0.0023380406200885773,0.4469706011004746,0.4564445689320564,0.011265914887189865
zero_attempt_supplement,qwen2,community_bipartition_construct,C,s-2e758f9fe02084c5cf14bfae08eb34c1,s-2e758f9fe02084c5cf14bfae08eb34c1,True,,complete,False,0.27218934911242604,0.2011834319526627,,6,6,5,6,,,,6,0,0,0,0.004765191115438938,0.5794691243208945,0.5969493919983506,0.01773892412893474
zero_attempt_supplement,qwen2,community_bipartition_construct,C,s-2f7a434f40b3b2a82802b49cd7a04eb8,s-2f7a434f40b3b2a82802b49cd7a04eb8,True,,complete,False,0.257396449704142,0.011834319526627224,,1,1,7,1,,,,1,0,0,0,0.0024394476786255836,0.099651332013309,0.10674828919582069,0.0047208708710968494
zero_attempt_supplement,qwen2,community_bipartition_construct,C,s-3b28c938ddcef434c793080d1248a9fc,s-3b28c938ddcef434c793080d1248a9fc,True,,complete,False,0.1796875,0.255859375,,6,6,3,6,,,,6,0,0,0,0.004426992265507579,0.5975891503039747,0.6135727760847658,0.01657471084035933
zero_attempt_supplement,qwen2,community_bipartition_construct,C,s-4a7eaac9cef0ee5cb55673dd74b84d26,s-4a7eaac9cef0ee5cb55673dd74b84d26,True,,complete,False,0.2634297520661157,0.05475206611570249,,5,5,6,5,,,,5,0,0,0,0.005059879506006837,0.5047468151897192,0.5204486441798508,0.02070187497884035
zero_attempt_supplement,qwen2,community_bipartition_construct,C,s-57fbe4c977c46813024a77f835045f9e,s-57fbe4c977c46813024a77f835045f9e,True,,complete,False,0.30357142857142855,0.0,,6,6,4,6,,,,6,0,0,0,0.005276962881907821,0.6331515721976757,0.6504585121292621,0.019643727922812104
zero_attempt_supplement,qwen2,community_bipartition_construct,C,s-580374321117891f36a4ea3783abaf8f,s-580374321117891f36a4ea3783abaf8f,True,,complete,False,0.024444444444444446,0.05555555555555555,,5,5,2,5,,,,5,0,0,0,0.002439999720081687,0.5503869177773595,0.5610396731644869,0.013121779076755047
zero_attempt_supplement,qwen2,community_bipartition_construct,C,s-5a5f784985bdb253f1405d3d4e3d4693,s-5a5f784985bdb253f1405d3d4e3d4693,True,,complete,False,0.06804733727810651,0.20414201183431951,,5,5,3,5,,,,5,0,0,0,0.0033703132066875696,0.4970951792784035,0.5098507129587233,0.013532403856515884
zero_attempt_supplement,qwen2,community_bipartition_construct,C,s-64e07bd222aa47e9b45d3c1c162449c5,s-64e07bd222aa47e9b45d3c1c162449c5,True,,complete,False,0.12244897959183673,0.23469387755102042,,5,5,4,5,,,,5,0,0,0,0.003761145519092679,0.4929908341728151,0.5067820670083165,0.01396611682139337
zero_attempt_supplement,qwen2,community_bipartition_construct,C,s-6a7165faf2507301e0ffe49b41df16c9,s-6a7165faf2507301e0ffe49b41df16c9,True,,complete,False,0.16666666666666666,0.0,,2,2,6,2,,,,2,0,0,0,0.0016710059717297554,0.23940308578312397,0.24511108407750726,0.003147687064483762
zero_attempt_supplement,qwen2,community_bipartition_construct,C,s-6c1414599913552df0302c6bab2c8c31,s-6c1414599913552df0302c6bab2c8c31,True,,complete,False,0.20408163265306123,0.10430839002267572,,5,5,5,5,,,,5,0,0,0,0.004714960465207696,0.48396453890018165,0.4991648441646248,0.01562132709659636
zero_attempt_supplement,qwen2,community_bipartition_construct,C,s-6ed829cbd823f1c8985f12bf494ae8b8,s-6ed829cbd823f1c8985f12bf494ae8b8,True,,complete,False,0.017857142857142856,0.21619897959183673,,9,9,2,9,,,,9,0,0,0,0.0059126513078808784,0.9463585780467838,0.9676837108563632,0.027779635041952133
zero_attempt_supplement,qwen2,community_bipartition_construct,C,s-777e74ef803c3322105ed2446ea50576,s-777e74ef803c3322105ed2446ea50576,True,,complete,False,0.06055363321799308,0.1193771626297578,,6,6,2,6,,,,6,0,0,0,0.0036561416927725077,0.5991118287201971,0.6134661140386015,0.007458049105480313
zero_attempt_supplement,qwen2,community_bipartition_construct,C,s-962dbe718ef1f0afdb50669b6c2b27f6,s-962dbe718ef1f0afdb50669b6c2b27f6,True,,complete,False,0.0546875,0.1953125,,5,5,2,5,,,,5,0,0,0,0.0028078602626919746,0.5040463355835527,0.5157213190104812,0.012130993884056807
zero_attempt_supplement,qwen2,community_bipartition_construct,C,s-a0c142e2222a74bcbe02d60e4522940a,s-a0c142e2222a74bcbe02d60e4522940a,True,,complete,False,0.3671875,0.1015625,,2,2,5,2,,,,2,0,0,0,0.0010200359392911196,0.2052147858776152,0.2093895620200783,0.002879571868106723
zero_attempt_supplement,qwen2,community_bipartition_construct,C,s-ba70c26531cfdb81df60659235df7a01,s-ba70c26531cfdb81df60659235df7a01,True,,complete,False,0.0,0.2345679012345679,,8,8,0,8,,,,8,0,0,0,0.004361239494755864,0.7859475095756352,0.8033413181547076,0.020902926102280617
zero_attempt_supplement,qwen2,community_bipartition_construct,C,s-c0ac6ceaf021c85cb22cb9fa77427c68,s-c0ac6ceaf021c85cb22cb9fa77427c68,True,,complete,False,0.09515570934256055,0.10380622837370242,,6,6,3,6,,,,6,0,0,0,0.004282138776034117,0.6164248087443411,0.6323583929333836,0.016709412913769484
zero_attempt_supplement,qwen2,community_bipartition_construct,C,s-c62fbfb81d1742c312634637fbb6e6f1,s-c62fbfb81d1742c312634637fbb6e6f1,True,,complete,False,0.0312,0.16,,7,7,4,7,,,,7,0,0,0,0.0028696609660983086,0.6857668843585998,0.6971425891388208,0.009993029991164804
zero_attempt_supplement,qwen2,community_bipartition_construct,C,s-cb3fefaaf4dbcb9c613c8bf7ce784a5e,s-cb3fefaaf4dbcb9c613c8bf7ce784a5e,True,,complete,False,0.024444444444444446,0.32222222222222224,,4,4,5,4,,,,4,0,0,0,0.003674832172691822,0.39858440309762955,0.4108983539044857,0.012271231971681118
zero_attempt_supplement,qwen2,community_bipartition_construct,C,s-d422a0ecd9ea4757425df1a6a837dffb,s-d422a0ecd9ea4757425df1a6a837dffb,True,,complete,False,0.18698060941828254,0.04986149584487534,,4,4,5,4,,,,4,0,0,0,0.0037746860180050135,0.40798771916888654,0.42063940898515284,0.012571779079735279
zero_attempt_supplement,qwen2,community_bipartition_construct,C,s-d5a82684939b0f34ac08e76edc501e66,s-d5a82684939b0f34ac08e76edc501e66,True,,complete,False,0.20833333333333334,0.0,,3,3,4,3,,,,3,0,0,0,0.0014014879707247019,0.311867545126006,0.31861625192686915,0.00863357912749052
zero_attempt_supplement,qwen2,community_bipartition_construct,C,s-dc67c302b75141992c0a979961070d8a,s-dc67c302b75141992c0a979961070d8a,True,,complete,False,0.06790123456790123,0.2037037037037037,,5,5,2,5,,,,5,0,0,0,0.0028394281398504972,0.4976410970557481,0.5093580048996955,0.012511651031672955
zero_attempt_supplement,qwen2,community_bipartition_construct,C,s-ec4e8f37bb79713701c2632eac0872bd,s-ec4e8f37bb79713701c2632eac0872bd,True,,complete,False,0.17777777777777778,0.1222222222222222,,5,5,4,5,,,,5,0,0,0,0.003880095900967717,0.5089498078450561,0.5223523790482432,0.014291696017608047
zero_attempt_supplement,qwen2,community_bipartition_construct,C,s-fd98b82be1b39efd3011d322c365b0b2,s-fd98b82be1b39efd3011d322c365b0b2,True,,complete,False,0.16666666666666666,0.12345679012345681,,2,2,5,2,,,,2,0,0,0,0.002232958097010851,0.20014287787489593,0.20812816987745464,0.006158255971968174
zero_attempt_supplement,qwen2,lt_influence_construct,A,s-0c19c9896a834361f0ed07f36bb42a79,s-0c19c9896a834361f0ed07f36bb42a79,True,,complete,False,5,1,,2,2,0,2,,,,2,0,0,0,0.00037558027543127537,0.21777615114115179,0.22062825318425894,0.004490422084927559
zero_attempt_supplement,qwen2,lt_influence_construct,A,s-0d168173692e33ff45deebb1c92340f7,s-0d168173692e33ff45deebb1c92340f7,True,,complete,False,3,2,,2,2,0,2,,,,2,0,0,0,0.0005889360327273607,0.20020674890838563,0.20424904115498066,0.007054066052660346
zero_attempt_supplement,qwen2,lt_influence_construct,A,s-0d5c95d5e88675188b67df13c7222275,s-0d5c95d5e88675188b67df13c7222275,True,,complete,False,2,4,,2,2,0,2,,,,2,0,0,0,0.0009748439770191908,0.21240958920679986,0.21725137205794454,0.00535357603803277
zero_attempt_supplement,qwen2,lt_influence_construct,A,s-2f2e472f16b3987be03c0890d806ca40,s-2f2e472f16b3987be03c0890d806ca40,True,,complete,False,2,7,,2,2,0,2,,,,2,0,0,0,0.0007912421133369207,0.28320682188495994,0.28764225309714675,0.009305407060310245
zero_attempt_supplement,qwen2,lt_influence_construct,A,s-4bd3e3488d96d1af5c88a6a8f2cef94f,s-4bd3e3488d96d1af5c88a6a8f2cef94f,True,,complete,False,5,4,,2,2,0,2,,,,2,0,0,0,0.0010931098368018866,0.20066869328729808,0.20618544495664537,0.006177261006087065
zero_attempt_supplement,qwen2,lt_influence_construct,A,s-55d7c34866e4b0aef1248758feffdeb7,s-55d7c34866e4b0aef1248758feffdeb7,True,,complete,False,2,9,,2,2,0,2,,,,2,0,0,0,0.001666820840910077,0.17301591392606497,0.17952627106569707,0.008714835159480572
zero_attempt_supplement,qwen2,lt_influence_construct,A,s-6f4701c7c6d9dc535ef039ceca66d005,s-6f4701c7c6d9dc535ef039ceca66d005,True,,complete,False,6,3,,2,2,0,2,,,,2,0,0,0,0.0006854303646832705,0.2129680069629103,0.21705417311750352,0.00835852394811809
zero_attempt_supplement,qwen2,lt_influence_construct,A,s-6f79f998d5e422ee7ca0545975f6c9bb,s-6f79f998d5e422ee7ca0545975f6c9bb,True,,complete,False,2,6,,2,2,0,2,,,,2,0,0,0,0.0012514549307525158,0.15874741994775832,0.16452807979658246,0.0067147258669137955
zero_attempt_supplement,qwen2,lt_influence_construct,A,s-6fca7dd364a46e9d60f169bca70278ac,s-6fca7dd364a46e9d60f169bca70278ac,True,,complete,False,2,8,,2,2,0,2,,,,2,0,0,0,0.0014685308560729027,0.17417614813894033,0.18059157603420317,0.008121505146846175
zero_attempt_supplement,qwen2,lt_influence_construct,A,s-7c25907db44e977cd1725dd27587d14c,s-7c25907db44e977cd1725dd27587d14c,True,,complete,False,3,8,,2,2,0,2,,,,2,0,0,0,0.0016948319971561432,0.25015719910152256,0.25738098891451955,0.01009681704454124
zero_attempt_supplement,qwen2,lt_influence_construct,A,s-8374c80b70d9deff23730db881d47a34,s-8374c80b70d9deff23730db881d47a34,True,,complete,False,6,2,,2,2,0,2,,,,2,0,0,0,0.001331905834376812,0.22464049723930657,0.23039133613929152,0.006369167007505894
zero_attempt_supplement,qwen2,lt_influence_construct,A,s-89267de22c9ad4abded5bb78bce70b2a,s-89267de22c9ad4abded5bb78bce70b2a,True,,complete,False,3,0,,2,2,0,2,,,,2,0,0,0,0.0008355309255421162,0.11809578514657915,0.12273092404939234,0.004174317000433803
zero_attempt_supplement,qwen2,lt_influence_construct,A,s-8be15b9e8281a7cc1ad9430b7ea66951,s-8be15b9e8281a7cc1ad9430b7ea66951,True,,complete,False,2,5,,2,2,0,2,,,,2,0,0,0,0.0006603091023862362,0.2517475669737905,0.2556675770319998,0.0068631579633802176
zero_attempt_supplement,qwen2,lt_influence_construct,A,s-95c3b9b4137157429b2ff865d081f06c,s-95c3b9b4137157429b2ff865d081f06c,True,,complete,False,3,2,,2,2,0,2,,,,2,0,0,0,0.0007989900186657906,0.1508152459282428,0.15537269203923643,0.0040211419109255075
zero_attempt_supplement,qwen2,lt_influence_construct,A,s-96099035924f6512e2e23fff89d527a1,s-96099035924f6512e2e23fff89d527a1,True,,complete,False,8,2,,2,2,0,2,,,,2,0,0,0,0.0007428179960697889,0.16171360900625587,0.1653576991520822,0.004052920965477824
zero_attempt_supplement,qwen2,lt_influence_construct,A,s-99a885cd159a3ad00a186a66ab9d449e,s-99a885cd159a3ad00a186a66ab9d449e,True,,complete,False,2,3,,2,2,0,2,,,,2,0,0,0,0.0014689960516989231,0.19870356284081936,0.20546042313799262,0.008215616224333644
zero_attempt_supplement,qwen2,lt_influence_construct,A,s-b24a9d04fc3cb1ef8f0fb949b5010e07,s-b24a9d04fc3cb1ef8f0fb949b5010e07,True,,complete,False,3,5,,2,2,0,2,,,,2,0,0,0,0.0010489458218216896,0.21566445101052523,0.2209133340511471,0.00566490413621068
zero_attempt_supplement,qwen2,lt_influence_construct,A,s-b7fe53dd1f3bbcbeda0fe0b895ce5fe6,s-b7fe53dd1f3bbcbeda0fe0b895ce5fe6,True,,complete,False,3,6,,2,2,0,2,,,,2,0,0,0,0.0011343599762767553,0.22900179820135236,0.2346766849514097,0.005798771046102047
zero_attempt_supplement,qwen2,lt_influence_construct,A,s-baeeeeca8e686d61f82984aa5ca479d2,s-baeeeeca8e686d61f82984aa5ca479d2,True,,complete,False,5,3,,2,2,0,2,,,,2,0,0,0,0.001244580838829279,0.1750720429699868,0.1810162120964378,0.007182632107287645
zero_attempt_supplement,qwen2,lt_influence_construct,A,s-bc521abbb0721dd677ad6ddf766d7d0a,s-bc521abbb0721dd677ad6ddf766d7d0a,True,,complete,False,2,6,,2,2,0,2,,,,2,0,0,0,0.0011462490074336529,0.15621276199817657,0.161939067998901,0.006466544000431895
zero_attempt_supplement,qwen2,lt_influence_construct,A,s-c51363b1903c0998284acea41dcd6c3d,s-c51363b1903c0998284acea41dcd6c3d,True,,complete,False,9,2,,2,2,0,2,,,,2,0,0,0,0.0018211149144917727,0.26797871803864837,0.27568025002256036,0.010426200926303864
zero_attempt_supplement,qwen2,lt_influence_construct,A,s-c52b6f472cd8068af02d728d86371a3d,s-c52b6f472cd8068af02d728d86371a3d,True,,complete,False,3,8,,2,2,0,2,,,,2,0,0,0,0.0018693420570343733,0.24907947005704045,0.25667653093114495,0.010570992017164826
zero_attempt_supplement,qwen2,lt_influence_construct,A,s-c8cb057d96aab5ae8af994b857222ba8,s-c8cb057d96aab5ae8af994b857222ba8,True,,complete,False,5,2,,2,2,0,2,,,,2,0,0,0,0.0004877850878983736,0.19824192998930812,0.20173479593358934,0.005583610152825713
zero_attempt_supplement,qwen2,lt_influence_construct,A,s-d86d431f5432821b9ea0d2ad60ce6592,s-d86d431f5432821b9ea0d2ad60ce6592,True,,complete,False,3,7,,2,2,0,2,,,,2,0,0,0,0.0006754358764737844,0.1657137789297849,0.16952534392476082,0.007744204020127654
zero_attempt_supplement,qwen2,lt_influence_construct,A,s-de39fc18cde5e68a2ab647c38349a15c,s-de39fc18cde5e68a2ab647c38349a15c,True,,complete,False,3,7,,2,2,0,2,,,,2,0,0,0,0.0013458568137139082,0.159497951855883,0.1657587350346148,0.007517918013036251
zero_attempt_supplement,qwen2,lt_influence_construct,A,s-dfc32e25dffc44bbdca4e55ebd7837b6,s-dfc32e25dffc44bbdca4e55ebd7837b6,True,,complete,False,2,7,,2,2,0,2,,,,2,0,0,0,0.0013816480059176683,0.1637744908221066,0.16973688500002027,0.007462856126949191
zero_attempt_supplement,qwen2,lt_influence_construct,A,s-e824420817f2e8ef01f0ef0d6da9818c,s-e824420817f2e8ef01f0ef0d6da9818c,True,,complete,False,4,1,,2,2,0,2,,,,2,0,0,0,0.0015094380360096693,0.2060948689468205,0.21258140308782458,0.006336910184472799
zero_attempt_supplement,qwen2,lt_influence_construct,A,s-eb42919b66e71591e4fdf0d0de15da05,s-eb42919b66e71591e4fdf0d0de15da05,True,,complete,False,6,6,,2,2,0,2,,,,2,0,0,0,0.0008837049826979637,0.17402101401239634,0.17859179014340043,0.011360513046383858
zero_attempt_supplement,qwen2,lt_influence_construct,A,s-f598d67d4dcb975f1efc341f558cf30a,s-f598d67d4dcb975f1efc341f558cf30a,True,,complete,False,2,4,,2,2,0,2,,,,2,0,0,0,0.0005294838920235634,0.1917788211721927,0.19488075794652104,0.0026922868564724922
zero_attempt_supplement,qwen2,lt_influence_construct,A,s-fd50b98c0c2395d7c73cd64d17cab327,s-fd50b98c0c2395d7c73cd64d17cab327,True,,complete,False,2,2,,2,2,0,2,,,,2,0,0,0,0.0013270277995616198,0.1862106118351221,0.19222474796697497,0.007821907056495547
zero_attempt_supplement,qwen2,lt_influence_construct,A,s-fd89e56287fd2341e0bc398cba0a0b47,s-fd89e56287fd2341e0bc398cba0a0b47,True,,complete,False,5,3,,2,2,0,2,,,,2,0,0,0,0.0011047169100493193,0.19419835112057626,0.19960849615745246,0.00619593495503068
zero_attempt_supplement,qwen2,lt_influence_construct,B,s-0c19c9896a834361f0ed07f36bb42a79,s-0c19c9896a834361f0ed07f36bb42a79,True,,complete,False,6,0,,0,0,2,0,,,,0,0,0,0,0.0008925641886889935,0.0,0.0028926189988851547,0.0013524680398404598
zero_attempt_supplement,qwen2,lt_influence_construct,B,s-0d168173692e33ff45deebb1c92340f7,s-0d168173692e33ff45deebb1c92340f7,True,,complete,False,3,2,,2,2,0,2,,,,2,0,0,0,0.0019423491321504116,0.27706022490747273,0.28368053096346557,0.008885222021490335
zero_attempt_supplement,qwen2,lt_influence_construct,B,s-0d5c95d5e88675188b67df13c7222275,s-0d5c95d5e88675188b67df13c7222275,True,,complete,False,6,0,,1,1,1,1,,,,1,0,0,0,0.001206815941259265,0.09743840410374105,0.10163080086931586,0.004091594833880663
zero_attempt_supplement,qwen2,lt_influence_construct,B,s-0ea7fb01d262f1e8371bd6cbcbd2d025,s-0ea7fb01d262f1e8371bd6cbcbd2d025,True,,complete,False,6,0,,1,1,1,1,,,,1,0,0,0,0.0012161398772150278,0.10042670299299061,0.10495742713101208,0.003981899935752153
zero_attempt_supplement,qwen2,lt_influence_construct,B,s-2f2e472f16b3987be03c0890d806ca40,s-2f2e472f16b3987be03c0890d806ca40,True,,complete,False,9,0,,0,0,2,0,,,,0,0,0,0,0.0018467260524630547,0.0,0.004017391009256244,0.0027353588957339525
zero_attempt_supplement,qwen2,lt_influence_construct,B,s-4bd3e3488d96d1af5c88a6a8f2cef94f,s-4bd3e3488d96d1af5c88a6a8f2cef94f,True,,complete,False,9,0,,2,2,0,2,,,,2,0,0,0,0.001710002776235342,0.21505519608035684,0.22130081383511424,0.007528160931542516
zero_attempt_supplement,qwen2,lt_influence_construct,B,s-549c1054c9c329302a40dd8780686734,s-549c1054c9c329302a40dd8780686734,True,,complete,False,8,0,,1,1,1,1,,,,1,0,0,0,0.002033316995948553,0.09940776810981333,0.10516721685416996,0.006618801970034838
zero_attempt_supplement,qwen2,lt_influence_construct,B,s-55d7c34866e4b0aef1248758feffdeb7,s-55d7c34866e4b0aef1248758feffdeb7,True,,complete,False,10,1,,1,1,1,1,,,,1,0,0,0,0.0019301730208098888,0.12415934004820883,0.12960319011472166,0.006855018902570009
zero_attempt_supplement,qwen2,lt_influence_construct,B,s-6f4701c7c6d9dc535ef039ceca66d005,s-6f4701c7c6d9dc535ef039ceca66d005,True,,complete,False,9,0,,2,2,0,2,,,,2,0,0,0,0.0022293562069535255,0.2283820549491793,0.23554107500240207,0.010323191992938519
zero_attempt_supplement,qwen2,lt_influence_construct,B,s-6f79f998d5e422ee7ca0545975f6c9bb,s-6f79f998d5e422ee7ca0545975f6c9bb,True,,complete,False,8,0,,2,2,0,2,,,,2,0,0,0,0.0019296687096357346,0.26328819105401635,0.26986885513179004,0.00870879809372127
zero_attempt_supplement,qwen2,lt_influence_construct,B,s-6fca7dd364a46e9d60f169bca70278ac,s-6fca7dd364a46e9d60f169bca70278ac,True,,complete,False,8,2,,1,1,1,1,,,,1,0,0,0,0.0019263201393187046,0.09996934584341943,0.1052665610332042,0.006208928069099784
zero_attempt_supplement,qwen2,lt_influence_construct,B,s-7c25907db44e977cd1725dd27587d14c,s-7c25907db44e977cd1725dd27587d14c,True,,complete,False,11,0,,2,2,0,2,,,,2,0,0,0,0.0025982020888477564,0.2376496777869761,0.24604971008375287,0.012447084998711944
zero_attempt_supplement,qwen2,lt_influence_construct,B,s-8374c80b70d9deff23730db881d47a34,s-8374c80b70d9deff23730db881d47a34,True,,complete,False,6,2,,2,2,0,2,,,,2,0,0,0,0.0017556690145283937,0.2171040871180594,0.22283633705228567,0.0077345340978354216
zero_attempt_supplement,qwen2,lt_influence_construct,B,s-863fe811a193f3f8f23c4811dd0c96a4,s-863fe811a193f3f8f23c4811dd0c96a4,True,,complete,False,7,0,,1,1,1,1,,,,1,0,0,0,0.0006761089898645878,0.09141802811063826,0.094195825047791,0.0022411420941352844
zero_attempt_supplement,qwen2,lt_influence_construct,B,s-89267de22c9ad4abded5bb78bce70b2a,s-89267de22c9ad4abded5bb78bce70b2a,True,,complete,False,3,0,,2,2,0,2,,,,2,0,0,0,0.0013449941761791706,0.20320173515938222,0.2085507409647107,0.005331526044756174
zero_attempt_supplement,qwen2,lt_influence_construct,B,s-8be15b9e8281a7cc1ad9430b7ea66951,s-8be15b9e8281a7cc1ad9430b7ea66951,True,,complete,False,7,0,,1,1,1,1,,,,1,0,0,0,0.0016509057022631168,0.09798423596657813,0.10305468598380685,0.005182784050703049
zero_attempt_supplement,qwen2,lt_influence_construct,B,s-95c3b9b4137157429b2ff865d081f06c,s-95c3b9b4137157429b2ff865d081f06c,True,,complete,False,5,0,,1,1,1,1,,,,1,0,0,0,0.0005114630330353975,0.12683056411333382,0.12932656286284328,0.001638944959267974
zero_attempt_supplement,qwen2,lt_influence_construct,B,s-96099035924f6512e2e23fff89d527a1,s-96099035924f6512e2e23fff89d527a1,True,,complete,False,10,0,,1,1,1,1,,,,1,0,0,0,0.0018074861727654934,0.10021010809578001,0.10588187002576888,0.006598334992304444
zero_attempt_supplement,qwen2,lt_influence_construct,B,s-b24a9d04fc3cb1ef8f0fb949b5010e07,s-b24a9d04fc3cb1ef8f0fb949b5010e07,True,,complete,False,8,0,,1,1,1,1,,,,1,0,0,0,0.0014875468332320452,0.1014978748280555,0.10618479386903346,0.004458982963114977
zero_attempt_supplement,qwen2,lt_influence_construct,B,s-b7fe53dd1f3bbcbeda0fe0b895ce5fe6,s-b7fe53dd1f3bbcbeda0fe0b895ce5fe6,True,,complete,False,8,1,,1,1,1,1,,,,1,0,0,0,0.0013278129044920206,0.09795227204449475,0.10243281396105886,0.004493392072618008
zero_attempt_supplement,qwen2,lt_influence_construct,B,s-baeeeeca8e686d61f82984aa5ca479d2,s-baeeeeca8e686d61f82984aa5ca479d2,True,,complete,False,7,1,,2,2,0,2,,,,2,0,0,0,0.0009367940947413445,0.25925403903238475,0.2632509188260883,0.009274862008169293
zero_attempt_supplement,qwen2,lt_influence_construct,B,s-c144bf379c98c83dc4eb85d0fab49b3c,s-c144bf379c98c83dc4eb85d0fab49b3c,True,,complete,False,6,1,,2,2,0,2,,,,2,0,0,0,0.0017017638310790062,0.21128113102167845,0.2175194388255477,0.007214633049443364
zero_attempt_supplement,qwen2,lt_influence_construct,B,s-c8cb057d96aab5ae8af994b857222ba8,s-c8cb057d96aab5ae8af994b857222ba8,True,,complete,False,7,0,,1,1,1,1,,,,1,0,0,0,0.0013128931168466806,0.11125705507583916,0.11572556686587632,0.004662876948714256
zero_attempt_supplement,qwen2,lt_influence_construct,B,s-e824420817f2e8ef01f0ef0d6da9818c,s-e824420817f2e8ef01f0ef0d6da9818c,True,,complete,False,5,0,,1,1,1,1,,,,1,0,0,0,0.0014942889101803303,0.09481670311652124,0.09959470317699015,0.004833910847082734
zero_attempt_supplement,qwen2,lt_influence_construct,B,s-eb42919b66e71591e4fdf0d0de15da05,s-eb42919b66e71591e4fdf0d0de15da05,True,,complete,False,12,0,,2,2,0,2,,,,2,0,0,0,0.002835641149431467,0.24368718010373414,0.2520697491709143,0.01347121805883944
zero_attempt_supplement,qwen2,lt_influence_construct,B,s-eb5154746c8006a52bb4033c04cdf45c,s-eb5154746c8006a52bb4033c04cdf45c,True,,complete,False,8,1,,2,2,0,2,,,,2,0,0,0,0.002115648938342929,0.25076076085679233,0.2576688718982041,0.009797731880098581
zero_attempt_supplement,qwen2,lt_influence_construct,B,s-ec266044c2e89a885fefde01936ddeb8,s-ec266044c2e89a885fefde01936ddeb8,True,,complete,False,11,0,,2,2,0,2,,,,2,0,0,0,0.002665492007508874,0.2021427487488836,0.21045465185306966,0.012503399979323149
zero_attempt_supplement,qwen2,lt_influence_construct,B,s-fd89e56287fd2341e0bc398cba0a0b47,s-fd89e56287fd2341e0bc398cba0a0b47,True,,complete,False,8,0,,1,1,1,1,,,,1,0,0,0,0.0012969218660145998,0.09525935398414731,0.09956031199544668,0.00462481495924294
zero_attempt_supplement,qwen2,lt_influence_construct,C,s-0c19c9896a834361f0ed07f36bb42a79,s-0c19c9896a834361f0ed07f36bb42a79,True,,complete,False,6,0,,0,0,2,0,,,,0,0,0,0,0.0004150120075792074,0.0,0.0016006738878786564,0.000608727103099227
zero_attempt_supplement,qwen2,lt_influence_construct,C,s-0d168173692e33ff45deebb1c92340f7,s-0d168173692e33ff45deebb1c92340f7,True,,complete,False,4,1,,2,2,0,2,,,,2,0,0,0,0.0019912701100111008,0.2437308740336448,0.2508851250167936,0.011604374973103404
zero_attempt_supplement,qwen2,lt_influence_construct,C,s-2d48a15e97dc3416fbb15e7a60145557,s-2d48a15e97dc3416fbb15e7a60145557,True,,complete,False,5,1,,2,2,0,2,,,,2,0,0,0,0.000980965793132782,0.2399241568055004,0.24427894805558026,0.007692985003814101
zero_attempt_supplement,qwen2,lt_influence_construct,C,s-2f2e472f16b3987be03c0890d806ca40,s-2f2e472f16b3987be03c0890d806ca40,True,,complete,False,9,0,,0,0,2,0,,,,0,0,0,0,0.0007858488243073225,0.0,0.0022144848480820656,0.0012352110352367163
zero_attempt_supplement,qwen2,lt_influence_construct,C,s-420740246b98084467fe13742257dc18,s-420740246b98084467fe13742257dc18,True,,complete,False,9,0,,0,0,2,0,,,,0,0,0,0,0.0012547243386507034,0.0,0.0032845220994204283,0.002120529068633914
zero_attempt_supplement,qwen2,lt_influence_construct,C,s-4bd3e3488d96d1af5c88a6a8f2cef94f,s-4bd3e3488d96d1af5c88a6a8f2cef94f,True,,complete,False,9,0,,2,2,0,2,,,,2,0,0,0,0.0008788509294390678,0.24473100597970188,0.24870862602256238,0.008669845992699265
zero_attempt_supplement,qwen2,lt_influence_construct,C,s-549c1054c9c329302a40dd8780686734,s-549c1054c9c329302a40dd8780686734,True,,complete,False,8,0,,1,1,1,1,,,,1,0,0,0,0.0020950220059603453,0.10443575889803469,0.1105067040771246,0.00733075593598187
zero_attempt_supplement,qwen2,lt_influence_construct,C,s-55d7c34866e4b0aef1248758feffdeb7,s-55d7c34866e4b0aef1248758feffdeb7,True,,complete,False,11,0,,1,1,1,1,,,,1,0,0,0,0.002002821071073413,0.12084538605995476,0.12673206510953605,0.007348767016083002
zero_attempt_supplement,qwen2,lt_influence_construct,C,s-6f4701c7c6d9dc535ef039ceca66d005,s-6f4701c7c6d9dc535ef039ceca66d005,True,,complete,False,9,0,,2,2,0,2,,,,2,0,0,0,0.0023426690604537725,0.23812999087385833,0.24580221599899232,0.01119327312335372
zero_attempt_supplement,qwen2,lt_influence_construct,C,s-6fca7dd364a46e9d60f169bca70278ac,s-6fca7dd364a46e9d60f169bca70278ac,True,,complete,False,8,2,,1,1,1,1,,,,1,0,0,0,0.0019286379683762789,0.10209325514733791,0.10798659292049706,0.006585974944755435
zero_attempt_supplement,qwen2,lt_influence_construct,C,s-7c25907db44e977cd1725dd27587d14c,s-7c25907db44e977cd1725dd27587d14c,True,,complete,False,11,0,,2,2,0,2,,,,2,0,0,0,0.0026937241200357676,0.267055822070688,0.27569711208343506,0.013369051041081548
zero_attempt_supplement,qwen2,lt_influence_construct,C,s-8374c80b70d9deff23730db881d47a34,s-8374c80b70d9deff23730db881d47a34,True,,complete,False,7,1,,2,2,0,2,,,,2,0,0,0,0.0018504210747778416,0.20266993716359138,0.2093247128650546,0.008235597983002663
zero_attempt_supplement,qwen2,lt_influence_construct,C,s-89267de22c9ad4abded5bb78bce70b2a,s-89267de22c9ad4abded5bb78bce70b2a,True,,complete,False,3,0,,2,2,0,2,,,,2,0,0,0,0.0013336772099137306,0.19605001993477345,0.20133008598349988,0.006140289129689336
zero_attempt_supplement,qwen2,lt_influence_construct,C,s-8be15b9e8281a7cc1ad9430b7ea66951,s-8be15b9e8281a7cc1ad9430b7ea66951,True,,complete,False,7,0,,1,1,1,1,,,,1,0,0,0,0.0016426709480583668,0.11547076981514692,0.12060930882580578,0.005470308009535074
zero_attempt_supplement,qwen2,lt_influence_construct,C,s-95c3b9b4137157429b2ff865d081f06c,s-95c3b9b4137157429b2ff865d081f06c,True,,complete,False,5,0,,1,1,1,1,,,,1,0,0,0,0.0005337039474397898,0.1005247498396784,0.10337679297663271,0.001852777088060975
zero_attempt_supplement,qwen2,lt_influence_construct,C,s-99a885cd159a3ad00a186a66ab9d449e,s-99a885cd159a3ad00a186a66ab9d449e,True,,complete,False,3,2,,2,2,0,2,,,,2,0,0,0,0.0023180439602583647,0.2430558349005878,0.25083162006922066,0.01106606493704021
zero_attempt_supplement,qwen2,lt_influence_construct,C,s-b24a9d04fc3cb1ef8f0fb949b5010e07,s-b24a9d04fc3cb1ef8f0fb949b5010e07,True,,complete,False,8,0,,1,1,1,1,,,,1,0,0,0,0.0013936047907918692,0.10251812590286136,0.10729488590732217,0.004892602097243071
zero_attempt_supplement,qwen2,lt_influence_construct,C,s-baeeeeca8e686d61f82984aa5ca479d2,s-baeeeeca8e686d61f82984aa5ca479d2,True,,complete,False,7,1,,2,2,0,2,,,,2,0,0,0,0.0020787229295819998,0.24006480304524302,0.24738843622617424,0.010311983060091734
zero_attempt_supplement,qwen2,lt_influence_construct,C,s-bc521abbb0721dd677ad6ddf766d7d0a,s-bc521abbb0721dd677ad6ddf766d7d0a,True,,complete,False,8,0,,1,1,1,1,,,,1,0,0,0,0.0015510069206357002,0.10074267513118684,0.10595468315295875,0.005342022981494665
zero_attempt_supplement,qwen2,lt_influence_construct,C,s-bc98ff2d2ee40b5f844bed73126dd199,s-bc98ff2d2ee40b5f844bed73126dd199,True,,complete,False,9,2,,2,2,0,2,,,,2,0,0,0,0.0020114812068641186,0.2609217909630388,0.26767910015769303,0.013553660130128264
zero_attempt_supplement,qwen2,lt_influence_construct,C,s-c144bf379c98c83dc4eb85d0fab49b3c,s-c144bf379c98c83dc4eb85d0fab49b3c,True,,complete,False,6,1,,2,2,0,2,,,,2,0,0,0,0.0017106968443840742,0.21015055803582072,0.21637898101471364,0.008402660954743624
zero_attempt_supplement,qwen2,lt_influence_construct,C,s-c51363b1903c0998284acea41dcd6c3d,s-c51363b1903c0998284acea41dcd6c3d,True,,complete,False,10,1,,1,1,1,1,,,,1,0,0,0,0.0010336881969124079,0.14397872099652886,0.14736839500255883,0.0037127328105270863
zero_attempt_supplement,qwen2,lt_influence_construct,C,s-c52b6f472cd8068af02d728d86371a3d,s-c52b6f472cd8068af02d728d86371a3d,True,,complete,False,8,3,,2,2,0,2,,,,2,0,0,0,0.0028954921290278435,0.2639597470406443,0.27300951397046447,0.013561320025473833
zero_attempt_supplement,qwen2,lt_influence_construct,C,s-c8cb057d96aab5ae8af994b857222ba8,s-c8cb057d96aab5ae8af994b857222ba8,True,,complete,False,7,0,,1,1,1,1,,,,1,0,0,0,0.0013417680747807026,0.0994459290523082,0.10452600009739399,0.005064528901129961
zero_attempt_supplement,qwen2,lt_influence_construct,C,s-d86d431f5432821b9ea0d2ad60ce6592,s-d86d431f5432821b9ea0d2ad60ce6592,True,,complete,False,10,0,,2,2,0,2,,,,2,0,0,0,0.001051036873832345,0.26611211081035435,0.27049252204596996,0.010477266041561961
zero_attempt_supplement,qwen2,lt_influence_construct,C,s-de39fc18cde5e68a2ab647c38349a15c,s-de39fc18cde5e68a2ab647c38349a15c,True,,complete,False,10,0,,1,1,1,1,,,,1,0,0,0,0.0017173930536955595,0.1044427698943764,0.10968092316761613,0.006304470123723149
zero_attempt_supplement,qwen2,lt_influence_construct,C,s-dfc32e25dffc44bbdca4e55ebd7837b6,s-dfc32e25dffc44bbdca4e55ebd7837b6,True,,complete,False,9,0,,1,1,1,1,,,,1,0,0,0,0.000786239979788661,0.0977456069085747,0.10048122494481504,0.0029348130337893963
zero_attempt_supplement,qwen2,lt_influence_construct,C,s-e824420817f2e8ef01f0ef0d6da9818c,s-e824420817f2e8ef01f0ef0d6da9818c,True,,complete,False,5,0,,1,1,1,1,,,,1,0,0,0,0.001590091036632657,0.11811839696019888,0.12298474996350706,0.0053550859447568655
zero_attempt_supplement,qwen2,lt_influence_construct,C,s-eb5154746c8006a52bb4033c04cdf45c,s-eb5154746c8006a52bb4033c04cdf45c,True,,complete,False,9,0,,2,2,0,2,,,,2,0,0,0,0.0010036879684776068,0.24793842900544405,0.2524114230182022,0.010970582021400332
zero_attempt_supplement,qwen2,lt_influence_construct,C,s-ec266044c2e89a885fefde01936ddeb8,s-ec266044c2e89a885fefde01936ddeb8,True,,complete,False,11,0,,2,2,0,2,,,,2,0,0,0,0.002773383865132928,0.24643785622902215,0.25527954497374594,0.013209071010351181
zero_attempt_supplement,qwen2,lt_influence_construct,C,s-f598d67d4dcb975f1efc341f558cf30a,s-f598d67d4dcb975f1efc341f558cf30a,True,,complete,False,6,0,,1,1,1,1,,,,1,0,0,0,0.0013664590660482645,0.12053071102127433,0.12523803091607988,0.004888115916401148
zero_attempt_supplement,qwen2,lt_influence_construct,C,s-fd50b98c0c2395d7c73cd64d17cab327,s-fd50b98c0c2395d7c73cd64d17cab327,True,,complete,False,4,0,,0,0,2,0,,,,0,0,0,0,0.0014282457996159792,0.0,0.0038236661348491907,0.0021419539116322994
zero_attempt_supplement,qwen2,lt_influence_construct,C,s-fd89e56287fd2341e0bc398cba0a0b47,s-fd89e56287fd2341e0bc398cba0a0b47,True,,complete,False,8,0,,1,1,1,1,,,,1,0,0,0,0.000627246918156743,0.10158107499592006,0.10447894595563412,0.005077151115983725
zero_attempt_supplement,qwen2,maxcut_construct,A,s-13ebd52c4888692f60b54d08e184aeb4,s-13ebd52c4888692f60b54d08e184aeb4,True,,complete,False,2,13,,9,9,0,9,,,,9,0,0,0,0.0023540938273072243,0.5410954470280558,0.5536240350920707,0.012479835888370872
zero_attempt_supplement,qwen2,maxcut_construct,A,s-1408402da6aebaa1bf8148fe8c8199a2,s-1408402da6aebaa1bf8148fe8c8199a2,True,,complete,False,5,6,,7,7,0,7,,,,7,0,0,0,0.0017105776350945234,0.42764173401519656,0.43750059721060097,0.009006679989397526
zero_attempt_supplement,qwen2,maxcut_construct,A,s-18064431636482488408d016d0a6bbfa,s-18064431636482488408d016d0a6bbfa,True,,complete,False,3,7,,7,7,0,7,,,,7,0,0,0,0.001595169072970748,0.4238487228285521,0.43366687186062336,0.007954291999340057
zero_attempt_supplement,qwen2,maxcut_construct,A,s-18542508a89b1c5d906147da9b6e9781,s-18542508a89b1c5d906147da9b6e9781,True,,complete,False,4,11,,9,9,0,9,,,,9,0,0,0,0.002220460679382086,0.5709776598960161,0.5830084399785846,0.012305109994485974
zero_attempt_supplement,qwen2,maxcut_construct,A,s-22f2bf15c8091fcc8b75cb2e7ff5debd,s-22f2bf15c8091fcc8b75cb2e7ff5debd,True,,complete,False,2,10,,11,11,0,11,,,,11,0,0,0,0.0027742001693695784,0.6421790127642453,0.6568130441009998,0.013018749887123704
zero_attempt_supplement,qwen2,maxcut_construct,A,s-2d4df27e3520e482ba87d60eacf7855f,s-2d4df27e3520e482ba87d60eacf7855f,True,,complete,False,4,13,,10,10,0,10,,,,10,0,0,0,0.002820521593093872,0.5916785725858063,0.6060272299218923,0.014624506002292037
zero_attempt_supplement,qwen2,maxcut_construct,A,s-2fa8cfe1e5500dbd4580a233a5fa7f9e,s-2fa8cfe1e5500dbd4580a233a5fa7f9e,True,,complete,False,4,9,,8,8,0,8,,,,8,0,0,0,0.0019947339314967394,0.48718185373581946,0.49799283291213214,0.010433548828586936
zero_attempt_supplement,qwen2,maxcut_construct,A,s-37ae8ceb3d0687534c59fe0e08cfd47f,s-37ae8ceb3d0687534c59fe0e08cfd47f,True,,complete,False,8,11,,11,11,0,11,,,,11,0,0,0,0.00319759757257998,0.6681349421851337,0.6845238921232522,0.01666390709578991
zero_attempt_supplement,qwen2,maxcut_construct,A,s-3d9902bc89e2950ef4948da3c479fce6,s-3d9902bc89e2950ef4948da3c479fce6,True,,complete,False,5,9,,8,8,0,8,,,,8,0,0,0,0.001854639034718275,0.5397619009017944,0.5504221459850669,0.010479751043021679
zero_attempt_supplement,qwen2,maxcut_construct,A,s-4219a8a4f3c9f90326b34c675cec992b,s-4219a8a4f3c9f90326b34c675cec992b,True,,complete,False,4,6,,10,10,0,10,,,,10,0,0,0,0.001949423924088478,0.6929153851233423,0.7042899020016193,0.01135214394889772
zero_attempt_supplement,qwen2,maxcut_construct,A,s-5cce2170a759f90c15fed18f3a2a3583,s-5cce2170a759f90c15fed18f3a2a3583,True,,complete,False,6,9,,7,7,0,7,,,,7,0,0,0,0.0015358394011855125,0.49749030265957117,0.5067713451571763,0.010304837953299284
zero_attempt_supplement,qwen2,maxcut_construct,A,s-61d62d4e54f3c8638d930d695ff5e9e2,s-61d62d4e54f3c8638d930d695ff5e9e2,True,,complete,False,2,9,,10,10,0,10,,,,10,0,0,0,0.002180529059842229,0.6008818550035357,0.6135507361032069,0.01138331601396203
zero_attempt_supplement,qwen2,maxcut_construct,A,s-6e2b90aea9a031240882fe8f0379b014,s-6e2b90aea9a031240882fe8f0379b014,True,,complete,False,6,11,,10,10,0,10,,,,10,0,0,0,0.0027942706365138292,0.6457919531967491,0.6606563869863749,0.015019836137071252
zero_attempt_supplement,qwen2,maxcut_construct,A,s-804e4a0685a61a1057e61f867ccc5433,s-804e4a0685a61a1057e61f867ccc5433,True,,complete,False,1,6,,7,7,0,7,,,,7,0,0,0,0.001377735985442996,0.3993187705054879,0.40839745104312897,0.0071551508735865355
zero_attempt_supplement,qwen2,maxcut_construct,A,s-8fd6b87f1c398f9485cd76ed6e800395,s-8fd6b87f1c398f9485cd76ed6e800395,True,,complete,False,1,6,,7,7,0,7,,,,7,0,0,0,0.0012301432434469461,0.4523729814682156,0.4606222868897021,0.007292962167412043
zero_attempt_supplement,qwen2,maxcut_construct,A,s-9401afe3b095d167d1b7f8b57f855342,s-9401afe3b095d167d1b7f8b57f855342,True,,complete,False,5,18,,11,11,0,11,,,,11,0,0,0,0.0030441242270171642,0.7410410682205111,0.7569002960808575,0.01852679392322898
zero_attempt_supplement,qwen2,maxcut_construct,A,s-95e582a4aaa07a19a194e14e15a689a8,s-95e582a4aaa07a19a194e14e15a689a8,True,,complete,False,6,16,,10,10,0,10,,,,10,0,0,0,0.002875962760299444,0.6279798077885062,0.6427431278862059,0.017735942965373397
zero_attempt_supplement,qwen2,maxcut_construct,A,s-9e8ecf3b10d684c50729424e55d9b6b9,s-9e8ecf3b10d684c50729424e55d9b6b9,True,,complete,False,4,12,,9,9,0,9,,,,9,0,0,0,0.0023511729668825865,0.5826162628363818,0.5945630359929055,0.012513031018897891
zero_attempt_supplement,qwen2,maxcut_construct,A,s-a0e4a0c763fc347ac6b2242cd4cf87bc,s-a0e4a0c763fc347ac6b2242cd4cf87bc,True,,complete,False,4,12,,9,9,0,9,,,,9,0,0,0,0.0024034278467297554,0.5655274840537459,0.5786694651469588,0.012462892103940248
zero_attempt_supplement,qwen2,maxcut_construct,A,s-a396493a9f16e87c3bb2e880a8df9579,s-a396493a9f16e87c3bb2e880a8df9579,True,,complete,False,4,10,,8,8,0,8,,,,8,0,0,0,0.002072307514026761,0.5187520568724722,0.5301645139697939,0.010455118026584387
zero_attempt_supplement,qwen2,maxcut_construct,A,s-ab646b844818c5d4b5a7e7e18ab42d1f,s-ab646b844818c5d4b5a7e7e18ab42d1f,True,,complete,False,4,8,,7,7,0,7,,,,7,0,0,0,0.0018000341951847076,0.40732914092950523,0.4174351778347045,0.008853168925270438
zero_attempt_supplement,qwen2,maxcut_construct,A,s-ad2c2bc71df60737310c4aea54de1500,s-ad2c2bc71df60737310c4aea54de1500,True,,complete,False,3,7,,10,10,0,10,,,,10,0,0,0,0.00205420283600688,0.670656556962058,0.6824773738626391,0.011383648961782455
zero_attempt_supplement,qwen2,maxcut_construct,A,s-b3639dae4e112a6175c8c702dda3e17c,s-b3639dae4e112a6175c8c702dda3e17c,True,,complete,False,3,13,,11,11,0,11,,,,11,0,0,0,0.0030825273133814335,0.6568919180426747,0.6730991380754858,0.015193830942735076
zero_attempt_supplement,qwen2,maxcut_construct,A,s-b4f50e81578b6f076e0e4c715e1c761a,s-b4f50e81578b6f076e0e4c715e1c761a,True,,complete,False,8,12,,9,9,0,9,,,,9,0,0,0,0.003277271054685116,0.552218064898625,0.5681286279577762,0.015004785964265466
zero_attempt_supplement,qwen2,maxcut_construct,A,s-b757a84ae349f495b3a159efe21a5e26,s-b757a84ae349f495b3a159efe21a5e26,True,,complete,False,4,12,,10,10,0,10,,,,10,0,0,0,0.0027151971589773893,0.6894669211469591,0.7031507990323007,0.014438727172091603
zero_attempt_supplement,qwen2,maxcut_construct,A,s-d1af9e3eb5e86877737c1f6ef5627587,s-d1af9e3eb5e86877737c1f6ef5627587,True,,complete,False,4,10,,8,8,0,8,,,,8,0,0,0,0.0019369316287338734,0.4743375468533486,0.48477838397957385,0.010545939905568957
zero_attempt_supplement,qwen2,maxcut_construct,A,s-da0cab6f61834dcf522e8c2fc8f260d4,s-da0cab6f61834dcf522e8c2fc8f260d4,True,,complete,False,3,14,,10,10,0,10,,,,10,0,0,0,0.0022280379198491573,0.6633135627489537,0.6752744030673057,0.014297198038548231
zero_attempt_supplement,qwen2,maxcut_construct,A,s-e199ea94ccc01410f5bee3163c52153e,s-e199ea94ccc01410f5bee3163c52153e,True,,complete,False,6,20,,11,11,0,11,,,,11,0,0,0,0.00422256626188755,0.7161192698404193,0.7368407240137458,0.021150666987523437
zero_attempt_supplement,qwen2,maxcut_construct,A,s-e4683e3752c3375632562e01d3ba0118,s-e4683e3752c3375632562e01d3ba0118,True,,complete,False,4,15,,11,11,0,11,,,,11,0,0,0,0.0029703350737690926,0.7815794921480119,0.7968093589879572,0.01623057690449059
zero_attempt_supplement,qwen2,maxcut_construct,A,s-ed5bb85c7ab1e47caf26723462048ae5,s-ed5bb85c7ab1e47caf26723462048ae5,True,,complete,False,5,18,,9,9,0,9,,,,9,0,0,0,0.0027296668849885464,0.5957188562024385,0.6093487089965492,0.01468331296928227
zero_attempt_supplement,qwen2,maxcut_construct,A,s-f79a3e1689ec3840e061f9dd7d5fad88,s-f79a3e1689ec3840e061f9dd7d5fad88,True,,complete,False,3,12,,9,9,0,9,,,,9,0,0,0,0.0024307186249643564,0.5388811638113111,0.552160678897053,0.012485376093536615
zero_attempt_supplement,qwen2,maxcut_construct,B,s-13ebd52c4888692f60b54d08e184aeb4,s-13ebd52c4888692f60b54d08e184aeb4,True,,complete,False,12,3,,8,8,1,8,,,,8,0,0,0,0.002486221957951784,0.7737686007749289,0.7843982300255448,0.007997553097084165
zero_attempt_supplement,qwen2,maxcut_construct,B,s-1408402da6aebaa1bf8148fe8c8199a2,s-1408402da6aebaa1bf8148fe8c8199a2,True,,complete,False,5,6,,5,5,2,5,,,,5,0,0,0,0.0014387548435479403,0.47951468429528177,0.48620441905222833,0.00502683618105948
zero_attempt_supplement,qwen2,maxcut_construct,B,s-18064431636482488408d016d0a6bbfa,s-18064431636482488408d016d0a6bbfa,True,,complete,False,8,2,,6,6,1,6,,,,6,0,0,0,0.0014940188266336918,0.5799154762644321,0.5873014610260725,0.005226511042565107
zero_attempt_supplement,qwen2,maxcut_construct,B,s-1e535cc33b182b6ba53be1694b51fabf,s-1e535cc33b182b6ba53be1694b51fabf,True,,complete,False,13,3,,5,5,2,5,,,,5,0,0,0,0.002869991585612297,0.4809655931312591,0.49140086700208485,0.01199329411610961
zero_attempt_supplement,qwen2,maxcut_construct,B,s-22f2bf15c8091fcc8b75cb2e7ff5debd,s-22f2bf15c8091fcc8b75cb2e7ff5debd,True,,complete,False,9,3,,8,8,3,8,,,,8,0,0,0,0.004495284985750914,0.8227356616407633,0.8388110119849443,0.015965414000675082
zero_attempt_supplement,qwen2,maxcut_construct,B,s-2d4df27e3520e482ba87d60eacf7855f,s-2d4df27e3520e482ba87d60eacf7855f,True,,complete,False,15,2,,8,8,2,8,,,,8,0,0,0,0.004313700599595904,0.8192501447629184,0.8347403281368315,0.01829110411927104
zero_attempt_supplement,qwen2,maxcut_construct,B,s-2fa8cfe1e5500dbd4580a233a5fa7f9e,s-2fa8cfe1e5500dbd4580a233a5fa7f9e,True,,complete,False,11,2,,7,7,1,7,,,,7,0,0,0,0.003967418801039457,0.7040867528412491,0.7189433658495545,0.01496910396963358
zero_attempt_supplement,qwen2,maxcut_construct,B,s-37ae8ceb3d0687534c59fe0e08cfd47f,s-37ae8ceb3d0687534c59fe0e08cfd47f,True,,complete,False,16,3,,10,10,1,10,,,,10,0,0,0,0.005827406886965036,0.9695900734513998,0.9897379640024155,0.022776941070333123
zero_attempt_supplement,qwen2,maxcut_construct,B,s-446411d282636bcf9249dfaa37ef5dc9,s-446411d282636bcf9249dfaa37ef5dc9,True,,complete,False,21,4,,8,8,3,8,,,,8,0,0,0,0.0054368742275983095,0.7799431034363806,0.7978874121326953,0.04182556690648198
zero_attempt_supplement,qwen2,maxcut_construct,B,s-5cce2170a759f90c15fed18f3a2a3583,s-5cce2170a759f90c15fed18f3a2a3583,True,,complete,False,13,2,,6,6,1,6,,,,6,0,0,0,0.0034576940815895796,0.5934776400681585,0.6061468159314245,0.013878703117370605
zero_attempt_supplement,qwen2,maxcut_construct,B,s-61d62d4e54f3c8638d930d695ff5e9e2,s-61d62d4e54f3c8638d930d695ff5e9e2,True,,complete,False,7,4,,8,8,2,8,,,,8,0,0,0,0.004106277599930763,0.769407257437706,0.7850147387944162,0.01536563504487276
zero_attempt_supplement,qwen2,maxcut_construct,B,s-749cc60dd0735d233b30e02e27ee4c87,s-749cc60dd0735d233b30e02e27ee4c87,True,,complete,False,8,4,,5,5,2,5,,,,5,0,0,0,0.0027695561293512583,0.5250059009995311,0.5357981210108846,0.010020687943324447
zero_attempt_supplement,qwen2,maxcut_construct,B,s-804e4a0685a61a1057e61f867ccc5433,s-804e4a0685a61a1057e61f867ccc5433,True,,complete,False,7,0,,3,3,4,3,,,,3,0,0,0,0.0015296880155801773,0.2926179619971663,0.29903555614873767,0.006224147975444794
zero_attempt_supplement,qwen2,maxcut_construct,B,s-876358c5aa1f4d641acf67f3949d7c24,s-876358c5aa1f4d641acf67f3949d7c24,True,,complete,False,14,6,,10,10,1,10,,,,10,0,0,0,0.005733238300308585,0.9571597857866436,0.9774678649846464,0.022921432042494416
zero_attempt_supplement,qwen2,maxcut_construct,B,s-8fd6b87f1c398f9485cd76ed6e800395,s-8fd6b87f1c398f9485cd76ed6e800395,True,,complete,False,7,0,,5,5,2,5,,,,5,0,0,0,0.0018238038755953312,0.5195704060606658,0.5275746278930455,0.004177507013082504
zero_attempt_supplement,qwen2,maxcut_construct,B,s-9343efd73a3f2b3f42b9ea84b0797389,s-9343efd73a3f2b3f42b9ea84b0797389,True,,complete,False,7,2,,4,4,4,4,,,,4,0,0,0,0.00260912231169641,0.3992339081596583,0.40922765200957656,0.008410182083025575
zero_attempt_supplement,qwen2,maxcut_construct,B,s-95e582a4aaa07a19a194e14e15a689a8,s-95e582a4aaa07a19a194e14e15a689a8,True,,complete,False,20,2,,8,8,2,8,,,,8,0,0,0,0.005597192328423262,0.8091592851560563,0.8280829580035061,0.02259426494129002
zero_attempt_supplement,qwen2,maxcut_construct,B,s-9a15f260093a5d859ca8af7592936d4f,s-9a15f260093a5d859ca8af7592936d4f,True,,complete,False,6,2,,8,8,0,8,,,,8,0,0,0,0.002930453745648265,0.830675793113187,0.8434479178395122,0.014033695915713906
zero_attempt_supplement,qwen2,maxcut_construct,B,s-9e8ecf3b10d684c50729424e55d9b6b9,s-9e8ecf3b10d684c50729424e55d9b6b9,True,,complete,False,12,4,,8,8,1,8,,,,8,0,0,0,0.0021430952474474907,0.7617155772168189,0.7715068708639592,0.007898136973381042
zero_attempt_supplement,qwen2,maxcut_construct,B,s-a396493a9f16e87c3bb2e880a8df9579,s-a396493a9f16e87c3bb2e880a8df9579,True,,complete,False,10,4,,7,7,1,7,,,,7,0,0,0,0.0036537901032716036,0.6713243832346052,0.6852345219813287,0.014812960987910628
zero_attempt_supplement,qwen2,maxcut_construct,B,s-ab646b844818c5d4b5a7e7e18ab42d1f,s-ab646b844818c5d4b5a7e7e18ab42d1f,True,,complete,False,8,4,,6,6,1,6,,,,6,0,0,0,0.003099068533629179,0.5797737897373736,0.5920737211126834,0.01208990695886314
zero_attempt_supplement,qwen2,maxcut_construct,B,s-ad2c2bc71df60737310c4aea54de1500,s-ad2c2bc71df60737310c4aea54de1500,True,,complete,False,8,2,,9,9,1,9,,,,9,0,0,0,0.004220749484375119,0.8556633398402482,0.8727162959985435,0.01689742412418127
zero_attempt_supplement,qwen2,maxcut_construct,B,s-b3639dae4e112a6175c8c702dda3e17c,s-b3639dae4e112a6175c8c702dda3e17c,True,,complete,False,7,9,,10,10,1,10,,,,10,0,0,0,0.005331460619345307,0.9841160089708865,1.0039868911262602,0.02130288095213473
zero_attempt_supplement,qwen2,maxcut_construct,B,s-b4f50e81578b6f076e0e4c715e1c761a,s-b4f50e81578b6f076e0e4c715e1c761a,True,,complete,False,18,2,,7,7,2,7,,,,7,0,0,0,0.005047922022640705,0.6849848271813244,0.702159252949059,0.018045990029349923
zero_attempt_supplement,qwen2,maxcut_construct,B,s-c9f22afe08ba912ed79364d88040e71e,s-c9f22afe08ba912ed79364d88040e71e,True,,complete,False,6,2,,7,7,1,7,,,,7,0,0,0,0.0033566197380423546,0.679549680557102,0.6926944509614259,0.012867230921983719
zero_attempt_supplement,qwen2,maxcut_construct,B,s-d1af9e3eb5e86877737c1f6ef5627587,s-d1af9e3eb5e86877737c1f6ef5627587,True,,complete,False,13,1,,6,6,2,6,,,,6,0,0,0,0.003476889804005623,0.5762956910766661,0.5887862369418144,0.013187754899263382
zero_attempt_supplement,qwen2,maxcut_construct,B,s-da0cab6f61834dcf522e8c2fc8f260d4,s-da0cab6f61834dcf522e8c2fc8f260d4,True,,complete,False,12,5,,9,9,1,9,,,,9,0,0,0,0.005030045518651605,0.8651577562559396,0.8839881760068238,0.01993103907443583
zero_attempt_supplement,qwen2,maxcut_construct,B,s-e199ea94ccc01410f5bee3163c52153e,s-e199ea94ccc01410f5bee3163c52153e,True,,complete,False,12,14,,10,10,1,10,,,,10,0,0,0,0.006942111765965819,0.996523909503594,1.0204150571953505,0.034527490846812725
zero_attempt_supplement,qwen2,maxcut_construct,B,s-e4683e3752c3375632562e01d3ba0118,s-e4683e3752c3375632562e01d3ba0118,True,,complete,False,11,8,,9,9,2,9,,,,9,0,0,0,0.005554552190005779,0.8811887861229479,0.900768683059141,0.022816598881036043
zero_attempt_supplement,qwen2,maxcut_construct,B,s-f060066f585d171ba3d7bbca0d1deecc,s-f060066f585d171ba3d7bbca0d1deecc,True,,complete,False,17,2,,6,6,2,6,,,,6,0,0,0,0.0039948406629264355,0.6092255075927824,0.6229809338692576,0.01459562499076128
zero_attempt_supplement,qwen2,maxcut_construct,B,s-f79a3e1689ec3840e061f9dd7d5fad88,s-f79a3e1689ec3840e061f9dd7d5fad88,True,,complete,False,13,2,,7,7,2,7,,,,7,0,0,0,0.001989521086215973,0.6631026670802385,0.6721733449958265,0.007130337879061699
zero_attempt_supplement,qwen2,maxcut_construct,C,s-13ebd52c4888692f60b54d08e184aeb4,s-13ebd52c4888692f60b54d08e184aeb4,True,,complete,False,15,0,,7,7,2,7,,,,7,0,0,0,0.0043629303108900785,0.7170602204278111,0.7334797498770058,0.01872898801229894
zero_attempt_supplement,qwen2,maxcut_construct,C,s-1408402da6aebaa1bf8148fe8c8199a2,s-1408402da6aebaa1bf8148fe8c8199a2,True,,complete,False,11,0,,4,4,3,4,,,,4,0,0,0,0.0022674372885376215,0.37199305021204054,0.3809666559100151,0.010760989040136337
zero_attempt_supplement,qwen2,maxcut_construct,C,s-22f2bf15c8091fcc8b75cb2e7ff5debd,s-22f2bf15c8091fcc8b75cb2e7ff5debd,True,,complete,False,3,9,,10,10,1,10,,,,10,0,0,0,0.004836610984057188,0.9526183211710304,0.9730585359502584,0.02386427717283368
zero_attempt_supplement,qwen2,maxcut_construct,C,s-2fa8cfe1e5500dbd4580a233a5fa7f9e,s-2fa8cfe1e5500dbd4580a233a5fa7f9e,True,,complete,False,11,2,,6,6,2,6,,,,6,0,0,0,0.0032153017818927765,0.5731337701436132,0.5854917841497809,0.01575436000712216
zero_attempt_supplement,qwen2,maxcut_construct,C,s-37ae8ceb3d0687534c59fe0e08cfd47f,s-37ae8ceb3d0687534c59fe0e08cfd47f,True,,complete,False,16,3,,9,9,2,9,,,,9,0,0,0,0.005866660736501217,0.9049616872798651,0.9269894040189683,0.025679148035123944
zero_attempt_supplement,qwen2,maxcut_construct,C,s-4219a8a4f3c9f90326b34c675cec992b,s-4219a8a4f3c9f90326b34c675cec992b,True,,complete,False,1,9,,9,9,1,9,,,,9,0,0,0,0.004602922825142741,0.8418091088533401,0.8609881608281285,0.02113618911243975
zero_attempt_supplement,qwen2,maxcut_construct,C,s-446411d282636bcf9249dfaa37ef5dc9,s-446411d282636bcf9249dfaa37ef5dc9,True,,complete,False,19,6,,10,10,1,10,,,,10,0,0,0,0.006512779742479324,1.0006819155532867,1.0247276439331472,0.03181930095888674
zero_attempt_supplement,qwen2,maxcut_construct,C,s-5cce2170a759f90c15fed18f3a2a3583,s-5cce2170a759f90c15fed18f3a2a3583,True,,complete,False,14,1,,6,6,1,6,,,,6,0,0,0,0.003686650888994336,0.606335261836648,0.6211306888144463,0.016638097818940878
zero_attempt_supplement,qwen2,maxcut_construct,C,s-61d62d4e54f3c8638d930d695ff5e9e2,s-61d62d4e54f3c8638d930d695ff5e9e2,True,,complete,False,8,3,,8,8,2,8,,,,8,0,0,0,0.0036166596692055464,0.7309099512640387,0.7469957249704748,0.018907804042100906
zero_attempt_supplement,qwen2,maxcut_construct,C,s-876358c5aa1f4d641acf67f3949d7c24,s-876358c5aa1f4d641acf67f3949d7c24,True,,complete,False,12,8,,10,10,1,10,,,,10,0,0,0,0.0055928335059434175,1.1010028757154942,1.1234185348730534,0.027547459118068218
zero_attempt_supplement,qwen2,maxcut_construct,C,s-8fd6b87f1c398f9485cd76ed6e800395,s-8fd6b87f1c398f9485cd76ed6e800395,True,,complete,False,4,3,,6,6,1,6,,,,6,0,0,0,0.0033415616489946842,0.6165707895997912,0.6310286710504442,0.013259547995403409
zero_attempt_supplement,qwen2,maxcut_construct,C,s-9401afe3b095d167d1b7f8b57f855342,s-9401afe3b095d167d1b7f8b57f855342,True,,complete,False,22,1,,7,7,4,7,,,,7,0,0,0,0.005766735877841711,0.7074346567969769,0.7274504150263965,0.022351035848259926
zero_attempt_supplement,qwen2,maxcut_construct,C,s-95e582a4aaa07a19a194e14e15a689a8,s-95e582a4aaa07a19a194e14e15a689a8,True,,complete,False,22,0,,8,8,2,8,,,,8,0,0,0,0.006083842134103179,0.7937081868294626,0.8147912421263754,0.025222460040822625
zero_attempt_supplement,qwen2,maxcut_construct,C,s-9a15f260093a5d859ca8af7592936d4f,s-9a15f260093a5d859ca8af7592936d4f,True,,complete,False,4,4,,7,7,1,7,,,,7,0,0,0,0.0029405320528894663,0.7373425376135856,0.751048007979989,0.015795978019014
zero_attempt_supplement,qwen2,maxcut_construct,C,s-9dc5d8790e84bdeb1259a11f9bfe928b,s-9dc5d8790e84bdeb1259a11f9bfe928b,True,,complete,False,20,1,,7,7,2,7,,,,7,0,0,0,0.0046103273052722216,0.696730132913217,0.7136220009997487,0.021063233958557248
zero_attempt_supplement,qwen2,maxcut_construct,C,s-9e8ecf3b10d684c50729424e55d9b6b9,s-9e8ecf3b10d684c50729424e55d9b6b9,True,,complete,False,12,4,,8,8,1,8,,,,8,0,0,0,0.004819106077775359,0.8256213369313627,0.8433077419176698,0.020747530972585082
zero_attempt_supplement,qwen2,maxcut_construct,C,s-a0e4a0c763fc347ac6b2242cd4cf87bc,s-a0e4a0c763fc347ac6b2242cd4cf87bc,True,,complete,False,16,0,,3,3,6,3,,,,3,0,0,0,0.003257150063291192,0.2997041139751673,0.3104565618559718,0.009920602897182107
zero_attempt_supplement,qwen2,maxcut_construct,C,s-a396493a9f16e87c3bb2e880a8df9579,s-a396493a9f16e87c3bb2e880a8df9579,True,,complete,False,8,6,,7,7,1,7,,,,7,0,0,0,0.0040266013238579035,0.6788762332871556,0.6943794470280409,0.007928190985694528
zero_attempt_supplement,qwen2,maxcut_construct,C,s-ab646b844818c5d4b5a7e7e18ab42d1f,s-ab646b844818c5d4b5a7e7e18ab42d1f,True,,complete,False,12,0,,5,5,2,5,,,,5,0,0,0,0.003071307670325041,0.4821863828692585,0.49402557290159166,0.012743572937324643
zero_attempt_supplement,qwen2,maxcut_construct,C,s-ad2c2bc71df60737310c4aea54de1500,s-ad2c2bc71df60737310c4aea54de1500,True,,complete,False,7,3,,9,9,1,9,,,,9,0,0,0,0.004405173705890775,0.8885219311341643,0.9069263979326934,0.02110975212417543
zero_attempt_supplement,qwen2,maxcut_construct,C,s-b3639dae4e112a6175c8c702dda3e17c,s-b3639dae4e112a6175c8c702dda3e17c,True,,complete,False,13,3,,9,9,2,9,,,,9,0,0,0,0.005487860180437565,0.8868431008886546,0.9081253490876406,0.023638749960809946
zero_attempt_supplement,qwen2,maxcut_construct,C,s-b4f50e81578b6f076e0e4c715e1c761a,s-b4f50e81578b6f076e0e4c715e1c761a,True,,complete,False,11,9,,7,7,2,7,,,,7,0,0,0,0.005121196154505014,0.680334318196401,0.6987651560921222,0.021452091867104173
zero_attempt_supplement,qwen2,maxcut_construct,C,s-b757a84ae349f495b3a159efe21a5e26,s-b757a84ae349f495b3a159efe21a5e26,True,,complete,False,8,8,,9,9,1,9,,,,9,0,0,0,0.005263185827061534,0.9344235099852085,0.9545583978760988,0.024115639040246606
zero_attempt_supplement,qwen2,maxcut_construct,C,s-c9f22afe08ba912ed79364d88040e71e,s-c9f22afe08ba912ed79364d88040e71e,True,,complete,False,4,4,,7,7,1,7,,,,7,0,0,0,0.0037189736030995846,0.6961264354176819,0.71220190403983,0.01599971717223525
zero_attempt_supplement,qwen2,maxcut_construct,C,s-da0cab6f61834dcf522e8c2fc8f260d4,s-da0cab6f61834dcf522e8c2fc8f260d4,True,,complete,False,11,6,,9,9,1,9,,,,9,0,0,0,0.005509758833795786,0.895736575126648,0.9170568061526865,0.024457800900563598
zero_attempt_supplement,qwen2,maxcut_construct,C,s-e199ea94ccc01410f5bee3163c52153e,s-e199ea94ccc01410f5bee3163c52153e,True,,complete,False,12,14,,10,10,1,10,,,,10,0,0,0,0.007206000154837966,1.0469481744803488,1.0730125699192286,0.03162303217686713
zero_attempt_supplement,qwen2,maxcut_construct,C,s-f79a3e1689ec3840e061f9dd7d5fad88,s-f79a3e1689ec3840e061f9dd7d5fad88,True,,complete,False,14,1,,7,7,2,7,,,,7,0,0,0,0.004356044111773372,0.679978343192488,0.6972173389513046,0.020318128168582916
zero_attempt_supplement,qwen2,maxcut_public,A,0185bca51fdb76ca0ea1,sg3dl058000,True,,complete,False,2,,98.14814814814815,124,124,0,124,,,,124,0,0,0,0.45931378938257694,12.741561592556536,13.843553338199854,1.0305192170199007
zero_attempt_supplement,qwen2,maxcut_public,A,05e92f6aa8ef50d37eb5,sg3dl054000,True,,complete,False,0,,100.0,124,124,0,124,,,,124,0,0,0,0.45546367787756026,13.293834881158546,14.386201271787286,1.0071463889908046
zero_attempt_supplement,qwen2,maxcut_public,A,1b147b824d88d8477c8d,sg3dl052000,True,,complete,False,-2,,101.78571428571428,124,124,0,124,,,,124,0,0,0,0.4034652260597795,13.321348479716107,14.293003996135667,0.9880435070954263
zero_attempt_supplement,qwen2,maxcut_public,A,288dc8db216d88e9430e,sg3dl059000,True,,complete,False,2,,98.18181818181819,124,124,0,124,,,,124,0,0,0,0.4368579483125359,13.350694176973775,14.42709628609009,1.0002707170788199
zero_attempt_supplement,qwen2,maxcut_public,A,4abeaf96470a771ddef9,sg3dl059000,True,,complete,False,0,,100.0,124,124,0,124,,,,124,0,0,0,0.4388001768384129,13.354987779865041,14.430746261961758,1.001982640940696
zero_attempt_supplement,qwen2,maxcut_public,A,5afaf2b3c20af8b77de4,sg3dl059000,True,,complete,False,6,,94.54545454545455,124,124,0,124,,,,124,0,0,0,0.4413146753795445,13.707660575862974,14.789615039946511,1.013576181139797
zero_attempt_supplement,qwen2,maxcut_public,A,740b2ba73a8962c61fb9,sg3dl051000,True,,complete,False,-2,,101.81818181818181,124,124,0,124,,,,124,0,0,0,0.4480339530855417,13.959768397035077,15.055018139071763,1.0074794748798013
zero_attempt_supplement,qwen2,maxcut_public,A,7e16c82624a4aa918661,sg3dl0510000,True,,complete,False,2,,98.21428571428571,124,124,0,124,,,,124,0,0,0,0.46769995195791125,13.591787316603586,14.718039280036464,1.0282324869185686
zero_attempt_supplement,qwen2,maxcut_public,A,86346dac7dab6467c3e5,sg3dl052000,True,,complete,False,2,,98.21428571428571,124,124,0,124,,,,124,0,0,0,0.44861199939623475,13.803518186789006,14.874252268113196,1.0048436920624226
zero_attempt_supplement,qwen2,maxcut_public,A,90e3de196947f86139b2,sg3dl0510000,True,,complete,False,0,,100.0,124,124,0,124,,,,124,0,0,0,0.4369927360676229,13.616109860362485,14.689935385016724,1.0162878981791437
zero_attempt_supplement,qwen2,maxcut_public,A,93319777c98a301e5797,sg3dl0510000,True,,complete,False,-4,,103.57142857142858,124,124,0,124,,,,124,0,0,0,0.43721392494626343,13.800717221340165,14.874110945966095,0.9985150028951466
zero_attempt_supplement,qwen2,maxcut_public,A,968ec608d04c012ae9ea,sg3dl056000,True,,complete,False,2,,98.18181818181819,124,124,0,124,,,,124,0,0,0,0.43026228132657707,13.116647765040398,14.175516271032393,1.0349913681857288
zero_attempt_supplement,qwen2,maxcut_public,A,9a4a5a87731f644085e7,sg3dl057000,True,,complete,False,2,,98.21428571428571,124,124,0,124,,,,124,0,0,0,0.4408036333043128,13.377317920792848,14.467147094197571,1.002671933034435
zero_attempt_supplement,qwen2,maxcut_public,A,9be36c3966c1e4559c70,sg3dl057000,True,,complete,False,-2,,101.78571428571428,124,124,0,124,,,,124,0,0,0,0.4415203907992691,13.658328485907987,14.728380916872993,1.0016808928921819
zero_attempt_supplement,qwen2,maxcut_public,A,9eb0b04c829434789c44,sg3dl055000,True,,complete,False,-2,,101.78571428571428,124,124,0,124,,,,124,0,0,0,0.4385374307166785,14.019111595349386,15.088038076879457,0.9967382370959967
zero_attempt_supplement,qwen2,maxcut_public,A,bb5744a2d86035a3dc08,sg3dl057000,True,,complete,False,-2,,101.78571428571428,124,124,0,124,,,,124,0,0,0,0.4580470588989556,13.97863534046337,15.069488556822762,0.9844265261199325
zero_attempt_supplement,qwen2,maxcut_public,A,c67cb61ec0ceb65c6625,sg3dl051000,True,,complete,False,0,,100.0,124,124,0,124,,,,124,0,0,0,0.4614551269914955,13.682703787693754,14.791230087168515,1.0422501198481768
zero_attempt_supplement,qwen2,maxcut_public,A,c859d147d9df62a61a87,sg3dl054000,True,,complete,False,-4,,103.50877192982458,124,124,0,124,,,,124,0,0,0,0.43487655208446085,13.689060964621603,14.762821299023926,1.0008781601209193
zero_attempt_supplement,qwen2,maxcut_public,A,d0e42ecf62c375285bc2,sg3dl053000,True,,complete,False,2,,98.11320754716981,124,124,0,124,,,,124,0,0,0,0.4456107341684401,13.520327938022092,14.593753062887117,0.9851482769008726
zero_attempt_supplement,qwen2,maxcut_public,A,d6fae5b258ec138e4f90,sg3dl055000,True,,complete,False,-2,,101.78571428571428,124,124,0,124,,,,124,0,0,0,0.4397797437850386,13.509630088228732,14.589089011074975,1.001562959048897
zero_attempt_supplement,qwen2,maxcut_public,A,de4c9dcdce864a7aaced,sg3dl052000,True,,complete,False,4,,96.42857142857143,124,124,0,124,,,,124,0,0,0,0.43027350353077054,13.97583025903441,15.024637327995151,1.0030864691361785
zero_attempt_supplement,qwen2,maxcut_public,A,df526abbb0c48e57caa7,sg3dl056000,True,,complete,False,0,,100.0,124,124,0,124,,,,124,0,0,0,0.4341815602965653,13.131708918605,14.19570788810961,1.0046010871883482
zero_attempt_supplement,qwen2,maxcut_public,A,edd3abbd8759e237c078,sg3dl058000,True,,complete,False,0,,100.0,124,124,0,124,,,,124,0,0,0,0.43669389747083187,13.782536126440391,14.849909062962979,1.0110606951639056
zero_attempt_supplement,qwen2,maxcut_public,B,0185bca51fdb76ca0ea1,sg3dl058000,True,,complete,False,36,,66.66666666666666,104,104,20,104,,,,104,0,0,0,0.6291299303993583,13.931081997230649,15.122042380971834,1.056789191905409
zero_attempt_supplement,qwen2,maxcut_public,B,05e92f6aa8ef50d37eb5,sg3dl054000,True,,complete,False,22,,80.7017543859649,112,112,12,112,,,,112,0,0,0,0.6566222896799445,15.054364586481825,16.30808719410561,1.1026329819578677
zero_attempt_supplement,qwen2,maxcut_public,B,081bfdfd180d710a065b,sg3dl053000,True,,complete,False,32,,69.81132075471697,114,114,10,114,,,,114,0,0,0,0.6636413582600653,14.367847449379042,15.64487224793993,1.1490737518761307
zero_attempt_supplement,qwen2,maxcut_public,B,0835f0a7b9d39c313863,sg3dl053000,True,,complete,False,32,,69.81132075471697,105,105,19,105,,,,105,0,0,0,0.630764287430793,13.16690238006413,14.348786286078393,1.0678879339247942
zero_attempt_supplement,qwen2,maxcut_public,B,1b147b824d88d8477c8d,sg3dl052000,True,,complete,False,44,,60.71428571428571,95,95,29,95,,,,95,0,0,0,0.5919495879206806,11.9501263408456,13.040706734871492,0.9891720649320632
zero_attempt_supplement,qwen2,maxcut_public,B,26c8d75c24b454e4841c,sg3dl054000,True,,complete,False,34,,70.17543859649122,97,97,27,97,,,,97,0,0,0,0.6108256746083498,12.862510261125863,13.996873148018494,1.003092892933637
zero_attempt_supplement,qwen2,maxcut_public,B,4abeaf96470a771ddef9,sg3dl059000,True,,complete,False,22,,80.0,116,116,8,116,,,,116,0,0,0,0.640912817325443,14.964476806344464,16.234752638963982,1.1488341039512306
zero_attempt_supplement,qwen2,maxcut_public,B,5afaf2b3c20af8b77de4,sg3dl059000,True,,complete,False,8,,92.72727272727272,119,119,5,119,,,,119,0,0,0,0.6543419659137726,15.055135961389169,16.346196153201163,1.1743421049322933
zero_attempt_supplement,qwen2,maxcut_public,B,740b2ba73a8962c61fb9,sg3dl051000,True,,complete,False,24,,78.18181818181819,108,108,16,108,,,,108,0,0,0,0.630577772622928,14.60587310930714,15.80440951185301,1.0856027931440622
zero_attempt_supplement,qwen2,maxcut_public,B,7e16c82624a4aa918661,sg3dl0510000,True,,complete,False,58,,48.214285714285715,104,104,20,104,,,,104,0,0,0,0.6294812087435275,13.90737596922554,15.101691501913592,1.0733111700974405
zero_attempt_supplement,qwen2,maxcut_public,B,86346dac7dab6467c3e5,sg3dl052000,True,,complete,False,30,,73.21428571428571,118,118,6,118,,,,118,0,0,0,0.6528005895670503,14.987469986546785,16.261976829962805,1.1707071808632463
zero_attempt_supplement,qwen2,maxcut_public,B,90e3de196947f86139b2,sg3dl0510000,True,,complete,False,60,,46.42857142857143,107,107,17,107,,,,107,0,0,0,0.6203294128645211,13.587407314684242,14.772447026101872,1.0790915810503066
zero_attempt_supplement,qwen2,maxcut_public,B,968ec608d04c012ae9ea,sg3dl056000,True,,complete,False,40,,63.63636363636363,99,99,25,99,,,,99,0,0,0,0.6300283330492675,12.761608632281423,13.919455378083512,1.0102116269990802
zero_attempt_supplement,qwen2,maxcut_public,B,9a4a5a87731f644085e7,sg3dl057000,True,,complete,False,74,,33.92857142857143,93,93,31,93,,,,93,0,0,0,0.6021291518118232,11.59626671881415,12.695382513804361,0.9722219582181424
zero_attempt_supplement,qwen2,maxcut_public,B,9be36c3966c1e4559c70,sg3dl057000,True,,complete,False,66,,41.07142857142857,98,98,26,98,,,,98,0,0,0,0.6274105778429657,12.75490190088749,13.911142598837614,1.0100461249239743
zero_attempt_supplement,qwen2,maxcut_public,B,aa0dcbdbf1366f46ec14,sg3dl051000,True,,complete,False,56,,49.09090909090909,105,105,19,105,,,,105,0,0,0,0.6238054905552417,12.839494134765118,13.997110195923597,1.0458668489009142
zero_attempt_supplement,qwen2,maxcut_public,B,bb5744a2d86035a3dc08,sg3dl057000,True,,complete,False,28,,75.0,113,113,11,113,,,,113,0,0,0,0.6424599175807089,14.905430343700573,16.153552148025483,1.133891049074009
zero_attempt_supplement,qwen2,maxcut_public,B,c859d147d9df62a61a87,sg3dl054000,True,,complete,False,60,,47.368421052631575,103,103,21,103,,,,103,0,0,0,0.6386476187035441,13.527927325339988,14.727106936043128,1.05134042003192
zero_attempt_supplement,qwen2,maxcut_public,B,d0e42ecf62c375285bc2,sg3dl053000,True,,complete,False,38,,64.15094339622641,102,102,22,102,,,,102,0,0,0,0.6224297133740038,13.20204359665513,14.391792963026091,1.0816721920855343
zero_attempt_supplement,qwen2,maxcut_public,B,d3f0bc72a90d82602f4e,sg3dl055000,True,,complete,False,76,,32.142857142857146,91,91,33,91,,,,91,0,0,0,0.6075662295334041,11.956281195860356,13.048985421191901,0.9575463661458343
zero_attempt_supplement,qwen2,maxcut_public,B,d6fae5b258ec138e4f90,sg3dl055000,True,,complete,False,46,,58.92857142857143,116,116,8,116,,,,116,0,0,0,0.6594514935277402,15.642983565339819,16.910559233976528,1.1717145070433617
zero_attempt_supplement,qwen2,maxcut_public,B,de4c9dcdce864a7aaced,sg3dl052000,True,,complete,False,62,,44.642857142857146,94,94,30,94,,,,94,0,0,0,0.5998633133713156,12.204888610867783,13.311754608992487,0.9794951900839806
zero_attempt_supplement,qwen2,maxcut_public,B,edd3abbd8759e237c078,sg3dl058000,True,,complete,False,40,,62.96296296296296,116,116,8,116,,,,116,0,0,0,0.6609815543051809,15.216011709999293,16.504440901102498,1.1527220450807363
zero_attempt_supplement,qwen2,maxcut_public,B,f647ea9265147434a47d,sg3dl058000,True,,complete,False,36,,66.66666666666666,112,112,12,112,,,,112,0,0,0,0.5927090113982558,14.705117078730837,15.860070368042216,1.1349020630586892
zero_attempt_supplement,qwen2,maxcut_public,B,f78c0023675f93656e10,sg3dl056000,True,,complete,False,48,,56.36363636363636,111,111,13,111,,,,111,0,0,0,0.6170845469459891,14.363740922417492,15.535731894895434,1.1121823559515178
zero_attempt_supplement,qwen2,maxcut_public,C,0185bca51fdb76ca0ea1,sg3dl058000,True,,complete,False,62,,42.592592592592595,109,109,15,109,,,,109,0,0,0,0.625124319223687,14.292811778839678,15.521107451058924,1.123864081921056
zero_attempt_supplement,qwen2,maxcut_public,C,05e92f6aa8ef50d37eb5,sg3dl054000,True,,complete,False,66,,42.10526315789473,109,109,15,109,,,,109,0,0,0,0.6274817725643516,14.648200398311019,15.908908746903762,1.131806158926338
zero_attempt_supplement,qwen2,maxcut_public,C,081bfdfd180d710a065b,sg3dl053000,True,,complete,False,38,,64.15094339622641,111,111,13,111,,,,111,0,0,0,0.6318985836114734,14.559216425288469,15.816420461982489,1.1609700000844896
zero_attempt_supplement,qwen2,maxcut_public,C,0835f0a7b9d39c313863,sg3dl053000,True,,complete,False,50,,52.83018867924528,114,114,10,114,,,,114,0,0,0,0.6601050621829927,15.246636624680832,16.568032562965527,1.17581084696576
zero_attempt_supplement,qwen2,maxcut_public,C,1b147b824d88d8477c8d,sg3dl052000,True,,complete,False,38,,66.07142857142857,100,100,24,100,,,,100,0,0,0,0.5960091799497604,13.550488255219534,14.699015239952132,1.0623215860687196
zero_attempt_supplement,qwen2,maxcut_public,C,288dc8db216d88e9430e,sg3dl059000,True,,complete,False,48,,56.36363636363636,104,104,20,104,,,,104,0,0,0,0.6164172738790512,13.921736461576074,15.140336873941123,1.1045867400243878
zero_attempt_supplement,qwen2,maxcut_public,C,5afaf2b3c20af8b77de4,sg3dl059000,True,,complete,False,24,,78.18181818181819,120,120,4,120,,,,120,0,0,0,0.6607222307939082,15.895799065707251,17.24134682607837,1.2130826858337969
zero_attempt_supplement,qwen2,maxcut_public,C,86346dac7dab6467c3e5,sg3dl052000,True,,complete,False,64,,42.857142857142854,105,105,19,105,,,,105,0,0,0,0.6123207544442266,14.107375564286485,15.305456653004512,1.0839168289676309
zero_attempt_supplement,qwen2,maxcut_public,C,90e3de196947f86139b2,sg3dl0510000,True,,complete,False,42,,62.5,121,121,3,121,,,,121,0,0,0,0.6527634132653475,16.26811373210512,17.57451816694811,1.2187386848963797
zero_attempt_supplement,qwen2,maxcut_public,C,93319777c98a301e5797,sg3dl0510000,True,,complete,False,60,,46.42857142857143,105,105,19,105,,,,105,0,0,0,0.6385092621203512,14.598812028300017,15.851419497979805,1.0979027608409524
zero_attempt_supplement,qwen2,maxcut_public,C,968ec608d04c012ae9ea,sg3dl056000,True,,complete,False,58,,47.27272727272727,107,107,17,107,,,,107,0,0,0,0.6269987116102129,14.696753179188818,15.930092447903007,1.1163261781912297
zero_attempt_supplement,qwen2,maxcut_public,C,aa0dcbdbf1366f46ec14,sg3dl051000,True,,complete,False,38,,65.45454545454545,121,121,3,121,,,,121,0,0,0,0.620001157745719,15.406753764487803,16.67633742885664,1.2492191661149263
zero_attempt_supplement,qwen2,maxcut_public,C,bb5744a2d86035a3dc08,sg3dl057000,True,,complete,False,50,,55.35714285714286,94,94,30,94,,,,94,0,0,0,0.5878545790910721,13.024818704929203,14.162179367151111,1.018352405866608
zero_attempt_supplement,qwen2,maxcut_public,C,c67cb61ec0ceb65c6625,sg3dl051000,True,,complete,False,54,,50.90909090909091,104,104,20,104,,,,104,0,0,0,0.6374844338279217,13.608932305127382,14.836653085891157,1.0838258320000023
zero_attempt_supplement,qwen2,maxcut_public,C,c859d147d9df62a61a87,sg3dl054000,True,,complete,False,48,,57.89473684210527,107,107,17,107,,,,107,0,0,0,0.6250465661287308,13.830490006133914,15.056901799980551,1.1041681549977511
zero_attempt_supplement,qwen2,maxcut_public,C,d0e42ecf62c375285bc2,sg3dl053000,True,,complete,False,40,,62.264150943396224,110,110,14,110,,,,110,0,0,0,0.6447509585414082,14.607334072468802,15.888502485118806,1.1386144470889121
zero_attempt_supplement,qwen2,maxcut_public,C,de4c9dcdce864a7aaced,sg3dl052000,True,,complete,False,54,,51.78571428571429,105,105,19,105,,,,105,0,0,0,0.6167632341384888,14.551161946728826,15.756099672056735,1.1119552729651332
zero_attempt_supplement,qwen2,maxcut_public,C,edd3abbd8759e237c078,sg3dl058000,True,,complete,False,28,,74.07407407407408,121,121,3,121,,,,121,0,0,0,0.6667449767701328,16.307709293672815,17.649496744852513,1.2524659000337124
zero_attempt_supplement,qwen2,tsp_construct,A,s-0c5091efee6db7e767441688b67782d4,s-0c5091efee6db7e767441688b67782d4,True,,complete,False,642,360,,7,7,0,7,,,,7,0,0,0,0.0025718919932842255,0.5100379404611886,0.5240233349613845,0.01707666297443211
zero_attempt_supplement,qwen2,tsp_construct,A,s-21ed887b4d55bb3f022f0b4e2150d5ca,s-21ed887b4d55bb3f022f0b4e2150d5ca,True,,complete,False,1166,758,,10,10,0,10,,,,10,0,0,0,0.005212889984250069,1.032268550246954,1.0586104069370776,0.03628272796049714
zero_attempt_supplement,qwen2,tsp_construct,A,s-22b83f73482a36fedd754fbf2fcdf456,s-22b83f73482a36fedd754fbf2fcdf456,True,,complete,False,442,282,,6,6,0,6,,,,6,0,0,0,0.0019251429475843906,0.5984452464617789,0.610059754922986,0.012763160979375243
zero_attempt_supplement,qwen2,tsp_construct,A,s-29ace9e55286ccb615ec0e0808ea59d9,s-29ace9e55286ccb615ec0e0808ea59d9,True,,complete,False,410,220,,7,7,0,7,,,,7,0,0,0,0.0019917991012334824,0.5422460667323321,0.5539491339586675,0.016878938069567084
zero_attempt_supplement,qwen2,tsp_construct,A,s-35e3473cdbdadf1c87b58046512cdbb4,s-35e3473cdbdadf1c87b58046512cdbb4,True,,complete,False,336,152,,8,8,0,8,,,,8,0,0,0,0.003143315901979804,0.5154244364239275,0.5319791331421584,0.022456023143604398
zero_attempt_supplement,qwen2,tsp_construct,A,s-3ab0cdcec52de1195cd0cd153e9dcab4,s-3ab0cdcec52de1195cd0cd153e9dcab4,True,,complete,False,352,162,,6,6,0,6,,,,6,0,0,0,0.0019300770945847034,0.5775728242006153,0.5890269340015948,0.012747152941301465
zero_attempt_supplement,qwen2,tsp_construct,A,s-3e5903d234a377820b3cb8a2f849fa8c,s-3e5903d234a377820b3cb8a2f849fa8c,True,,complete,False,324,152,,7,7,0,7,,,,7,0,0,0,0.002085942542180419,0.500027216039598,0.5119218840263784,0.016742748906835914
zero_attempt_supplement,qwen2,tsp_construct,A,s-40eb5522706b3965eabb153c6b22d90f,s-40eb5522706b3965eabb153c6b22d90f,True,,complete,False,1044,718,,10,10,0,10,,,,10,0,0,0,0.005059997318312526,1.0015490578953177,1.0270746578462422,0.03571279416792095
zero_attempt_supplement,qwen2,tsp_construct,A,s-45c13854ab67d5822df5cc2c471aba2b,s-45c13854ab67d5822df5cc2c471aba2b,True,,complete,False,748,456,,10,10,0,10,,,,10,0,0,0,0.0045556745026260614,1.0531627628952265,1.075767028145492,0.03531590895727277
zero_attempt_supplement,qwen2,tsp_construct,A,s-4d109eeebdb9b886c97d3819fcd646a9,s-4d109eeebdb9b886c97d3819fcd646a9,True,,complete,False,536,222,,6,6,0,6,,,,6,0,0,0,0.0015426580794155598,0.6220218485686928,0.6317686531692743,0.012715518940240145
zero_attempt_supplement,qwen2,tsp_construct,A,s-55b8703b50f98d64f4932b566c5d1989,s-55b8703b50f98d64f4932b566c5d1989,True,,complete,False,334,182,,7,7,0,7,,,,7,0,0,0,0.002648934256285429,0.4339662080164999,0.4485350619070232,0.016741394065320492
zero_attempt_supplement,qwen2,tsp_construct,A,s-6714b2860a1041200c560f077e8e4e3d,s-6714b2860a1041200c560f077e8e4e3d,True,,complete,False,600,412,,7,7,0,7,,,,7,0,0,0,0.0023611949291080236,0.4884907391387969,0.5022133409511298,0.016991480952128768
zero_attempt_supplement,qwen2,tsp_construct,A,s-67a813f80d916e73c8b44d5ed0e3031f,s-67a813f80d916e73c8b44d5ed0e3031f,True,,complete,False,796,472,,9,9,0,9,,,,9,0,0,0,0.00391544820740819,0.6038162095937878,0.6242046859115362,0.028334878850728273
zero_attempt_supplement,qwen2,tsp_construct,A,s-698d5ec761fc785c5d3c0b0cc6751329,s-698d5ec761fc785c5d3c0b0cc6751329,True,,complete,False,1482,1004,,10,10,0,10,,,,10,0,0,0,0.005332449916750193,1.0416256121825427,1.0667918191757053,0.03546388307586312
zero_attempt_supplement,qwen2,tsp_construct,A,s-6b90100dbf54ef2f5d54beb972d1de17,s-6b90100dbf54ef2f5d54beb972d1de17,True,,complete,False,350,166,,8,8,0,8,,,,8,0,0,0,0.004135163966566324,0.5666650168132037,0.5843918179161847,0.04200689401477575
zero_attempt_supplement,qwen2,tsp_construct,A,s-7cd8616bce830b88f70db9b3214f3f50,s-7cd8616bce830b88f70db9b3214f3f50,True,,complete,False,534,338,,8,8,0,8,,,,8,0,0,0,0.0028791839722543955,0.5642550988122821,0.579563434002921,0.022126880940049887
zero_attempt_supplement,qwen2,tsp_construct,A,s-7e823b4967e8149ee0448c4d305da37f,s-7e823b4967e8149ee0448c4d305da37f,True,,complete,False,506,286,,6,6,0,6,,,,6,0,0,0,0.0018210450652986765,0.5757244550623,0.5869893250055611,0.012678605038672686
zero_attempt_supplement,qwen2,tsp_construct,A,s-7fa79da56ae117056c67f38bf611251a,s-7fa79da56ae117056c67f38bf611251a,True,,complete,False,1054,706,,9,9,0,9,,,,9,0,0,0,0.0040581931825727224,0.5936393798328936,0.6141866419930011,0.028148614102974534
zero_attempt_supplement,qwen2,tsp_construct,A,s-83cc2eb821490e734ddc0f90b64cc1b7,s-83cc2eb821490e734ddc0f90b64cc1b7,True,,complete,False,648,358,,8,8,0,8,,,,8,0,0,0,0.0030922647565603256,0.5294615940656513,0.5463787198532373,0.022135190200060606
zero_attempt_supplement,qwen2,tsp_construct,A,s-9a0ccf8535b879433376ad2961d09821,s-9a0ccf8535b879433376ad2961d09821,True,,complete,False,422,238,,10,10,0,10,,,,10,0,0,0,0.004599056206643581,1.0389614175073802,1.0615801219828427,0.03586730803363025
zero_attempt_supplement,qwen2,tsp_construct,A,s-9ed3189fb29803023959945a5b100dd2,s-9ed3189fb29803023959945a5b100dd2,True,,complete,False,512,320,,7,7,0,7,,,,7,0,0,0,0.002371565904468298,0.46566216787323356,0.4793403041549027,0.01695068716071546
zero_attempt_supplement,qwen2,tsp_construct,A,s-a2e3b730946020f5487d75d8edc64e5c,s-a2e3b730946020f5487d75d8edc64e5c,True,,complete,False,622,426,,9,9,0,9,,,,9,0,0,0,0.003198180114850402,0.6598042217083275,0.6774151460267603,0.03728924598544836
zero_attempt_supplement,qwen2,tsp_construct,A,s-a38cb512a4b68bd8bbe4b957e204a745,s-a38cb512a4b68bd8bbe4b957e204a745,True,,complete,False,548,316,,9,9,0,9,,,,9,0,0,0,0.0040204033721238375,0.6129301597829908,0.6334262299351394,0.03344643791206181
zero_attempt_supplement,qwen2,tsp_construct,A,s-ae9eaa2d91bba7db6103ee24d079cfbb,s-ae9eaa2d91bba7db6103ee24d079cfbb,True,,complete,False,528,328,,9,9,0,9,,,,9,0,0,0,0.003825196996331215,0.6529407580383122,0.6727061059791595,0.028323754901066422
zero_attempt_supplement,qwen2,tsp_construct,A,s-b0f00c9620b23f84a2d3afdb4468b919,s-b0f00c9620b23f84a2d3afdb4468b919,True,,complete,False,570,324,,6,6,0,6,,,,6,0,0,0,0.0018169200047850609,0.5727084735408425,0.5836476380936801,0.01264826999977231
zero_attempt_supplement,qwen2,tsp_construct,A,s-c448c26420296868dfd3b4ef69c90315,s-c448c26420296868dfd3b4ef69c90315,True,,complete,False,774,406,,8,8,0,8,,,,8,0,0,0,0.002866678638383746,0.597601099871099,0.6130589749664068,0.02196192997507751
zero_attempt_supplement,qwen2,tsp_construct,A,s-d14be347921ef6369ee178227d00388d,s-d14be347921ef6369ee178227d00388d,True,,complete,False,686,388,,8,8,0,8,,,,8,0,0,0,0.002759643830358982,0.561066415393725,0.5761236748658121,0.02216370403766632
zero_attempt_supplement,qwen2,tsp_construct,A,s-d3bfc30e7889f09fa710f0f65db3614f,s-d3bfc30e7889f09fa710f0f65db3614f,True,,complete,False,370,192,,9,9,0,9,,,,9,0,0,0,0.004056633682921529,0.631208120379597,0.6525109531357884,0.028136254055425525
zero_attempt_supplement,qwen2,tsp_construct,A,s-df20b4c07e91eddd083736a8123f20c6,s-df20b4c07e91eddd083736a8123f20c6,True,,complete,False,914,624,,9,9,0,9,,,,9,0,0,0,0.003982411231845617,0.6721546545159072,0.6930032060481608,0.029328694101423025
zero_attempt_supplement,qwen2,tsp_construct,A,s-fcb66dc8dd601f180ae8f90b1493647a,s-fcb66dc8dd601f180ae8f90b1493647a,True,,complete,False,574,276,,6,6,0,6,,,,6,0,0,0,0.0019643648993223906,0.5862321585882455,0.5976889659650624,0.032227934105321765
zero_attempt_supplement,qwen2,tsp_construct,B,s-0c5091efee6db7e767441688b67782d4,s-0c5091efee6db7e767441688b67782d4,True,,complete,False,282,0,,1,1,6,1,,,,1,0,0,0,0.002788031008094549,0.07643220899626613,0.08327165199443698,0.005710144992917776
zero_attempt_supplement,qwen2,tsp_construct,B,s-21ed887b4d55bb3f022f0b4e2150d5ca,s-21ed887b4d55bb3f022f0b4e2150d5ca,True,,complete,False,408,0,,0,0,10,0,,,,0,0,0,0,0.004957188386470079,0.0,0.008916527032852173,0.005621055839583278
zero_attempt_supplement,qwen2,tsp_construct,B,s-29ace9e55286ccb615ec0e0808ea59d9,s-29ace9e55286ccb615ec0e0808ea59d9,True,,complete,False,190,0,,1,1,6,1,,,,1,0,0,0,0.0026028568390756845,0.07632592599838972,0.08337940508499742,0.002550765173509717
zero_attempt_supplement,qwen2,tsp_construct,B,s-35e3473cdbdadf1c87b58046512cdbb4,s-35e3473cdbdadf1c87b58046512cdbb4,True,,complete,False,316,132,,3,3,5,3,,,,3,0,0,0,0.004182025091722608,0.24589626560918987,0.25704967393539846,0.013130083912983537
zero_attempt_supplement,qwen2,tsp_construct,B,s-3ab0cdcec52de1195cd0cd153e9dcab4,s-3ab0cdcec52de1195cd0cd153e9dcab4,True,,complete,False,206,16,,2,2,4,2,,,,2,0,0,0,0.002475423738360405,0.19370125769637525,0.20170012884773314,0.007235840894281864
zero_attempt_supplement,qwen2,tsp_construct,B,s-3e5903d234a377820b3cb8a2f849fa8c,s-3e5903d234a377820b3cb8a2f849fa8c,True,,complete,False,178,6,,5,5,2,5,,,,5,0,0,0,0.004029431147500873,0.3897194650489837,0.402909304946661,0.016553365159779787
zero_attempt_supplement,qwen2,tsp_construct,B,s-40eb5522706b3965eabb153c6b22d90f,s-40eb5522706b3965eabb153c6b22d90f,True,,complete,False,330,4,,4,4,6,4,,,,4,0,0,0,0.006872223690152168,0.468214379157871,0.48562053102068603,0.021640848834067583
zero_attempt_supplement,qwen2,tsp_construct,B,s-45c13854ab67d5822df5cc2c471aba2b,s-45c13854ab67d5822df5cc2c471aba2b,True,,complete,False,292,0,,1,1,9,1,,,,1,0,0,0,0.005425305804237723,0.11640749406069517,0.1279453330207616,0.009770133998245
zero_attempt_supplement,qwen2,tsp_construct,B,s-4ca2b1feb1f7783837e55406183c1d9a,s-4ca2b1feb1f7783837e55406183c1d9a,True,,complete,False,290,8,,1,1,6,1,,,,1,0,0,0,0.002773533808067441,0.09862125990912318,0.10594683303497732,0.0058118070010095835
zero_attempt_supplement,qwen2,tsp_construct,B,s-54e0e831e147d0a47f36432412b5cf78,s-54e0e831e147d0a47f36432412b5cf78,True,,complete,False,186,4,,2,2,8,2,,,,2,0,0,0,0.005917588714510202,0.23429089481942356,0.2482122729998082,0.013743174029514194
zero_attempt_supplement,qwen2,tsp_construct,B,s-55b8703b50f98d64f4932b566c5d1989,s-55b8703b50f98d64f4932b566c5d1989,True,,complete,False,152,0,,1,1,6,1,,,,1,0,0,0,0.003011995693668723,0.09725135401822627,0.1048079440370202,0.005796405021101236
zero_attempt_supplement,qwen2,tsp_construct,B,s-67a813f80d916e73c8b44d5ed0e3031f,s-67a813f80d916e73c8b44d5ed0e3031f,True,,complete,False,342,18,,1,1,8,1,,,,1,0,0,0,0.0043922229669988155,0.09402514598332345,0.10393656603991985,0.008365391986444592
zero_attempt_supplement,qwen2,tsp_construct,B,s-698d5ec761fc785c5d3c0b0cc6751329,s-698d5ec761fc785c5d3c0b0cc6751329,True,,complete,False,478,0,,1,1,9,1,,,,1,0,0,0,0.00546535081230104,0.09824468591250479,0.10984694585204124,0.009930073982104659
zero_attempt_supplement,qwen2,tsp_construct,B,s-6b90100dbf54ef2f5d54beb972d1de17,s-6b90100dbf54ef2f5d54beb972d1de17,True,,complete,False,200,16,,3,3,5,3,,,,3,0,0,0,0.004199625225737691,0.23642057296819985,0.2480478729121387,0.013122731819748878
zero_attempt_supplement,qwen2,tsp_construct,B,s-70a834f7b3ceb9ef0c094ea6b3a41866,s-70a834f7b3ceb9ef0c094ea6b3a41866,True,,complete,False,200,6,,2,2,6,2,,,,2,0,0,0,0.003996731713414192,0.17441936512477696,0.18489431007765234,0.010195938870310783
zero_attempt_supplement,qwen2,tsp_construct,B,s-71b3029836cedd68be8ba69981a17724,s-71b3029836cedd68be8ba69981a17724,True,,complete,False,210,18,,4,4,6,4,,,,4,0,0,0,0.006858826614916325,0.4302242458797991,0.44796828692778945,0.02143193199299276
zero_attempt_supplement,qwen2,tsp_construct,B,s-7cd8616bce830b88f70db9b3214f3f50,s-7cd8616bce830b88f70db9b3214f3f50,True,,complete,False,206,10,,4,4,4,4,,,,4,0,0,0,0.005087472964078188,0.28316052886657417,0.2973781928885728,0.016195728909224272
zero_attempt_supplement,qwen2,tsp_construct,B,s-7e823b4967e8149ee0448c4d305da37f,s-7e823b4967e8149ee0448c4d305da37f,True,,complete,False,220,0,,1,1,5,1,,,,1,0,0,0,0.0022675474174320698,0.09821369778364897,0.1045527271926403,0.004750909050926566
zero_attempt_supplement,qwen2,tsp_construct,B,s-7fa79da56ae117056c67f38bf611251a,s-7fa79da56ae117056c67f38bf611251a,True,,complete,False,372,24,,4,4,5,4,,,,4,0,0,0,0.004947714973241091,0.4537202010396868,0.4666973811108619,0.0186935740057379
zero_attempt_supplement,qwen2,tsp_construct,B,s-83cc2eb821490e734ddc0f90b64cc1b7,s-83cc2eb821490e734ddc0f90b64cc1b7,True,,complete,False,310,20,,4,4,4,4,,,,4,0,0,0,0.0033534937538206577,0.3421064540743828,0.35284609999507666,0.016131327021867037
zero_attempt_supplement,qwen2,tsp_construct,B,s-a2e3b730946020f5487d75d8edc64e5c,s-a2e3b730946020f5487d75d8edc64e5c,True,,complete,False,200,4,,5,5,4,5,,,,5,0,0,0,0.004551253514364362,0.39895656588487327,0.4132068532053381,0.02180926618166268
zero_attempt_supplement,qwen2,tsp_construct,B,s-a38cb512a4b68bd8bbe4b957e204a745,s-a38cb512a4b68bd8bbe4b957e204a745,True,,complete,False,232,0,,1,1,8,1,,,,1,0,0,0,0.004409652901813388,0.0943536451086402,0.10464499494992197,0.008279250003397465
zero_attempt_supplement,qwen2,tsp_construct,B,s-ae9eaa2d91bba7db6103ee24d079cfbb,s-ae9eaa2d91bba7db6103ee24d079cfbb,True,,complete,False,214,14,,2,2,7,2,,,,2,0,0,0,0.0036735201720148325,0.2202679761685431,0.2292061031330377,0.011912090005353093
zero_attempt_supplement,qwen2,tsp_construct,B,s-b890d4e09f645951cd5b0999d8ebf054,s-b890d4e09f645951cd5b0999d8ebf054,True,,complete,False,374,92,,2,2,4,2,,,,2,0,0,0,0.0024093545507639647,0.19202758208848536,0.19957234105095267,0.007261051097884774
zero_attempt_supplement,qwen2,tsp_construct,B,s-bf1c2a077e7d3dda9247ed2beb22371d,s-bf1c2a077e7d3dda9247ed2beb22371d,True,,complete,False,172,0,,0,0,6,0,,,,0,0,0,0,0.0008462697733193636,0.0,0.0028182019013911486,0.001054536085575819
zero_attempt_supplement,qwen2,tsp_construct,B,s-d14be347921ef6369ee178227d00388d,s-d14be347921ef6369ee178227d00388d,True,,complete,False,304,6,,2,2,6,2,,,,2,0,0,0,0.0029333338607102633,0.2011734659317881,0.20913736405782402,0.010170554975047708
zero_attempt_supplement,qwen2,tsp_construct,B,s-dc70c167aae8a1912ba61b45e58e97bb,s-dc70c167aae8a1912ba61b45e58e97bb,True,,complete,False,310,0,,0,0,9,0,,,,0,0,0,0,0.0040077215526252985,0.0,0.008150693960487843,0.004685808904469013
zero_attempt_supplement,qwen2,tsp_construct,B,s-df20b4c07e91eddd083736a8123f20c6,s-df20b4c07e91eddd083736a8123f20c6,True,,complete,False,448,158,,3,3,6,3,,,,3,0,0,0,0.005115047562867403,0.31592727825045586,0.3291231880430132,0.016197405057027936
zero_attempt_supplement,qwen2,tsp_construct,B,s-f8643da54dd3a304897184c05b256501,s-f8643da54dd3a304897184c05b256501,True,,complete,False,388,0,,0,0,8,0,,,,0,0,0,0,0.0031457068398594856,0.0,0.006858601002022624,0.003718562889844179
zero_attempt_supplement,qwen2,tsp_construct,B,s-fcb66dc8dd601f180ae8f90b1493647a,s-fcb66dc8dd601f180ae8f90b1493647a,True,,complete,False,312,14,,3,3,3,3,,,,3,0,0,0,0.002114302711561322,0.3329969779588282,0.3401524389628321,0.009674174943938851
zero_attempt_supplement,qwen2,tsp_construct,C,s-0c5091efee6db7e767441688b67782d4,s-0c5091efee6db7e767441688b67782d4,True,,complete,False,282,0,,1,1,6,1,,,,1,0,0,0,0.0012930156663060188,0.09660997800529003,0.10095717897638679,0.0027370559982955456
zero_attempt_supplement,qwen2,tsp_construct,C,s-21ed887b4d55bb3f022f0b4e2150d5ca,s-21ed887b4d55bb3f022f0b4e2150d5ca,True,,complete,False,408,0,,0,0,10,0,,,,0,0,0,0,0.005018397932872176,0.0,0.009496618062257767,0.0057080930564552546
zero_attempt_supplement,qwen2,tsp_construct,C,s-29ace9e55286ccb615ec0e0808ea59d9,s-29ace9e55286ccb615ec0e0808ea59d9,True,,complete,False,190,0,,1,1,6,1,,,,1,0,0,0,0.0028476312290877104,0.11539402790367603,0.12306589004583657,0.0062261458951979876
zero_attempt_supplement,qwen2,tsp_construct,C,s-390719bc960e0402eda8b316a7f9ab0c,s-390719bc960e0402eda8b316a7f9ab0c,True,,complete,False,292,0,,1,1,6,1,,,,1,0,0,0,0.0012606335803866386,0.12829531589522958,0.1325129030738026,0.002887439914047718
zero_attempt_supplement,qwen2,tsp_construct,C,s-3ab0cdcec52de1195cd0cd153e9dcab4,s-3ab0cdcec52de1195cd0cd153e9dcab4,True,,complete,False,206,16,,2,2,4,2,,,,2,0,0,0,0.002481791889294982,0.2069009740371257,0.21537442109547555,0.008189709158614278
zero_attempt_supplement,qwen2,tsp_construct,C,s-3e5903d234a377820b3cb8a2f849fa8c,s-3e5903d234a377820b3cb8a2f849fa8c,True,,complete,False,182,10,,3,3,4,3,,,,3,0,0,0,0.0034553746227174997,0.2519344531465322,0.2631316729821265,0.012405704008415341
zero_attempt_supplement,qwen2,tsp_construct,C,s-45c13854ab67d5822df5cc2c471aba2b,s-45c13854ab67d5822df5cc2c471aba2b,True,,complete,False,292,0,,1,1,9,1,,,,1,0,0,0,0.005435754545032978,0.08228958887048066,0.09369846503250301,0.010161604033783078
zero_attempt_supplement,qwen2,tsp_construct,C,s-4ca2b1feb1f7783837e55406183c1d9a,s-4ca2b1feb1f7783837e55406183c1d9a,True,,complete,False,290,8,,1,1,6,1,,,,1,0,0,0,0.002838002284988761,0.09256326803006232,0.10023570316843688,0.006090275011956692
zero_attempt_supplement,qwen2,tsp_construct,C,s-4d109eeebdb9b886c97d3819fcd646a9,s-4d109eeebdb9b886c97d3819fcd646a9,True,,complete,False,328,14,,2,2,4,2,,,,2,0,0,0,0.0025955408345907927,0.22861549677327275,0.23747744294814765,0.008115115109831095
zero_attempt_supplement,qwen2,tsp_construct,C,s-54e0e831e147d0a47f36432412b5cf78,s-54e0e831e147d0a47f36432412b5cf78,True,,complete,False,186,4,,2,2,8,2,,,,2,0,0,0,0.0045903746504336596,0.27942138700746,0.28939072182402015,0.014386726077646017
zero_attempt_supplement,qwen2,tsp_construct,C,s-55b8703b50f98d64f4932b566c5d1989,s-55b8703b50f98d64f4932b566c5d1989,True,,complete,False,152,0,,1,1,6,1,,,,1,0,0,0,0.002730795182287693,0.0962057700380683,0.10345371998846531,0.002769605955109
zero_attempt_supplement,qwen2,tsp_construct,C,s-6714b2860a1041200c560f077e8e4e3d,s-6714b2860a1041200c560f077e8e4e3d,True,,complete,False,192,4,,3,3,4,3,,,,3,0,0,0,0.0035760996397584677,0.2973368118982762,0.3086997768841684,0.014028049074113369
zero_attempt_supplement,qwen2,tsp_construct,C,s-698d5ec761fc785c5d3c0b0cc6751329,s-698d5ec761fc785c5d3c0b0cc6751329,True,,complete,False,478,0,,1,1,9,1,,,,1,0,0,0,0.005501557607203722,0.11714948201552033,0.12917243409901857,0.010265266988426447
zero_attempt_supplement,qwen2,tsp_construct,C,s-70a834f7b3ceb9ef0c094ea6b3a41866,s-70a834f7b3ceb9ef0c094ea6b3a41866,True,,complete,False,200,6,,2,2,6,2,,,,2,0,0,0,0.004038722719997168,0.2609766907989979,0.271765414159745,0.011117463000118732
zero_attempt_supplement,qwen2,tsp_construct,C,s-71b3029836cedd68be8ba69981a17724,s-71b3029836cedd68be8ba69981a17724,True,,complete,False,210,18,,4,4,6,4,,,,4,0,0,0,0.006903849774971604,0.46219933801330626,0.48090632795356214,0.0230926179792732
zero_attempt_supplement,qwen2,tsp_construct,C,s-7cd8616bce830b88f70db9b3214f3f50,s-7cd8616bce830b88f70db9b3214f3f50,True,,complete,False,200,4,,4,4,4,4,,,,4,0,0,0,0.004709037719294429,0.4480802451726049,0.46247006487101316,0.017776985187083483
zero_attempt_supplement,qwen2,tsp_construct,C,s-7e823b4967e8149ee0448c4d305da37f,s-7e823b4967e8149ee0448c4d305da37f,True,,complete,False,220,0,,1,1,5,1,,,,1,0,0,0,0.0010063305962830782,0.14162761787883937,0.1455008559860289,0.00232325098477304
zero_attempt_supplement,qwen2,tsp_construct,C,s-7fa79da56ae117056c67f38bf611251a,s-7fa79da56ae117056c67f38bf611251a,True,,complete,False,362,14,,2,2,7,2,,,,2,0,0,0,0.0030001248233020306,0.2723553110845387,0.28028453001752496,0.012963278917595744
zero_attempt_supplement,qwen2,tsp_construct,C,s-9ed3189fb29803023959945a5b100dd2,s-9ed3189fb29803023959945a5b100dd2,True,,complete,False,200,8,,1,1,6,1,,,,1,0,0,0,0.0012704634573310614,0.1244322070851922,0.12883051810786128,0.002772220876067877
zero_attempt_supplement,qwen2,tsp_construct,C,s-a2e3b730946020f5487d75d8edc64e5c,s-a2e3b730946020f5487d75d8edc64e5c,True,,complete,False,208,12,,5,5,4,5,,,,5,0,0,0,0.004917296813800931,0.548227058025077,0.5634478149004281,0.023825553944334388
zero_attempt_supplement,qwen2,tsp_construct,C,s-ae9eaa2d91bba7db6103ee24d079cfbb,s-ae9eaa2d91bba7db6103ee24d079cfbb,True,,complete,False,206,6,,2,2,7,2,,,,2,0,0,0,0.004937795689329505,0.19928395305760205,0.21171407913789153,0.012639350956305861
zero_attempt_supplement,qwen2,tsp_construct,C,s-b0f00c9620b23f84a2d3afdb4468b919,s-b0f00c9620b23f84a2d3afdb4468b919,True,,complete,False,246,0,,0,0,6,0,,,,0,0,0,0,0.0018645150121301413,0.0,0.004691699054092169,0.0023666711058467627
zero_attempt_supplement,qwen2,tsp_construct,C,s-b890d4e09f645951cd5b0999d8ebf054,s-b890d4e09f645951cd5b0999d8ebf054,True,,complete,False,290,8,,2,2,4,2,,,,2,0,0,0,0.0024610920809209347,0.2172740118112415,0.2255211321171373,0.008026752853766084
zero_attempt_supplement,qwen2,tsp_construct,C,s-bf1c2a077e7d3dda9247ed2beb22371d,s-bf1c2a077e7d3dda9247ed2beb22371d,True,,complete,False,172,0,,0,0,6,0,,,,0,0,0,0,0.001886006910353899,0.0,0.004961383994668722,0.002356319222599268
zero_attempt_supplement,qwen2,tsp_construct,C,s-d3bfc30e7889f09fa710f0f65db3614f,s-d3bfc30e7889f09fa710f0f65db3614f,True,,complete,False,192,14,,5,5,4,5,,,,5,0,0,0,0.006064726272597909,0.5351004402618855,0.5535149369388819,0.02404403197579086
zero_attempt_supplement,qwen2,tsp_construct,C,s-df20b4c07e91eddd083736a8123f20c6,s-df20b4c07e91eddd083736a8123f20c6,True,,complete,False,448,158,,3,3,6,3,,,,3,0,0,0,0.00537704024463892,0.3098070363048464,0.3244828740134835,0.01659567980095744
zero_attempt_supplement,qwen2,tsp_construct,C,s-f8643da54dd3a304897184c05b256501,s-f8643da54dd3a304897184c05b256501,True,,complete,False,388,0,,0,0,8,0,,,,0,0,0,0,0.003184529021382332,0.0,0.007056826027110219,0.002070726826786995
zero_attempt_supplement,qwen2,tsp_construct,C,s-fcb66dc8dd601f180ae8f90b1493647a,s-fcb66dc8dd601f180ae8f90b1493647a,True,,complete,False,300,2,,2,2,4,2,,,,2,0,0,0,0.001461327774450183,0.2578441621735692,0.26335178106091917,0.008047663839533925
zero_attempt_supplement,qwen2,tsp_public,A,044225a6f2e770ef55e2,kroB200,True,,complete,False,295280,,903.0913476237389,198,198,0,198,,,,198,0,0,0,3.363267118576914,45.27771192975342,49.884945790981874,4.116655094083399
zero_attempt_supplement,qwen2,tsp_public,A,1a20d32aab67439dbaec,tsp225,True,,complete,False,40347,,930.3115423901941,223,223,0,223,,,,223,0,0,0,4.640495539177209,55.701008923351765,61.89626786019653,5.54675429710187
zero_attempt_supplement,qwen2,tsp_public,A,2448ac56127dbfb1ee7e,bier127,True,,complete,False,615344,,420.23469335993644,125,125,0,125,,,,125,0,0,0,0.9483225310686976,20.430344302440062,21.91486722091213,1.2827811071183532
zero_attempt_supplement,qwen2,tsp_public,A,32a4d86692db8d853591,kroA100,True,,complete,False,158378,,644.1875763556058,98,98,0,98,,,,98,0,0,0,0.47923384606838226,14.52542235283181,15.353433587122709,0.7265876620076597
zero_attempt_supplement,qwen2,tsp_public,A,60f6300678dd72dc82e5,kroA150,True,,complete,False,238761,,800.1696576685266,148,148,0,148,,,,148,0,0,0,1.4839807194657624,26.915066628018394,29.109509474830702,1.9496069818269461
zero_attempt_supplement,qwen2,tsp_public,A,6d21d1a66f187f5f7035,kroB200,True,,complete,False,305468,,937.7008526684104,198,198,0,198,,,,198,0,0,0,3.340211825678125,45.73347930656746,50.3276010020636,4.088309522019699
zero_attempt_supplement,qwen2,tsp_public,A,74327333c84cc9c9fce9,kroB200,True,,complete,False,332721,,1030.2816183714374,198,198,0,198,,,,198,0,0,0,3.3738808317575604,44.38095072726719,48.943730318918824,4.129684800980613
zero_attempt_supplement,qwen2,tsp_public,A,7482ef052dd60cb7c2f0,kroA100,True,,complete,False,154882,,627.7605488205996,98,98,0,98,,,,98,0,0,0,0.48786116717383265,14.22164526139386,15.07261940697208,0.7258264089468867
zero_attempt_supplement,qwen2,tsp_public,A,8a04cce0cc5004870e69,kroC100,True,,complete,False,157619,,659.6462480119524,98,98,0,98,,,,98,0,0,0,0.479412215994671,14.329000053694472,15.16489022411406,0.7224775860086083
zero_attempt_supplement,qwen2,tsp_public,A,8ba7072288c2145a4cfd,tsp225,True,,complete,False,40828,,942.5944841675179,223,223,0,223,,,,223,0,0,0,4.678340568207204,54.88035113713704,61.097782119875774,5.586478922050446
zero_attempt_supplement,qwen2,tsp_public,A,9d28b5267d7a888ca8ad,kroA150,True,,complete,False,250586,,844.75192278691,148,148,0,148,,,,148,0,0,0,1.4795913042034954,26.458975069690496,28.643407623982057,1.944405796006322
zero_attempt_supplement,qwen2,tsp_public,A,b4e30346b4fe00bc1b40,kroC100,True,,complete,False,160504,,673.5505325557858,98,98,0,98,,,,98,0,0,0,0.45450665429234505,14.199792691972107,15.002787849865854,0.7241789090912789
zero_attempt_supplement,qwen2,tsp_public,A,b9db0e2302f251b2cb8b,kroB100,True,,complete,False,152066,,586.8072806106318,98,98,0,98,,,,98,0,0,0,0.48145230556838214,14.286588366376236,15.11964742001146,0.7258389391936362
zero_attempt_supplement,qwen2,tsp_public,A,c4a1ab4447bdf3dade04,kroA100,True,,complete,False,144306,,578.0659712433043,98,98,0,98,,,,98,0,0,0,0.4872135210316628,14.492083460325375,15.339862745953724,0.727279941085726
zero_attempt_supplement,qwen2,tsp_public,A,d5cf18645ce3212f5314,bier127,True,,complete,False,623409,,427.05314418085595,125,125,0,125,,,,125,0,0,0,0.9406649710144848,20.677387029398233,22.169656913960353,1.2912909821607172
zero_attempt_supplement,qwen2,tsp_public,A,da0bb64096b3ee6b6b8d,bier127,True,,complete,False,594518,,402.62761874165125,125,125,0,125,,,,125,0,0,0,0.9406991074793041,20.549710974330083,22.04028558707796,1.2924266590271145
zero_attempt_supplement,qwen2,tsp_public,B,044225a6f2e770ef55e2,kroB200,True,,complete,False,42505,,44.39311071100995,108,108,90,108,,,,108,0,0,0,0.21172653953544796,14.976259934017435,15.755136164138094,0.6601614889223129
zero_attempt_supplement,qwen2,tsp_public,B,121d82f7209f92abacaa,kroB100,True,,complete,False,35808,,61.72711259654036,57,57,41,57,,,,57,0,0,0,0.06252983235754073,6.259786048904061,6.507975505897775,0.2054225590545684
zero_attempt_supplement,qwen2,tsp_public,B,2448ac56127dbfb1ee7e,bier127,True,,complete,False,163580,,38.29661317867469,65,65,60,65,,,,65,0,0,0,0.09025006624870002,7.400324566056952,7.748055139090866,0.2753958471585065
zero_attempt_supplement,qwen2,tsp_public,B,60f6300678dd72dc82e5,kroA150,True,,complete,False,44374,,67.29754184889157,80,80,68,80,,,,80,0,0,0,0.12656484241597354,9.451313747558743,9.933563405880705,0.376222605118528
zero_attempt_supplement,qwen2,tsp_public,B,6d21d1a66f187f5f7035,kroB200,True,,complete,False,38993,,32.46254713455855,101,101,97,101,,,,101,0,0,0,0.20537063525989652,14.558500973507762,15.30284967715852,0.6529613661114126
zero_attempt_supplement,qwen2,tsp_public,B,74327333c84cc9c9fce9,kroB200,True,,complete,False,43289,,47.05642558684649,110,110,88,110,,,,110,0,0,0,0.21363741136156023,14.787743531400338,15.572705901926383,0.6470445860177279
zero_attempt_supplement,qwen2,tsp_public,B,7482ef052dd60cb7c2f0,kroA100,True,,complete,False,31022,,45.76637534066347,55,55,43,55,,,,55,0,0,0,0.06113422615453601,5.740206185961142,5.984855019021779,0.2136178209912032
zero_attempt_supplement,qwen2,tsp_public,B,8a04cce0cc5004870e69,kroC100,True,,complete,False,27990,,34.89806737674105,46,46,52,46,,,,46,0,0,0,0.05373301403596997,5.141647862736136,5.35058676591143,0.18925940105691552
zero_attempt_supplement,qwen2,tsp_public,B,8ba7072288c2145a4cfd,tsp225,True,,complete,False,5627,,43.692543411644536,120,120,103,120,,,,120,0,0,0,0.25242862827144563,17.153554188087583,18.101027147145942,0.8093795038294047
zero_attempt_supplement,qwen2,tsp_public,B,9d28b5267d7a888ca8ad,kroA150,True,,complete,False,36208,,36.510330266928065,85,85,63,85,,,,85,0,0,0,0.1273372727446258,10.209798343246803,10.681864083046094,0.4116404801607132
zero_attempt_supplement,qwen2,tsp_public,B,c4a1ab4447bdf3dade04,kroA100,True,,complete,False,33712,,58.406164834132134,53,53,45,53,,,,53,0,0,0,0.05916139739565551,5.714418059680611,5.949310106923804,0.19652926409617066
zero_attempt_supplement,qwen2,tsp_public,B,da0bb64096b3ee6b6b8d,bier127,True,,complete,False,169799,,43.554386973504,69,69,56,69,,,,69,0,0,0,0.09389462019316852,7.956828997703269,8.320822501089424,0.30632244097068906
zero_attempt_supplement,qwen2,tsp_public,C,121d82f7209f92abacaa,kroB100,True,,complete,False,31263,,41.199584481279075,55,55,43,55,,,,55,0,0,0,0.06099338014610112,6.091680342098698,6.3341852279845625,0.21087068901397288
zero_attempt_supplement,qwen2,tsp_public,C,2448ac56127dbfb1ee7e,bier127,True,,complete,False,139330,,17.794761671260208,63,63,62,63,,,,63,0,0,0,0.08731080987490714,7.662397661712021,7.9937757819425315,0.24374827393330634
zero_attempt_supplement,qwen2,tsp_public,C,2bb94d12a8bd02f6cf08,tsp225,True,,complete,False,5648,,44.2288049029622,130,130,93,130,,,,130,0,0,0,0.2741958654951304,19.471893009729683,20.469308285973966,0.9142035490367562
zero_attempt_supplement,qwen2,tsp_public,C,2be759485bc70e8c2517,kroA150,True,,complete,False,34214,,28.992610465993064,76,76,72,76,,,,76,0,0,0,0.1186431203968823,10.067688666051254,10.533690962009132,0.3759025458712131
zero_attempt_supplement,qwen2,tsp_public,C,32a4d86692db8d853591,kroA100,True,,complete,False,28928,,35.92707452307114,47,47,51,47,,,,47,0,0,0,0.056082362309098244,5.3424998028203845,5.558633784065023,0.19385985913686454
zero_attempt_supplement,qwen2,tsp_public,C,47e8ae743e5114e85867,kroB100,True,,complete,False,26819,,21.128223657468045,45,45,53,45,,,,45,0,0,0,0.05593003239482641,5.058094852603972,5.275121076032519,0.16039973800070584
zero_attempt_supplement,qwen2,tsp_public,C,60f6300678dd72dc82e5,kroA150,True,,complete,False,41538,,56.60533856130298,74,74,74,74,,,,74,0,0,0,0.11901120189577341,9.51912582712248,9.956162136979401,0.36590548884123564
zero_attempt_supplement,qwen2,tsp_public,C,6d21d1a66f187f5f7035,kroB200,True,,complete,False,38757,,31.66083500356694,106,106,92,106,,,,106,0,0,0,0.21464625769294798,15.666119670495391,16.45263104699552,0.6908092109952122
zero_attempt_supplement,qwen2,tsp_public,C,74327333c84cc9c9fce9,kroB200,True,,complete,False,39110,,32.860006114753546,109,109,89,109,,,,109,0,0,0,0.1952698326203972,15.903828338952735,16.62847972800955,0.6827205209992826
zero_attempt_supplement,qwen2,tsp_public,C,7482ef052dd60cb7c2f0,kroA100,True,,complete,False,27432,,28.89765999436143,47,47,51,47,,,,47,0,0,0,0.051013323245570064,5.054340354865417,5.243829688988626,0.1459121739026159
zero_attempt_supplement,qwen2,tsp_public,C,8a04cce0cc5004870e69,kroC100,True,,complete,False,24752,,19.292496023904768,42,42,56,42,,,,42,0,0,0,0.05163494101725519,4.900313167832792,5.125429863110185,0.17595522408373654
zero_attempt_supplement,qwen2,tsp_public,C,8ba7072288c2145a4cfd,tsp225,True,,complete,False,5325,,35.9805924412666,123,123,100,123,,,,123,0,0,0,0.2800558533053845,18.217454169876873,19.246115027926862,0.8890244821086526
zero_attempt_supplement,qwen2,tsp_public,C,8ce2bcba3b1364fdcc77,kroC100,True,,complete,False,25557,,23.17220106993108,47,47,51,47,,,,47,0,0,0,0.055680207908153534,5.31219739606604,5.53535319189541,0.1728882568422705
zero_attempt_supplement,qwen2,tsp_public,C,9d28b5267d7a888ca8ad,kroA150,True,,complete,False,38694,,45.88297391042075,84,84,64,84,,,,84,0,0,0,0.13093715766444802,10.877420948352665,11.38176705990918,0.4195901029743254
zero_attempt_supplement,qwen2,tsp_public,C,c4a1ab4447bdf3dade04,kroA100,True,,complete,False,34488,,62.052438680575136,56,56,42,56,,,,56,0,0,0,0.06381138623692095,6.450884866062552,6.708342963131145,0.21128089795820415
zero_attempt_supplement,qwen2,tsp_public,C,d5cf18645ce3212f5314,bier127,True,,complete,False,173802,,46.93867198728462,70,70,55,70,,,,70,0,0,0,0.09705647244118154,8.550499129574746,8.936282064998522,0.3112864070571959
zero_attempt_supplement,qwen2,tsp_public,C,da0bb64096b3ee6b6b8d,bier127,True,,complete,False,148303,,25.380869447591348,65,65,60,65,,,,65,0,0,0,0.09082849021069705,7.914772587828338,8.267267926130444,0.28751427005045116
zero_attempt_supplement,qwen27_grammar,community_bipartition_construct,A,s-076c5b9aa1296dc89e08869eb4ee702f,s-076c5b9aa1296dc89e08869eb4ee702f,True,,complete,False,0.0,0.4861111111111111,,10,10,0,10,,,,10,0,0,0,0.0027797457296401262,3.388831011718139,3.403172325110063,0.012605319963768125
zero_attempt_supplement,qwen27_grammar,community_bipartition_construct,A,s-137c103bc1781312d024170443108089,s-137c103bc1781312d024170443108089,True,,complete,False,0.0,0.419921875,,11,11,0,11,,,,11,0,0,0,0.003180449130013585,4.912994341924787,4.9281432449352,0.01536649209447205
zero_attempt_supplement,qwen27_grammar,community_bipartition_construct,A,s-5a5f784985bdb253f1405d3d4e3d4693,s-5a5f784985bdb253f1405d3d4e3d4693,True,,complete,False,0.0,0.27218934911242604,,8,8,0,8,,,,8,0,0,0,0.0020831162109971046,2.7020125249400735,2.712968457955867,0.009982103016227484
zero_attempt_supplement,qwen27_grammar,community_bipartition_construct,A,s-5a9d2c21115f44bd17027bbd5b08e36c,s-5a9d2c21115f44bd17027bbd5b08e36c,True,,complete,False,0.0,0.31952662721893493,,9,9,0,9,,,,9,0,0,0,0.002055163960903883,3.194533746689558,3.2055599628947675,0.011261762119829655
zero_attempt_supplement,qwen27_grammar,community_bipartition_construct,A,s-64e07bd222aa47e9b45d3c1c162449c5,s-64e07bd222aa47e9b45d3c1c162449c5,True,,complete,False,0.0,0.35714285714285715,,9,9,0,9,,,,9,0,0,0,0.0018020239658653736,3.68735615699552,3.697416959097609,0.011678076116368175
zero_attempt_supplement,qwen27_grammar,community_bipartition_construct,A,s-6a7165faf2507301e0ffe49b41df16c9,s-6a7165faf2507301e0ffe49b41df16c9,True,,complete,False,0.0,0.16666666666666666,,8,8,0,8,,,,8,0,0,0,0.0012871013022959232,2.6560597741045058,2.6637467751279473,0.007512645097449422
zero_attempt_supplement,qwen27_grammar,community_bipartition_construct,A,s-c5dcb1e5aca367c2fd64bad585c3dfb1,s-c5dcb1e5aca367c2fd64bad585c3dfb1,True,,complete,False,0.0,0.20118343195266272,,7,7,0,7,,,,7,0,0,0,0.0018270649015903473,2.3312096565496176,2.340892991051078,0.008926879847422242
zero_attempt_supplement,qwen27_grammar,community_bipartition_construct,A,s-e09a139815703541e7def0bbb1f846ee,s-e09a139815703541e7def0bbb1f846ee,True,,complete,False,0.0,0.19834183673469388,,11,11,0,11,,,,11,0,0,0,0.003916672430932522,4.172199176624417,4.189765396993607,0.018674664897844195
zero_attempt_supplement,qwen27_grammar,community_bipartition_construct,A,s-fd98b82be1b39efd3011d322c365b0b2,s-fd98b82be1b39efd3011d322c365b0b2,True,,complete,False,0.0,0.29012345679012347,,7,7,0,7,,,,7,0,0,0,0.0017039233352988958,2.3232800632249564,2.332881746115163,0.0079797999933362
zero_attempt_supplement,qwen27_grammar,community_bipartition_construct,B,s-0b879fab44ede457b26b0238ac68c797,s-0b879fab44ede457b26b0238ac68c797,True,,complete,False,0.16257088846880907,0.05293005671077505,,6,6,4,6,,,,6,0,0,0,0.004066484048962593,3.3837182570714504,3.396264693001285,0.015755048021674156
zero_attempt_supplement,qwen27_grammar,community_bipartition_construct,B,s-2e758f9fe02084c5cf14bfae08eb34c1,s-2e758f9fe02084c5cf14bfae08eb34c1,True,,complete,False,0.47337278106508873,0.0,,6,6,5,6,,,,6,0,0,0,0.003915413049980998,3.5826301358174533,3.5958939699921757,0.014006068930029869
zero_attempt_supplement,qwen27_grammar,community_bipartition_construct,B,s-44a4d071e06851bcc4d0dcaad3e60b37,s-44a4d071e06851bcc4d0dcaad3e60b37,True,,complete,False,0.3,0.0,,6,6,5,6,,,,6,0,0,0,0.004737091949209571,3.3619384272024035,3.376762050203979,0.017032950883731246
zero_attempt_supplement,qwen27_grammar,community_bipartition_construct,B,s-4a7eaac9cef0ee5cb55673dd74b84d26,s-4a7eaac9cef0ee5cb55673dd74b84d26,True,,complete,False,0.3181818181818182,0.0,,5,5,6,5,,,,5,0,0,0,0.004455844406038523,2.746856773039326,2.7601811508648098,0.006810251856222749
zero_attempt_supplement,qwen27_grammar,community_bipartition_construct,B,s-5a5f784985bdb253f1405d3d4e3d4693,s-5a5f784985bdb253f1405d3d4e3d4693,True,,complete,False,0.27218934911242604,0.0,,5,5,3,5,,,,5,0,0,0,0.0032800452318042517,2.675218421733007,2.686729121953249,0.010920512024313211
zero_attempt_supplement,qwen27_grammar,community_bipartition_construct,B,s-875a5d74e52c91fc3d7a86e12cc3b001,s-875a5d74e52c91fc3d7a86e12cc3b001,True,,complete,False,0.1725206611570248,0.0,,8,8,2,8,,,,8,0,0,0,0.004678813740611076,4.408185738837346,4.424617188051343,0.019556254846975207
zero_attempt_supplement,qwen27_grammar,community_bipartition_construct,B,s-ba70c26531cfdb81df60659235df7a01,s-ba70c26531cfdb81df60659235df7a01,True,,complete,False,0.2345679012345679,0.0,,6,6,2,6,,,,6,0,0,0,0.004000802990049124,3.1808197032660246,3.1953715838026255,0.013926781015470624
zero_attempt_supplement,qwen27_grammar,community_bipartition_construct,B,s-cb3fefaaf4dbcb9c613c8bf7ce784a5e,s-cb3fefaaf4dbcb9c613c8bf7ce784a5e,True,,complete,False,0.3466666666666667,0.0,,5,5,4,5,,,,5,0,0,0,0.003240373684093356,3.28117825393565,3.291491486830637,0.008263548836112022
zero_attempt_supplement,qwen27_grammar,community_bipartition_construct,C,s-0b879fab44ede457b26b0238ac68c797,s-0b879fab44ede457b26b0238ac68c797,True,,complete,False,0.16162570888468808,0.053875236294896045,,7,7,3,7,,,,7,0,0,0,0.004978438140824437,5.080159202916548,5.098120225127786,0.020951095037162304
zero_attempt_supplement,qwen27_grammar,community_bipartition_construct,C,s-2f7a434f40b3b2a82802b49cd7a04eb8,s-2f7a434f40b3b2a82802b49cd7a04eb8,True,,complete,False,0.257396449704142,0.011834319526627224,,1,1,7,1,,,,1,0,0,0,0.0024621582124382257,0.8513057879172266,0.8580952400807291,0.004807610064744949
zero_attempt_supplement,qwen27_grammar,community_bipartition_construct,C,s-580374321117891f36a4ea3783abaf8f,s-580374321117891f36a4ea3783abaf8f,True,,complete,False,0.08,0.0,,5,5,2,5,,,,5,0,0,0,0.0026489836163818836,3.938912371173501,3.9498179310467094,0.013532784068956971
zero_attempt_supplement,qwen27_grammar,community_bipartition_construct,C,s-5a5f784985bdb253f1405d3d4e3d4693,s-5a5f784985bdb253f1405d3d4e3d4693,True,,complete,False,0.27218934911242604,0.0,,5,5,3,5,,,,5,0,0,0,0.003520321799442172,4.057757049333304,4.070855480153114,0.006083571119233966
zero_attempt_supplement,qwen27_grammar,community_bipartition_construct,C,s-64e07bd222aa47e9b45d3c1c162449c5,s-64e07bd222aa47e9b45d3c1c162449c5,True,,complete,False,0.35714285714285715,0.0,,5,5,4,5,,,,5,0,0,0,0.003404416609555483,4.229522080859169,4.24250468891114,0.03114710608497262
zero_attempt_supplement,qwen27_grammar,community_bipartition_construct,C,s-6a7165faf2507301e0ffe49b41df16c9,s-6a7165faf2507301e0ffe49b41df16c9,True,,complete,False,0.16666666666666666,0.0,,2,2,6,2,,,,2,0,0,0,0.0021963962353765965,1.3859469639137387,1.3932456290349364,0.0046568140387535095
zero_attempt_supplement,qwen27_grammar,community_bipartition_construct,C,s-ba70c26531cfdb81df60659235df7a01,s-ba70c26531cfdb81df60659235df7a01,True,,complete,False,0.1095679012345679,0.12499999999999999,,6,6,2,6,,,,6,0,0,0,0.003976874286308885,4.3200749810785055,4.334786940133199,0.016485446132719517
zero_attempt_supplement,qwen27_grammar,community_bipartition_construct,C,s-d422a0ecd9ea4757425df1a6a837dffb,s-d422a0ecd9ea4757425df1a6a837dffb,True,,complete,False,0.23684210526315788,0.0,,4,4,5,4,,,,4,0,0,0,0.003305654041469097,3.402263027848676,3.4138743618968874,0.012641985900700092
zero_attempt_supplement,qwen27_grammar,community_bipartition_construct,C,s-d5a82684939b0f34ac08e76edc501e66,s-d5a82684939b0f34ac08e76edc501e66,True,,complete,False,0.20833333333333334,0.0,,3,3,4,3,,,,3,0,0,0,0.0014752766583114862,2.0588639588095248,2.065396061865613,0.008763581980019808
zero_attempt_supplement,qwen27_grammar,community_bipartition_construct,C,s-ec4e8f37bb79713701c2632eac0872bd,s-ec4e8f37bb79713701c2632eac0872bd,True,,complete,False,0.3,0.0,,5,5,4,5,,,,5,0,0,0,0.0026005117688328028,3.8350856509059668,3.8449443301651627,0.00974990613758564
zero_attempt_supplement,qwen27_grammar,lt_influence_construct,A,s-0d168173692e33ff45deebb1c92340f7,s-0d168173692e33ff45deebb1c92340f7,True,,complete,False,5,0,,2,2,0,2,,,,2,0,0,0,0.0006039680447429419,1.3081663730554283,1.3121288989204913,0.007328550098463893
zero_attempt_supplement,qwen27_grammar,lt_influence_construct,A,s-2f2e472f16b3987be03c0890d806ca40,s-2f2e472f16b3987be03c0890d806ca40,True,,complete,False,4,5,,2,2,0,2,,,,2,0,0,0,0.0007952509913593531,1.0599695169366896,1.0645035209599882,0.00979910814203322
zero_attempt_supplement,qwen27_grammar,lt_influence_construct,A,s-4bd3e3488d96d1af5c88a6a8f2cef94f,s-4bd3e3488d96d1af5c88a6a8f2cef94f,True,,complete,False,8,1,,2,2,0,2,,,,2,0,0,0,0.0011410361621528864,1.0703929828014225,1.0756243979558349,0.007002909202128649
zero_attempt_supplement,qwen27_grammar,lt_influence_construct,A,s-6f79f998d5e422ee7ca0545975f6c9bb,s-6f79f998d5e422ee7ca0545975f6c9bb,True,,complete,False,8,0,,2,2,0,2,,,,2,0,0,0,0.001280041178688407,1.3260846841149032,1.3318717661313713,0.006957296980544925
zero_attempt_supplement,qwen27_grammar,lt_influence_construct,A,s-6fca7dd364a46e9d60f169bca70278ac,s-6fca7dd364a46e9d60f169bca70278ac,True,,complete,False,5,5,,2,2,0,2,,,,2,0,0,0,0.0015164879150688648,1.2273726630955935,1.2336452389135957,0.008269828977063298
zero_attempt_supplement,qwen27_grammar,lt_influence_construct,A,s-8374c80b70d9deff23730db881d47a34,s-8374c80b70d9deff23730db881d47a34,True,,complete,False,6,2,,2,2,0,2,,,,2,0,0,0,0.001188135938718915,1.294343901798129,1.2996695779729635,0.006275886902585626
zero_attempt_supplement,qwen27_grammar,lt_influence_construct,A,s-b7fe53dd1f3bbcbeda0fe0b895ce5fe6,s-b7fe53dd1f3bbcbeda0fe0b895ce5fe6,True,,complete,False,8,1,,2,2,0,2,,,,2,0,0,0,0.0010913030710071325,1.166089354082942,1.1712198148015887,0.006018118001520634
zero_attempt_supplement,qwen27_grammar,lt_influence_construct,A,s-c52b6f472cd8068af02d728d86371a3d,s-c52b6f472cd8068af02d728d86371a3d,True,,complete,False,6,5,,2,2,0,2,,,,2,0,0,0,0.0018788392189890146,1.26595099712722,1.2734846940729767,0.010588780976831913
zero_attempt_supplement,qwen27_grammar,lt_influence_construct,A,s-de39fc18cde5e68a2ab647c38349a15c,s-de39fc18cde5e68a2ab647c38349a15c,True,,complete,False,10,0,,2,2,0,2,,,,2,0,0,0,0.0012864302843809128,1.4172373181208968,1.423161834012717,0.007789114024490118
zero_attempt_supplement,qwen27_grammar,lt_influence_construct,A,s-dfc32e25dffc44bbdca4e55ebd7837b6,s-dfc32e25dffc44bbdca4e55ebd7837b6,True,,complete,False,7,2,,2,2,0,2,,,,2,0,0,0,0.0013554519973695278,1.2951527319382876,1.3011066378094256,0.0076041980646550655
zero_attempt_supplement,qwen27_grammar,lt_influence_construct,A,s-eb42919b66e71591e4fdf0d0de15da05,s-eb42919b66e71591e4fdf0d0de15da05,True,,complete,False,12,0,,2,2,0,2,,,,2,0,0,0,0.0011074049398303032,1.158103491878137,1.1634490289725363,0.011402757139876485
zero_attempt_supplement,qwen27_grammar,lt_influence_construct,A,s-fd50b98c0c2395d7c73cd64d17cab327,s-fd50b98c0c2395d7c73cd64d17cab327,True,,complete,False,3,1,,2,2,0,2,,,,2,0,0,0,0.001366293290629983,1.182173736859113,1.1881743629928678,0.006136649986729026
zero_attempt_supplement,qwen27_grammar,lt_influence_construct,A,s-fd89e56287fd2341e0bc398cba0a0b47,s-fd89e56287fd2341e0bc398cba0a0b47,True,,complete,False,7,1,,2,2,0,2,,,,2,0,0,0,0.0011978279799222946,0.882550825830549,0.8881202200427651,0.006304148118942976
zero_attempt_supplement,qwen27_grammar,lt_influence_construct,B,s-0c19c9896a834361f0ed07f36bb42a79,s-0c19c9896a834361f0ed07f36bb42a79,True,,complete,False,6,0,,0,0,2,0,,,,0,0,0,0,0.0009481108281761408,0.0,0.0028513988945633173,0.0013553930912166834
zero_attempt_supplement,qwen27_grammar,lt_influence_construct,B,s-549c1054c9c329302a40dd8780686734,s-549c1054c9c329302a40dd8780686734,True,,complete,False,8,0,,1,1,1,1,,,,1,0,0,0,0.0020561320707201958,0.7297185710631311,0.7352121910080314,0.0067026191391050816
zero_attempt_supplement,qwen27_grammar,lt_influence_construct,B,s-55d7c34866e4b0aef1248758feffdeb7,s-55d7c34866e4b0aef1248758feffdeb7,True,,complete,False,11,0,,1,1,1,1,,,,1,0,0,0,0.0019696999806910753,0.7177501688711345,0.7233363799750805,0.006661828141659498
zero_attempt_supplement,qwen27_grammar,lt_influence_construct,B,s-7c25907db44e977cd1725dd27587d14c,s-7c25907db44e977cd1725dd27587d14c,True,,complete,False,11,0,,2,2,0,2,,,,2,0,0,0,0.0026062808465212584,1.235043423017487,1.24350770493038,0.012688332935795188
zero_attempt_supplement,qwen27_grammar,lt_influence_construct,B,s-8374c80b70d9deff23730db881d47a34,s-8374c80b70d9deff23730db881d47a34,True,,complete,False,7,1,,2,2,0,2,,,,2,0,0,0,0.0017520838882774115,1.1498517459258437,1.1557697898242623,0.007373847998678684
zero_attempt_supplement,qwen27_grammar,lt_influence_construct,B,s-863fe811a193f3f8f23c4811dd0c96a4,s-863fe811a193f3f8f23c4811dd0c96a4,True,,complete,False,5,2,,2,2,0,2,,,,2,0,0,0,0.0007744391914457083,1.2101333648897707,1.2138033390510827,0.007660744013264775
zero_attempt_supplement,qwen27_grammar,lt_influence_construct,B,s-8be15b9e8281a7cc1ad9430b7ea66951,s-8be15b9e8281a7cc1ad9430b7ea66951,True,,complete,False,7,0,,1,1,1,1,,,,1,0,0,0,0.0017600450664758682,0.7763917809352279,0.781346705975011,0.005075928987935185
zero_attempt_supplement,qwen27_grammar,lt_influence_construct,B,s-95c3b9b4137157429b2ff865d081f06c,s-95c3b9b4137157429b2ff865d081f06c,True,,complete,False,5,0,,1,1,1,1,,,,1,0,0,0,0.000511223217472434,0.5548025260213763,0.5574710741639137,0.0016674019861966372
zero_attempt_supplement,qwen27_grammar,lt_influence_construct,B,s-eb5154746c8006a52bb4033c04cdf45c,s-eb5154746c8006a52bb4033c04cdf45c,True,,complete,False,9,0,,2,2,0,2,,,,2,0,0,0,0.002095466013997793,1.6341590590309352,1.6411836808547378,0.01002597389742732
zero_attempt_supplement,qwen27_grammar,lt_influence_construct,C,s-0c19c9896a834361f0ed07f36bb42a79,s-0c19c9896a834361f0ed07f36bb42a79,True,,complete,False,6,0,,0,0,2,0,,,,0,0,0,0,0.00041514309123158455,0.0,0.001582939876243472,0.0006249591242522001
zero_attempt_supplement,qwen27_grammar,lt_influence_construct,C,s-420740246b98084467fe13742257dc18,s-420740246b98084467fe13742257dc18,True,,complete,False,9,0,,0,0,2,0,,,,0,0,0,0,0.0005776491016149521,0.0,0.001774465898051858,0.0009618899784982204
zero_attempt_supplement,qwen27_grammar,lt_influence_construct,C,s-7c25907db44e977cd1725dd27587d14c,s-7c25907db44e977cd1725dd27587d14c,True,,complete,False,11,0,,2,2,0,2,,,,2,0,0,0,0.002359704812988639,2.0856958699878305,2.0932759479619563,0.013436930952593684
zero_attempt_supplement,qwen27_grammar,lt_influence_construct,C,s-8374c80b70d9deff23730db881d47a34,s-8374c80b70d9deff23730db881d47a34,True,,complete,False,7,1,,2,2,0,2,,,,2,0,0,0,0.0018818972166627645,1.6046369429677725,1.6113401190377772,0.008209434105083346
zero_attempt_supplement,qwen27_grammar,lt_influence_construct,C,s-89267de22c9ad4abded5bb78bce70b2a,s-89267de22c9ad4abded5bb78bce70b2a,True,,complete,False,3,0,,2,2,0,2,,,,2,0,0,0,0.001307960133999586,1.2987047829665244,1.3041414229664952,0.006283866940066218
zero_attempt_supplement,qwen27_grammar,lt_influence_construct,C,s-99a885cd159a3ad00a186a66ab9d449e,s-99a885cd159a3ad00a186a66ab9d449e,True,,complete,False,5,0,,2,2,0,2,,,,2,0,0,0,0.002272171201184392,1.596168874995783,1.6035892569925636,0.010827188845723867
zero_attempt_supplement,qwen27_grammar,lt_influence_construct,C,s-c144bf379c98c83dc4eb85d0fab49b3c,s-c144bf379c98c83dc4eb85d0fab49b3c,True,,complete,False,6,1,,2,2,0,2,,,,2,0,0,0,0.0017356739845126867,1.4376244312152267,1.444227667991072,0.008635838981717825
zero_attempt_supplement,qwen27_grammar,lt_influence_construct,C,s-c51363b1903c0998284acea41dcd6c3d,s-c51363b1903c0998284acea41dcd6c3d,True,,complete,False,11,0,,1,1,1,1,,,,1,0,0,0,0.001033332198858261,0.9338244630489498,0.9374113660305738,0.003853000933304429
zero_attempt_supplement,qwen27_grammar,lt_influence_construct,C,s-c8cb057d96aab5ae8af994b857222ba8,s-c8cb057d96aab5ae8af994b857222ba8,True,,complete,False,7,0,,1,1,1,1,,,,1,0,0,0,0.0013102712109684944,0.7332606639247388,0.7378406459465623,0.005081749055534601
zero_attempt_supplement,qwen27_grammar,lt_influence_construct,C,s-eb5154746c8006a52bb4033c04cdf45c,s-eb5154746c8006a52bb4033c04cdf45c,True,,complete,False,9,0,,2,2,0,2,,,,2,0,0,0,0.0010792710818350315,1.5890904099214822,1.5936730690300465,0.01077846297994256
zero_attempt_supplement,qwen27_grammar,lt_influence_construct,C,s-f598d67d4dcb975f1efc341f558cf30a,s-f598d67d4dcb975f1efc341f558cf30a,True,,complete,False,6,0,,1,1,1,1,,,,1,0,0,0,0.0007223221473395824,0.883237878093496,0.8865491019096226,0.0049078138545155525
zero_attempt_supplement,qwen27_grammar,lt_influence_construct,C,s-fd89e56287fd2341e0bc398cba0a0b47,s-fd89e56287fd2341e0bc398cba0a0b47,True,,complete,False,8,0,,1,1,1,1,,,,1,0,0,0,0.0006139441393315792,0.7288193460553885,0.7318560050334781,0.0052856209222227335
zero_attempt_supplement,qwen27_grammar,maxcut_construct,A,s-13ebd52c4888692f60b54d08e184aeb4,s-13ebd52c4888692f60b54d08e184aeb4,True,,complete,False,0,15,,9,9,0,9,,,,9,0,0,0,0.0019234877545386553,4.150738822994754,4.161791629856452,0.012365457136183977
zero_attempt_supplement,qwen27_grammar,maxcut_construct,A,s-1408402da6aebaa1bf8148fe8c8199a2,s-1408402da6aebaa1bf8148fe8c8199a2,True,,complete,False,0,11,,7,7,0,7,,,,7,0,0,0,0.001770873786881566,2.27183009008877,2.282226203009486,0.008619846077635884
zero_attempt_supplement,qwen27_grammar,maxcut_construct,A,s-18542508a89b1c5d906147da9b6e9781,s-18542508a89b1c5d906147da9b6e9781,True,,complete,False,0,15,,9,9,0,9,,,,9,0,0,0,0.0021709692664444447,3.494099644711241,3.5060558489058167,0.01253029191866517
zero_attempt_supplement,qwen27_grammar,maxcut_construct,A,s-2fa8cfe1e5500dbd4580a233a5fa7f9e,s-2fa8cfe1e5500dbd4580a233a5fa7f9e,True,,complete,False,2,11,,8,8,0,8,,,,8,0,0,0,0.0020267139188945293,3.693123981356621,3.7044881999026984,0.010437287157401443
zero_attempt_supplement,qwen27_grammar,maxcut_construct,A,s-3d9902bc89e2950ef4948da3c479fce6,s-3d9902bc89e2950ef4948da3c479fce6,True,,complete,False,3,11,,8,8,0,8,,,,8,0,0,0,0.0016997111961245537,2.8504232557024807,2.859488559886813,0.01048662792891264
zero_attempt_supplement,qwen27_grammar,maxcut_construct,A,s-4219a8a4f3c9f90326b34c675cec992b,s-4219a8a4f3c9f90326b34c675cec992b,True,,complete,False,0,10,,10,10,0,10,,,,10,0,0,0,0.0020867851562798023,3.783525768201798,3.795829667011276,0.011326140025630593
zero_attempt_supplement,qwen27_grammar,maxcut_construct,A,s-61d62d4e54f3c8638d930d695ff5e9e2,s-61d62d4e54f3c8638d930d695ff5e9e2,True,,complete,False,0,11,,10,10,0,10,,,,10,0,0,0,0.0022869608364999294,3.2236771422903985,3.2364781328942627,0.01132292510010302
zero_attempt_supplement,qwen27_grammar,maxcut_construct,A,s-8fd6b87f1c398f9485cd76ed6e800395,s-8fd6b87f1c398f9485cd76ed6e800395,True,,complete,False,0,7,,7,7,0,7,,,,7,0,0,0,0.0012699395883828402,2.4610338679049164,2.4687525460030884,0.007251335075125098
zero_attempt_supplement,qwen27_grammar,maxcut_construct,A,s-a396493a9f16e87c3bb2e880a8df9579,s-a396493a9f16e87c3bb2e880a8df9579,True,,complete,False,0,14,,8,8,0,8,,,,8,0,0,0,0.0020021426025778055,3.4038599487394094,3.41516887396574,0.010467797983437777
zero_attempt_supplement,qwen27_grammar,maxcut_construct,A,s-b3639dae4e112a6175c8c702dda3e17c,s-b3639dae4e112a6175c8c702dda3e17c,True,,complete,False,0,16,,11,11,0,11,,,,11,0,0,0,0.0031216794159263372,5.152996511897072,5.169203629018739,0.014952408149838448
zero_attempt_supplement,qwen27_grammar,maxcut_construct,A,s-b4f50e81578b6f076e0e4c715e1c761a,s-b4f50e81578b6f076e0e4c715e1c761a,True,,complete,False,0,20,,9,9,0,9,,,,9,0,0,0,0.0026418340858072042,4.175509300082922,4.188733513932675,0.014470004010945559
zero_attempt_supplement,qwen27_grammar,maxcut_construct,A,s-d1af9e3eb5e86877737c1f6ef5627587,s-d1af9e3eb5e86877737c1f6ef5627587,True,,complete,False,3,11,,8,8,0,8,,,,8,0,0,0,0.002124265767633915,3.2176829918753356,3.2288116300478578,0.006749250926077366
zero_attempt_supplement,qwen27_grammar,maxcut_construct,A,s-e199ea94ccc01410f5bee3163c52153e,s-e199ea94ccc01410f5bee3163c52153e,True,,complete,False,0,26,,11,11,0,11,,,,11,0,0,0,0.0035844913218170404,5.659358110744506,5.676815966842696,0.02025688486173749
zero_attempt_supplement,qwen27_grammar,maxcut_construct,A,s-e4683e3752c3375632562e01d3ba0118,s-e4683e3752c3375632562e01d3ba0118,True,,complete,False,0,19,,11,11,0,11,,,,11,0,0,0,0.0028409501537680626,4.484679467976093,4.499880725052208,0.0166644009295851
zero_attempt_supplement,qwen27_grammar,maxcut_construct,B,s-37ae8ceb3d0687534c59fe0e08cfd47f,s-37ae8ceb3d0687534c59fe0e08cfd47f,True,,complete,False,18,1,,9,9,2,9,,,,9,0,0,0,0.00552367465570569,5.513870637631044,5.533773889997974,0.009591059992089868
zero_attempt_supplement,qwen27_grammar,maxcut_construct,B,s-5cce2170a759f90c15fed18f3a2a3583,s-5cce2170a759f90c15fed18f3a2a3583,True,,complete,False,15,0,,6,6,1,6,,,,6,0,0,0,0.003378325840458274,2.7497698452789336,2.762422091094777,0.01402598898857832
zero_attempt_supplement,qwen27_grammar,maxcut_construct,B,s-749cc60dd0735d233b30e02e27ee4c87,s-749cc60dd0735d233b30e02e27ee4c87,True,,complete,False,12,0,,6,6,1,6,,,,6,0,0,0,0.003114961087703705,2.685708229895681,2.6979374198708683,0.01177597907371819
zero_attempt_supplement,qwen27_grammar,maxcut_construct,B,s-876358c5aa1f4d641acf67f3949d7c24,s-876358c5aa1f4d641acf67f3949d7c24,True,,complete,False,18,2,,8,8,3,8,,,,8,0,0,0,0.005494319600984454,4.308915023924783,4.327534924959764,0.019494582898914814
zero_attempt_supplement,qwen27_grammar,maxcut_construct,B,s-9343efd73a3f2b3f42b9ea84b0797389,s-9343efd73a3f2b3f42b9ea84b0797389,True,,complete,False,9,0,,3,3,5,3,,,,3,0,0,0,0.002511408878490329,1.582428463967517,1.5913747549057007,0.006708441069349647
zero_attempt_supplement,qwen27_grammar,maxcut_construct,B,s-b4f50e81578b6f076e0e4c715e1c761a,s-b4f50e81578b6f076e0e4c715e1c761a,True,,complete,False,20,0,,8,8,1,8,,,,8,0,0,0,0.005162659799680114,5.261833151802421,5.280076093040407,0.011538880877196789
zero_attempt_supplement,qwen27_grammar,maxcut_construct,B,s-e199ea94ccc01410f5bee3163c52153e,s-e199ea94ccc01410f5bee3163c52153e,True,,complete,False,26,0,,6,6,5,6,,,,6,0,0,0,0.005576233146712184,3.5203257519751787,3.5373629129026085,0.018342444207519293
zero_attempt_supplement,qwen27_grammar,maxcut_construct,C,s-37ae8ceb3d0687534c59fe0e08cfd47f,s-37ae8ceb3d0687534c59fe0e08cfd47f,True,,complete,False,19,0,,7,7,4,7,,,,7,0,0,0,0.005262373713776469,4.41241392144002,4.431006992002949,0.020653516985476017
zero_attempt_supplement,qwen27_grammar,maxcut_construct,C,s-446411d282636bcf9249dfaa37ef5dc9,s-446411d282636bcf9249dfaa37ef5dc9,True,,complete,False,25,0,,8,8,3,8,,,,8,0,0,0,0.005844922736287117,6.316454428015277,6.336598379071802,0.026804899098351598
zero_attempt_supplement,qwen27_grammar,maxcut_construct,C,s-5cce2170a759f90c15fed18f3a2a3583,s-5cce2170a759f90c15fed18f3a2a3583,True,,complete,False,15,0,,6,6,1,6,,,,6,0,0,0,0.0037902407348155975,4.059798102127388,4.07446053205058,0.016935129882767797
zero_attempt_supplement,qwen27_grammar,maxcut_construct,C,s-61d62d4e54f3c8638d930d695ff5e9e2,s-61d62d4e54f3c8638d930d695ff5e9e2,True,,complete,False,10,1,,8,8,2,8,,,,8,0,0,0,0.003836951917037368,4.829940421041101,4.846241496037692,0.01869947905652225
zero_attempt_supplement,qwen27_grammar,maxcut_construct,C,s-876358c5aa1f4d641acf67f3949d7c24,s-876358c5aa1f4d641acf67f3949d7c24,True,,complete,False,18,2,,10,10,1,10,,,,10,0,0,0,0.00463094562292099,7.129908044589683,7.148568679112941,0.01968396594747901
zero_attempt_supplement,qwen27_grammar,maxcut_construct,C,s-8fd6b87f1c398f9485cd76ed6e800395,s-8fd6b87f1c398f9485cd76ed6e800395,True,,complete,False,7,0,,5,5,2,5,,,,5,0,0,0,0.0026758534368127584,2.985042395070195,2.996814978076145,0.011582837905734777
zero_attempt_supplement,qwen27_grammar,maxcut_construct,C,s-9a15f260093a5d859ca8af7592936d4f,s-9a15f260093a5d859ca8af7592936d4f,True,,complete,False,8,0,,7,7,1,7,,,,7,0,0,0,0.0032353010028600693,5.224103378830478,5.23872244800441,0.015644999919459224
zero_attempt_supplement,qwen27_grammar,maxcut_construct,C,s-9dc5d8790e84bdeb1259a11f9bfe928b,s-9dc5d8790e84bdeb1259a11f9bfe928b,True,,complete,False,21,0,,8,8,1,8,,,,8,0,0,0,0.00453380192629993,5.6988516475539654,5.715884500881657,0.023764254990965128
zero_attempt_supplement,qwen27_grammar,maxcut_construct,C,s-a0e4a0c763fc347ac6b2242cd4cf87bc,s-a0e4a0c763fc347ac6b2242cd4cf87bc,True,,complete,False,16,0,,3,3,6,3,,,,3,0,0,0,0.0032407112885266542,2.115636554080993,2.1262615269515663,0.010932062054052949
zero_attempt_supplement,qwen27_grammar,maxcut_construct,C,s-b757a84ae349f495b3a159efe21a5e26,s-b757a84ae349f495b3a159efe21a5e26,True,,complete,False,16,0,,8,8,2,8,,,,8,0,0,0,0.004668951733037829,5.008835567627102,5.027264029020444,0.02212040382437408
zero_attempt_supplement,qwen27_grammar,maxcut_public,A,4abeaf96470a771ddef9,sg3dl059000,True,,complete,False,-12,,110.9090909090909,124,124,0,124,,,,124,0,0,0,0.4523674927186221,55.081876369193196,56.174161832081154,1.0436570439487696
zero_attempt_supplement,qwen27_grammar,maxcut_public,A,740b2ba73a8962c61fb9,sg3dl051000,True,,complete,False,6,,94.54545454545455,124,124,0,124,,,,124,0,0,0,0.4423429970629513,57.59092742623761,58.66231736494228,0.9962203388568014
zero_attempt_supplement,qwen27_grammar,maxcut_public,A,968ec608d04c012ae9ea,sg3dl056000,True,,complete,False,-2,,101.81818181818181,124,124,0,124,,,,124,0,0,0,0.43218609946779907,65.96250450680964,67.01334488415159,1.0238616950809956
zero_attempt_supplement,qwen27_grammar,maxcut_public,A,9a4a5a87731f644085e7,sg3dl057000,True,,complete,False,-8,,107.14285714285714,124,124,0,124,,,,124,0,0,0,0.46664063655771315,54.71994859399274,55.810497316066176,1.0223238768521696
zero_attempt_supplement,qwen27_grammar,maxcut_public,A,bb5744a2d86035a3dc08,sg3dl057000,True,,complete,False,-4,,103.57142857142858,124,124,0,124,,,,124,0,0,0,0.47067590709775686,54.5912610667292,55.69985061394982,1.03182497411035
zero_attempt_supplement,qwen27_grammar,maxcut_public,A,c67cb61ec0ceb65c6625,sg3dl051000,True,,complete,False,20,,81.81818181818183,124,124,0,124,,,,124,0,0,0,0.4435426543932408,66.24199906899594,67.32084510102868,1.0247829838190228
zero_attempt_supplement,qwen27_grammar,maxcut_public,A,c859d147d9df62a61a87,sg3dl054000,True,,complete,False,2,,98.24561403508771,124,124,0,124,,,,124,0,0,0,0.444738358957693,54.75467501091771,55.84178268304095,1.0232337980996817
zero_attempt_supplement,qwen27_grammar,maxcut_public,A,d0e42ecf62c375285bc2,sg3dl053000,True,,complete,False,6,,94.33962264150944,124,124,0,124,,,,124,0,0,0,0.46260076225735247,55.12998575367965,56.22261129505932,1.0198777639307082
zero_attempt_supplement,qwen27_grammar,maxcut_public,A,d6fae5b258ec138e4f90,sg3dl055000,True,,complete,False,-4,,103.57142857142858,124,124,0,124,,,,124,0,0,0,0.44376021763309836,61.48099684319459,62.52999083511531,1.0282633979804814
zero_attempt_supplement,qwen27_grammar,maxcut_public,A,edd3abbd8759e237c078,sg3dl058000,True,,complete,False,-2,,101.85185185185186,124,124,0,124,,,,124,0,0,0,0.45445588836446404,54.07553591183387,55.151618350995705,1.005891693988815
zero_attempt_supplement,qwen27_grammar,maxcut_public,B,05e92f6aa8ef50d37eb5,sg3dl054000,True,,complete,False,102,,10.526315789473683,113,113,11,113,,,,113,0,0,0,0.6566020459868014,62.73692637286149,64.00311167887412,1.1437771229539067
zero_attempt_supplement,qwen27_grammar,maxcut_public,B,26c8d75c24b454e4841c,sg3dl054000,True,,complete,False,102,,10.526315789473683,109,109,15,109,,,,109,0,0,0,0.6307558992411941,61.57709452975541,62.81726961303502,1.1026708660647273
zero_attempt_supplement,qwen27_grammar,maxcut_public,B,4abeaf96470a771ddef9,sg3dl059000,True,,complete,False,96,,12.727272727272727,92,92,32,92,,,,92,0,0,0,0.594450619071722,53.74117074999958,54.83350337995216,0.9697306288871914
zero_attempt_supplement,qwen27_grammar,maxcut_public,B,90e3de196947f86139b2,sg3dl0510000,True,,complete,False,100,,10.714285714285714,91,91,33,91,,,,91,0,0,0,0.601557815214619,56.70522227790207,57.80206319503486,0.9826405239291489
zero_attempt_supplement,qwen27_grammar,maxcut_public,B,968ec608d04c012ae9ea,sg3dl056000,True,,complete,False,98,,10.909090909090908,96,96,28,96,,,,96,0,0,0,0.6322836040053517,55.61851497692987,56.77326747798361,1.0094467389862984
zero_attempt_supplement,qwen27_grammar,maxcut_public,B,9a4a5a87731f644085e7,sg3dl057000,True,,complete,False,98,,12.5,72,72,52,72,,,,72,0,0,0,0.5884887918364257,41.39574559405446,42.38702106499113,0.8420666111633182
zero_attempt_supplement,qwen27_grammar,maxcut_public,B,aa0dcbdbf1366f46ec14,sg3dl051000,True,,complete,False,96,,12.727272727272727,121,121,3,121,,,,121,0,0,0,0.6370267067104578,69.07719284505583,70.33551780506968,1.225847388850525
zero_attempt_supplement,qwen27_grammar,maxcut_public,B,bb5744a2d86035a3dc08,sg3dl057000,True,,complete,False,98,,12.5,87,87,37,87,,,,87,0,0,0,0.5706120175309479,59.575506129534915,60.60178512195125,0.9413579190149903
zero_attempt_supplement,qwen27_grammar,maxcut_public,B,c859d147d9df62a61a87,sg3dl054000,True,,complete,False,100,,12.280701754385964,93,93,31,93,,,,93,0,0,0,0.5930501625407487,53.39796990947798,54.49925781413913,0.963845991063863
zero_attempt_supplement,qwen27_grammar,maxcut_public,B,d3f0bc72a90d82602f4e,sg3dl055000,True,,complete,False,96,,14.285714285714285,114,114,10,114,,,,114,0,0,0,0.6350149342324585,63.902883808128536,65.1347439722158,1.143457603175193
zero_attempt_supplement,qwen27_grammar,maxcut_public,B,de4c9dcdce864a7aaced,sg3dl052000,True,,complete,False,96,,14.285714285714285,100,100,24,100,,,,100,0,0,0,0.6113326686900109,56.6806649658829,57.83930179104209,1.0502227928955108
zero_attempt_supplement,qwen27_grammar,maxcut_public,C,0185bca51fdb76ca0ea1,sg3dl058000,True,,complete,False,100,,7.4074074074074066,92,92,32,92,,,,92,0,0,0,0.6064265538007021,78.41773752914742,79.55859579495154,1.00468480004929
zero_attempt_supplement,qwen27_grammar,maxcut_public,C,1b147b824d88d8477c8d,sg3dl052000,True,,complete,False,98,,12.5,90,90,34,90,,,,90,0,0,0,0.5760918268933892,65.89138179691508,66.99653222505003,0.9827191249933094
zero_attempt_supplement,qwen27_grammar,maxcut_public,C,aa0dcbdbf1366f46ec14,sg3dl051000,True,,complete,False,94,,14.545454545454545,121,121,3,121,,,,121,0,0,0,0.6425687912851572,98.40093957260251,99.72377641312778,1.237690496025607
zero_attempt_supplement,qwen27_grammar,maxcut_public,C,c67cb61ec0ceb65c6625,sg3dl051000,True,,complete,False,90,,18.181818181818183,105,105,19,105,,,,105,0,0,0,0.6234008460305631,78.96173407812603,80.17895342991687,1.1117979779373854
zero_attempt_supplement,qwen27_grammar,maxcut_public,C,c859d147d9df62a61a87,sg3dl054000,True,,complete,False,100,,12.280701754385964,96,96,28,96,,,,96,0,0,0,0.5712001780048013,71.2650158717297,72.37336056795903,1.0440727930981666
zero_attempt_supplement,qwen27_grammar,tsp_construct,A,s-22b83f73482a36fedd754fbf2fcdf456,s-22b83f73482a36fedd754fbf2fcdf456,True,,complete,False,434,274,,6,6,0,6,,,,6,0,0,0,0.0018590979743748903,2.858353114919737,2.8698047129437327,0.012669626157730818
zero_attempt_supplement,qwen27_grammar,tsp_construct,A,s-45c13854ab67d5822df5cc2c471aba2b,s-45c13854ab67d5822df5cc2c471aba2b,True,,complete,False,676,384,,10,10,0,10,,,,10,0,0,0,0.004527862183749676,4.880317795788869,4.901980735827237,0.035064909141510725
zero_attempt_supplement,qwen27_grammar,tsp_construct,A,s-55b8703b50f98d64f4932b566c5d1989,s-55b8703b50f98d64f4932b566c5d1989,True,,complete,False,246,94,,7,7,0,7,,,,7,0,0,0,0.002423614962026477,3.904817051952705,3.9184271888807416,0.01679709507152438
zero_attempt_supplement,qwen27_grammar,tsp_construct,A,s-6714b2860a1041200c560f077e8e4e3d,s-6714b2860a1041200c560f077e8e4e3d,True,,complete,False,208,20,,7,7,0,7,,,,7,0,0,0,0.0016260039992630482,3.941833968507126,3.9522052221000195,0.009360482916235924
zero_attempt_supplement,qwen27_grammar,tsp_construct,A,s-698d5ec761fc785c5d3c0b0cc6751329,s-698d5ec761fc785c5d3c0b0cc6751329,True,,complete,False,1286,808,,10,10,0,10,,,,10,0,0,0,0.004987108055502176,5.325543631566688,5.349019324872643,0.03538574790582061
zero_attempt_supplement,qwen27_grammar,tsp_construct,A,s-6b90100dbf54ef2f5d54beb972d1de17,s-6b90100dbf54ef2f5d54beb972d1de17,True,,complete,False,216,32,,8,8,0,8,,,,8,0,0,0,0.003185560228303075,4.420836612582207,4.437604709062725,0.02168016112409532
zero_attempt_supplement,qwen27_grammar,tsp_construct,A,s-83cc2eb821490e734ddc0f90b64cc1b7,s-83cc2eb821490e734ddc0f90b64cc1b7,True,,complete,False,298,8,,8,8,0,8,,,,8,0,0,0,0.003283203113824129,4.214867874747142,4.232387195108458,0.022320618852972984
zero_attempt_supplement,qwen27_grammar,tsp_construct,A,s-9ed3189fb29803023959945a5b100dd2,s-9ed3189fb29803023959945a5b100dd2,True,,complete,False,358,166,,7,7,0,7,,,,7,0,0,0,0.002450046595185995,3.5718505687545985,3.5854076931718737,0.017042153049260378
zero_attempt_supplement,qwen27_grammar,tsp_construct,A,s-ae9eaa2d91bba7db6103ee24d079cfbb,s-ae9eaa2d91bba7db6103ee24d079cfbb,True,,complete,False,406,206,,9,9,0,9,,,,9,0,0,0,0.0038011199794709682,6.400128259090707,6.419627889059484,0.028062439057976007
zero_attempt_supplement,qwen27_grammar,tsp_construct,A,s-b0f00c9620b23f84a2d3afdb4468b919,s-b0f00c9620b23f84a2d3afdb4468b919,True,,complete,False,400,154,,6,6,0,6,,,,6,0,0,0,0.0018145062495023012,2.615304360166192,2.625943890074268,0.012507817009463906
zero_attempt_supplement,qwen27_grammar,tsp_construct,A,s-fcb66dc8dd601f180ae8f90b1493647a,s-fcb66dc8dd601f180ae8f90b1493647a,True,,complete,False,324,26,,6,6,0,6,,,,6,0,0,0,0.0018270155414938927,3.2832260958384722,3.294051597127691,0.01253316318616271
zero_attempt_supplement,qwen27_grammar,tsp_construct,B,s-21ed887b4d55bb3f022f0b4e2150d5ca,s-21ed887b4d55bb3f022f0b4e2150d5ca,True,,complete,False,408,0,,0,0,10,0,,,,0,0,0,0,0.003170120296999812,0.0,0.0064306610729545355,0.0035091901663690805
zero_attempt_supplement,qwen27_grammar,tsp_construct,B,s-35e3473cdbdadf1c87b58046512cdbb4,s-35e3473cdbdadf1c87b58046512cdbb4,True,,complete,False,186,2,,1,1,7,1,,,,1,0,0,0,0.003291842294856906,0.5558031708933413,0.563389855902642,0.006854112958535552
zero_attempt_supplement,qwen27_grammar,tsp_construct,B,s-3ab0cdcec52de1195cd0cd153e9dcab4,s-3ab0cdcec52de1195cd0cd153e9dcab4,True,,complete,False,206,16,,2,2,4,2,,,,2,0,0,0,0.0014270541723817587,1.9825689597055316,1.9876318890601397,0.008807596052065492
zero_attempt_supplement,qwen27_grammar,tsp_construct,B,s-55b8703b50f98d64f4932b566c5d1989,s-55b8703b50f98d64f4932b566c5d1989,True,,complete,False,152,0,,1,1,6,1,,,,1,0,0,0,0.0028585600666701794,0.556031591957435,0.5635586869902909,0.005788990994915366
zero_attempt_supplement,qwen27_grammar,tsp_construct,B,s-698d5ec761fc785c5d3c0b0cc6751329,s-698d5ec761fc785c5d3c0b0cc6751329,True,,complete,False,478,0,,1,1,9,1,,,,1,0,0,0,0.005648245103657246,0.6511870641261339,0.6633223141543567,0.009810467017814517
zero_attempt_supplement,qwen27_grammar,tsp_construct,B,s-6b90100dbf54ef2f5d54beb972d1de17,s-6b90100dbf54ef2f5d54beb972d1de17,True,,complete,False,194,10,,3,3,5,3,,,,3,0,0,0,0.004240892827510834,1.9563493190798908,1.9677743869833648,0.012979466002434492
zero_attempt_supplement,qwen27_grammar,tsp_construct,B,s-7cd8616bce830b88f70db9b3214f3f50,s-7cd8616bce830b88f70db9b3214f3f50,True,,complete,False,198,2,,5,5,3,5,,,,5,0,0,0,0.004937581950798631,2.9537894357927144,2.9689584570005536,0.01942563196644187
zero_attempt_supplement,qwen27_grammar,tsp_construct,B,s-83cc2eb821490e734ddc0f90b64cc1b7,s-83cc2eb821490e734ddc0f90b64cc1b7,True,,complete,False,294,4,,4,4,4,4,,,,4,0,0,0,0.0034041772596538067,2.237242958974093,2.2479317251127213,0.016330531099811196
zero_attempt_supplement,qwen27_grammar,tsp_construct,B,s-ae9eaa2d91bba7db6103ee24d079cfbb,s-ae9eaa2d91bba7db6103ee24d079cfbb,True,,complete,False,206,6,,2,2,7,2,,,,2,0,0,0,0.003703624941408634,1.1950197648257017,1.2037818359676749,0.011719462927430868
zero_attempt_supplement,qwen27_grammar,tsp_construct,B,s-dc70c167aae8a1912ba61b45e58e97bb,s-dc70c167aae8a1912ba61b45e58e97bb,True,,complete,False,310,0,,0,0,9,0,,,,0,0,0,0,0.001762294676154852,0.0,0.004089597845450044,0.0020369431003928185
zero_attempt_supplement,qwen27_grammar,tsp_construct,B,s-f8643da54dd3a304897184c05b256501,s-f8643da54dd3a304897184c05b256501,True,,complete,False,388,0,,0,0,8,0,,,,0,0,0,0,0.0031577381305396557,0.0,0.0067987029906362295,0.0037023460026830435
zero_attempt_supplement,qwen27_grammar,tsp_construct,C,s-0c5091efee6db7e767441688b67782d4,s-0c5091efee6db7e767441688b67782d4,True,,complete,False,282,0,,1,1,6,1,,,,1,0,0,0,0.0012769168242812157,0.6056514529045671,0.6101511958986521,0.002745281904935837
zero_attempt_supplement,qwen27_grammar,tsp_construct,C,s-390719bc960e0402eda8b316a7f9ab0c,s-390719bc960e0402eda8b316a7f9ab0c,True,,complete,False,294,2,,1,1,6,1,,,,1,0,0,0,0.0012862787116318941,0.6067642078269273,0.6111571278888732,0.0028312348295003176
zero_attempt_supplement,qwen27_grammar,tsp_construct,C,s-3e5903d234a377820b3cb8a2f849fa8c,s-3e5903d234a377820b3cb8a2f849fa8c,True,,complete,False,176,4,,3,3,4,3,,,,3,0,0,0,0.0035278708674013615,2.305690425215289,2.317004159092903,0.012493951013311744
zero_attempt_supplement,qwen27_grammar,tsp_construct,C,s-4d109eeebdb9b886c97d3819fcd646a9,s-4d109eeebdb9b886c97d3819fcd646a9,True,,complete,False,328,14,,2,2,4,2,,,,2,0,0,0,0.0021216978784650564,1.1418635938316584,1.149385288823396,0.005045547848567367
zero_attempt_supplement,qwen27_grammar,tsp_construct,C,s-54e0e831e147d0a47f36432412b5cf78,s-54e0e831e147d0a47f36432412b5cf78,True,,complete,False,186,4,,2,2,8,2,,,,2,0,0,0,0.004107044544070959,1.1475455819163471,1.1576521690003574,0.014603099087253213
zero_attempt_supplement,qwen27_grammar,tsp_construct,C,s-55b8703b50f98d64f4932b566c5d1989,s-55b8703b50f98d64f4932b566c5d1989,True,,complete,False,152,0,,1,1,6,1,,,,1,0,0,0,0.002726716920733452,0.6074721580371261,0.6148920760024339,0.005976071115583181
zero_attempt_supplement,qwen27_grammar,tsp_construct,C,s-6714b2860a1041200c560f077e8e4e3d,s-6714b2860a1041200c560f077e8e4e3d,True,,complete,False,192,4,,3,3,4,3,,,,3,0,0,0,0.003470389172434807,1.8065172689966857,1.8176494650542736,0.012429614085704088
zero_attempt_supplement,qwen27_grammar,tsp_construct,C,s-ae9eaa2d91bba7db6103ee24d079cfbb,s-ae9eaa2d91bba7db6103ee24d079cfbb,True,,complete,False,214,14,,2,2,7,2,,,,2,0,0,0,0.004882500972598791,1.578993737930432,1.5913564409129322,0.01269044284708798
zero_attempt_supplement,qwen27_grammar,tsp_construct,C,s-d3bfc30e7889f09fa710f0f65db3614f,s-d3bfc30e7889f09fa710f0f65db3614f,True,,complete,False,192,14,,5,5,4,5,,,,5,0,0,0,0.0061398709658533335,3.4636589142028242,3.4817324571777135,0.02404459286481142
zero_attempt_supplement,qwen27_grammar,tsp_construct,C,s-df20b4c07e91eddd083736a8123f20c6,s-df20b4c07e91eddd083736a8123f20c6,True,,complete,False,292,2,,2,2,7,2,,,,2,0,0,0,0.0048268206883221865,1.6497204878833145,1.661499697016552,0.012750008841976523
zero_attempt_supplement,qwen27_grammar,tsp_construct,C,s-f8643da54dd3a304897184c05b256501,s-f8643da54dd3a304897184c05b256501,True,,complete,False,388,0,,0,0,8,0,,,,0,0,0,0,0.003252199850976467,0.0,0.006969607900828123,0.0037349469494074583
zero_attempt_supplement,qwen27_grammar,tsp_public,A,2448ac56127dbfb1ee7e,bier127,True,,complete,False,172926,,46.19806902149101,125,125,0,125,,,,125,0,0,0,0.9304022528231144,144.00788983586244,145.4679657930974,1.3173483300488442
zero_attempt_supplement,qwen27_grammar,tsp_public,A,7482ef052dd60cb7c2f0,kroA100,True,,complete,False,28454,,33.699840240578894,98,98,0,98,,,,98,0,0,0,0.49525071890093386,101.12465823418461,101.98290358111262,0.7549859860446304
zero_attempt_supplement,qwen27_grammar,tsp_public,A,8a04cce0cc5004870e69,kroC100,True,,complete,False,25714,,23.92886404164056,98,98,0,98,,,,98,0,0,0,0.48562347143888474,99.71025786711834,100.5542858808767,0.7453467980958521
zero_attempt_supplement,qwen27_grammar,tsp_public,A,8ba7072288c2145a4cfd,tsp225,True,,complete,False,6233,,59.16751787538305,223,223,0,223,,,,223,0,0,0,4.65474792313762,378.03869433677755,384.24803736410104,5.640357068972662
zero_attempt_supplement,qwen27_grammar,tsp_public,A,9d28b5267d7a888ca8ad,kroA150,True,,complete,False,38853,,46.482431005881466,148,148,0,148,,,,148,0,0,0,1.479078201809898,196.80016405927017,198.98013148200698,2.0231111189350486
zero_attempt_supplement,qwen27_grammar,tsp_public,A,b9db0e2302f251b2cb8b,kroB100,True,,complete,False,30626,,38.3225689896572,98,98,0,98,,,,98,0,0,0,0.4811587054282427,98.0247442794498,98.85961083113216,0.7200203840620816
zero_attempt_supplement,qwen27_grammar,tsp_public,A,d5cf18645ce3212f5314,bier127,True,,complete,False,156590,,32.38700732148594,125,125,0,125,,,,125,0,0,0,0.8950302032753825,154.6463419292122,156.0682581460569,1.2856984201353043
zero_attempt_supplement,qwen27_grammar,tsp_public,B,044225a6f2e770ef55e2,kroB200,True,,complete,False,42236,,43.47929476509155,108,108,90,108,,,,108,0,0,0,0.2173240906558931,92.77340076281689,93.58792001917027,0.6500508070457727
zero_attempt_supplement,qwen27_grammar,tsp_public,B,7482ef052dd60cb7c2f0,kroA100,True,,complete,False,28347,,33.19706794474204,49,49,49,49,,,,49,0,0,0,0.05835960409604013,36.38975416566245,36.616806094069034,0.18911500298418105
zero_attempt_supplement,qwen27_grammar,tsp_public,B,9d28b5267d7a888ca8ad,kroA150,True,,complete,False,34036,,28.32152013271,88,88,60,88,,,,88,0,0,0,0.12681617867201567,70.30941095529124,70.77055742498487,0.4018032909370959
zero_attempt_supplement,qwen27_grammar,tsp_public,B,c4a1ab4447bdf3dade04,kroA100,True,,complete,False,32032,,50.51216990884315,53,53,45,53,,,,53,0,0,0,0.05796976923011243,39.760563652031124,39.986808529123664,0.1983755179680884
zero_attempt_supplement,qwen27_grammar,tsp_public,C,121d82f7209f92abacaa,kroB100,True,,complete,False,29158,,31.692335486202065,51,51,47,51,,,,51,0,0,0,0.05903162364847958,42.311843236442655,42.542320559034124,0.2117378981783986
zero_attempt_supplement,qwen27_grammar,tsp_public,C,2448ac56127dbfb1ee7e,bier127,True,,complete,False,145858,,23.31377555333863,63,63,62,63,,,,63,0,0,0,0.09061883972026408,54.6491863084957,54.99169629509561,0.2944887080229819
zero_attempt_supplement,qwen27_grammar,tsp_public,C,47e8ae743e5114e85867,kroB100,True,,complete,False,28592,,29.135992050946207,52,52,46,52,,,,52,0,0,0,0.04611364798620343,44.98494756920263,45.1874170480296,0.21387908491306007
zero_attempt_supplement,qwen27_grammar,tsp_public,C,7482ef052dd60cb7c2f0,kroA100,True,,complete,False,28356,,33.23935720327037,57,57,41,57,,,,57,0,0,0,0.060834155417978764,45.31910628406331,45.56497359997593,0.21242782403714955
zero_attempt_supplement,qwen27_grammar,tsp_public,C,8ba7072288c2145a4cfd,tsp225,True,,complete,False,4908,,25.331971399387132,119,119,104,119,,,,119,0,0,0,0.2709004273638129,116.90390484547243,117.91355853783898,0.8610607981681824
zero_attempt_supplement,qwen27_grammar,tsp_public,C,da0bb64096b3ee6b6b8d,bier127,True,,complete,False,148886,,25.87375932094486,68,68,57,68,,,,68,0,0,0,0.09538174606859684,59.346793841570616,59.71598939783871,0.3012816431000829
zero_attempt_supplement,qwen38_27b_bf16,community_bipartition_construct,A,s-076c5b9aa1296dc89e08869eb4ee702f,s-076c5b9aa1296dc89e08869eb4ee702f,True,,complete,False,-0.013888888888888888,0.5,,10,10,0,10,,,,10,0,0,0,0.0027353104669600725,3.690076548838988,3.704151469981298,0.012314912863075733
zero_attempt_supplement,qwen38_27b_bf16,community_bipartition_construct,A,s-0b879fab44ede457b26b0238ac68c797,s-0b879fab44ede457b26b0238ac68c797,True,,complete,False,-0.034026465028355386,0.2495274102079395,,10,10,0,10,,,,10,0,0,0,0.00203433888964355,4.982389183714986,4.993737576995045,0.009948326041921973
zero_attempt_supplement,qwen38_27b_bf16,community_bipartition_construct,A,s-137c103bc1781312d024170443108089,s-137c103bc1781312d024170443108089,True,,complete,False,-0.017578125,0.4375,,11,11,0,11,,,,11,0,0,0,0.0034426108468323946,4.633414174662903,4.649843013146892,0.014947606949135661
zero_attempt_supplement,qwen38_27b_bf16,community_bipartition_construct,A,s-2370ace159e27c39576743382957ccae,s-2370ace159e27c39576743382957ccae,True,,complete,False,-0.026627218934911243,0.3431952662721894,,8,8,0,8,,,,8,0,0,0,0.0021011102944612503,3.8774242338258773,3.888298465870321,0.006509547121822834
zero_attempt_supplement,qwen38_27b_bf16,community_bipartition_construct,A,s-282332a557e7eee0a8a77de6446d5c94,s-282332a557e7eee0a8a77de6446d5c94,True,,complete,False,-0.0221606648199446,0.2991689750692521,,8,8,0,8,,,,8,0,0,0,0.001998608000576496,3.9562360213603824,3.966612309915945,0.011660556076094508
zero_attempt_supplement,qwen38_27b_bf16,community_bipartition_construct,A,s-2e758f9fe02084c5cf14bfae08eb34c1,s-2e758f9fe02084c5cf14bfae08eb34c1,True,,complete,False,-0.026627218934911243,0.5,,11,11,0,11,,,,11,0,0,0,0.003205143613740802,5.310002685757354,5.325810680165887,0.01456349017098546
zero_attempt_supplement,qwen38_27b_bf16,community_bipartition_construct,A,s-3b28c938ddcef434c793080d1248a9fc,s-3b28c938ddcef434c793080d1248a9fc,True,,complete,False,-0.0078125,0.443359375,,9,9,0,9,,,,9,0,0,0,0.0025452333502471447,4.398512687999755,4.41136978706345,0.012071995995938778
zero_attempt_supplement,qwen38_27b_bf16,community_bipartition_construct,A,s-44a4d071e06851bcc4d0dcaad3e60b37,s-44a4d071e06851bcc4d0dcaad3e60b37,True,,complete,False,-0.005,0.305,,11,11,0,11,,,,11,0,0,0,0.003534422256052494,5.571180745959282,5.58746513701044,0.01644744398072362
zero_attempt_supplement,qwen38_27b_bf16,community_bipartition_construct,A,s-4a7eaac9cef0ee5cb55673dd74b84d26,s-4a7eaac9cef0ee5cb55673dd74b84d26,True,,complete,False,-0.01652892561983471,0.3347107438016529,,11,11,0,11,,,,11,0,0,0,0.0033988950308412313,4.241959544364363,4.2583004150073975,0.017204776173457503
zero_attempt_supplement,qwen38_27b_bf16,community_bipartition_construct,A,s-580374321117891f36a4ea3783abaf8f,s-580374321117891f36a4ea3783abaf8f,True,,complete,False,-0.02,0.1,,7,7,0,7,,,,7,0,0,0,0.0018873221706598997,3.390210775192827,3.4007622280623764,0.009083402110263705
zero_attempt_supplement,qwen38_27b_bf16,community_bipartition_construct,A,s-5a5f784985bdb253f1405d3d4e3d4693,s-5a5f784985bdb253f1405d3d4e3d4693,True,,complete,False,-0.047337278106508875,0.31952662721893493,,8,8,0,8,,,,8,0,0,0,0.002081021899357438,2.692944471957162,2.7042551869526505,0.010175500996410847
zero_attempt_supplement,qwen38_27b_bf16,community_bipartition_construct,A,s-5a9d2c21115f44bd17027bbd5b08e36c,s-5a9d2c21115f44bd17027bbd5b08e36c,True,,complete,False,-0.011834319526627219,0.33136094674556216,,9,9,0,9,,,,9,0,0,0,0.0017638206481933594,3.0291032479144633,3.038490436039865,0.007230287883430719
zero_attempt_supplement,qwen38_27b_bf16,community_bipartition_construct,A,s-64e07bd222aa47e9b45d3c1c162449c5,s-64e07bd222aa47e9b45d3c1c162449c5,True,,complete,False,-0.02295918367346939,0.38010204081632654,,9,9,0,9,,,,9,0,0,0,0.002443132922053337,2.94223290681839,2.954792374977842,0.011662543984130025
zero_attempt_supplement,qwen38_27b_bf16,community_bipartition_construct,A,s-672d018e6478f8eedd90d9eefb805ef7,s-672d018e6478f8eedd90d9eefb805ef7,True,,complete,False,-0.03125,0.16666666666666666,,10,10,0,10,,,,10,0,0,0,0.0031087168026715517,3.805417363299057,3.8199022109620273,0.0072707789950072765
zero_attempt_supplement,qwen38_27b_bf16,community_bipartition_construct,A,s-6a7165faf2507301e0ffe49b41df16c9,s-6a7165faf2507301e0ffe49b41df16c9,True,,complete,False,-0.008888888888888889,0.17555555555555555,,8,8,0,8,,,,8,0,0,0,0.0018433141522109509,2.808120349654928,2.817761226091534,0.010554001899436116
zero_attempt_supplement,qwen38_27b_bf16,community_bipartition_construct,A,s-6ed829cbd823f1c8985f12bf494ae8b8,s-6ed829cbd823f1c8985f12bf494ae8b8,True,,complete,False,-0.02295918367346939,0.257015306122449,,11,11,0,11,,,,11,0,0,0,0.003550951601937413,5.52599812601693,5.541347478050739,0.018471792107447982
zero_attempt_supplement,qwen38_27b_bf16,community_bipartition_construct,A,s-7b4064e0cb3ad0f1c850996086f67aa6,s-7b4064e0cb3ad0f1c850996086f67aa6,True,,complete,False,-0.015570934256055362,0.3823529411764706,,8,8,0,8,,,,8,0,0,0,0.0019627560395747423,3.9293629829771817,3.9401457018684596,0.01096135494299233
zero_attempt_supplement,qwen38_27b_bf16,community_bipartition_construct,A,s-8558d8afb80e09b53cc729bddfd06079,s-8558d8afb80e09b53cc729bddfd06079,True,,complete,False,-0.01020408163265306,0.29336734693877553,,9,9,0,9,,,,9,0,0,0,0.0022990740835666656,3.036739961244166,3.0484703781548887,0.005750836106017232
zero_attempt_supplement,qwen38_27b_bf16,community_bipartition_construct,A,s-875a5d74e52c91fc3d7a86e12cc3b001,s-875a5d74e52c91fc3d7a86e12cc3b001,True,,complete,False,-0.01652892561983471,0.1890495867768595,,10,10,0,10,,,,10,0,0,0,0.003231543581932783,3.607817981624976,3.6233277760911733,0.015619335928931832
zero_attempt_supplement,qwen38_27b_bf16,community_bipartition_construct,A,s-962dbe718ef1f0afdb50669b6c2b27f6,s-962dbe718ef1f0afdb50669b6c2b27f6,True,,complete,False,-0.03125,0.28125,,7,7,0,7,,,,7,0,0,0,0.0015547946095466614,2.34824116085656,2.3567023198120296,0.007994005922228098
zero_attempt_supplement,qwen38_27b_bf16,community_bipartition_construct,A,s-a0c142e2222a74bcbe02d60e4522940a,s-a0c142e2222a74bcbe02d60e4522940a,True,,complete,False,-0.03125,0.5,,7,7,0,7,,,,7,0,0,0,0.0015052910894155502,2.336619853042066,2.3455002340488136,0.003804547945037484
zero_attempt_supplement,qwen38_27b_bf16,community_bipartition_construct,A,s-ba70c26531cfdb81df60659235df7a01,s-ba70c26531cfdb81df60659235df7a01,True,,complete,False,-0.038580246913580245,0.27314814814814814,,8,8,0,8,,,,8,0,0,0,0.002272964222356677,3.2435023284051567,3.2548590160440654,0.011215142905712128
zero_attempt_supplement,qwen38_27b_bf16,community_bipartition_construct,A,s-c0ac6ceaf021c85cb22cb9fa77427c68,s-c0ac6ceaf021c85cb22cb9fa77427c68,True,,complete,False,-0.015570934256055362,0.21453287197231832,,9,9,0,9,,,,9,0,0,0,0.00269551039673388,3.3807477029040456,3.394467663951218,0.012681281194090843
zero_attempt_supplement,qwen38_27b_bf16,community_bipartition_construct,A,s-c5dcb1e5aca367c2fd64bad585c3dfb1,s-c5dcb1e5aca367c2fd64bad585c3dfb1,True,,complete,False,-0.047337278106508875,0.2485207100591716,,7,7,0,7,,,,7,0,0,0,0.0018787235021591187,2.3369659003801644,2.3469565499108285,0.00882737897336483
zero_attempt_supplement,qwen38_27b_bf16,community_bipartition_construct,A,s-c62fbfb81d1742c312634637fbb6e6f1,s-c62fbfb81d1742c312634637fbb6e6f1,True,,complete,False,-0.0072,0.19840000000000002,,11,11,0,11,,,,11,0,0,0,0.0035318522714078426,4.142850745702162,4.158609830075875,0.0178896461147815
zero_attempt_supplement,qwen38_27b_bf16,community_bipartition_construct,A,s-d422a0ecd9ea4757425df1a6a837dffb,s-d422a0ecd9ea4757425df1a6a837dffb,True,,complete,False,-0.0221606648199446,0.25900277008310246,,9,9,0,9,,,,9,0,0,0,0.0023996392264962196,4.4635496833361685,4.475821285042912,0.006097164936363697
zero_attempt_supplement,qwen38_27b_bf16,community_bipartition_construct,A,s-dc67c302b75141992c0a979961070d8a,s-dc67c302b75141992c0a979961070d8a,True,,complete,False,-0.024691358024691357,0.2962962962962963,,7,7,0,7,,,,7,0,0,0,0.0018671639263629913,2.6049054893665016,2.6151661130134016,0.008032830897718668
zero_attempt_supplement,qwen38_27b_bf16,community_bipartition_construct,A,s-e09a139815703541e7def0bbb1f846ee,s-e09a139815703541e7def0bbb1f846ee,True,,complete,False,-0.005739795918367347,0.20408163265306123,,11,11,0,11,,,,11,0,0,0,0.0038060378283262253,5.4625826824922115,5.4797347721178085,0.018976982915773988
zero_attempt_supplement,qwen38_27b_bf16,community_bipartition_construct,A,s-ed19747f378879105ed02cfb68c144d4,s-ed19747f378879105ed02cfb68c144d4,True,,complete,False,-0.0078125,0.11669921875,,10,10,0,10,,,,10,0,0,0,0.0032069929875433445,4.328268368728459,4.342756607104093,0.01809445908293128
zero_attempt_supplement,qwen38_27b_bf16,community_bipartition_construct,A,s-fd98b82be1b39efd3011d322c365b0b2,s-fd98b82be1b39efd3011d322c365b0b2,True,,complete,False,-0.05555555555555555,0.345679012345679,,7,7,0,7,,,,7,0,0,0,0.0015830839984118938,3.3533158893696964,3.3615970979444683,0.007824393920600414
zero_attempt_supplement,qwen38_27b_bf16,community_bipartition_construct,B,s-0b879fab44ede457b26b0238ac68c797,s-0b879fab44ede457b26b0238ac68c797,True,,complete,False,0.06427221172022685,0.15122873345935728,,6,6,4,6,,,,6,0,0,0,0.004159411182627082,3.549778273096308,3.563533868873492,0.015968278981745243
zero_attempt_supplement,qwen38_27b_bf16,community_bipartition_construct,B,s-137c103bc1781312d024170443108089,s-137c103bc1781312d024170443108089,True,,complete,False,0.1171875,0.302734375,,7,7,4,7,,,,7,0,0,0,0.004175499081611633,3.782380465650931,3.7974017281085253,0.016580309020355344
zero_attempt_supplement,qwen38_27b_bf16,community_bipartition_construct,B,s-1eacf0b01f046a2a83bf692b8ced114b,s-1eacf0b01f046a2a83bf692b8ced114b,True,,complete,False,0.12585034013605442,0.1870748299319728,,7,7,4,7,,,,7,0,0,0,0.005053496453911066,4.696959374006838,4.713855169946328,0.01761427684687078
zero_attempt_supplement,qwen38_27b_bf16,community_bipartition_construct,B,s-2370ace159e27c39576743382957ccae,s-2370ace159e27c39576743382957ccae,True,,complete,False,0.3165680473372781,0.0,,6,6,2,6,,,,6,0,0,0,0.003494251985102892,3.9199261250905693,3.9331975150853395,0.012911440106108785
zero_attempt_supplement,qwen38_27b_bf16,community_bipartition_construct,B,s-282332a557e7eee0a8a77de6446d5c94,s-282332a557e7eee0a8a77de6446d5c94,True,,complete,False,0.18282548476454294,0.09418282548476456,,5,5,3,5,,,,5,0,0,0,0.002682597143575549,2.66413806239143,2.6743749869056046,0.0122784951236099
zero_attempt_supplement,qwen38_27b_bf16,community_bipartition_construct,B,s-2e758f9fe02084c5cf14bfae08eb34c1,s-2e758f9fe02084c5cf14bfae08eb34c1,True,,complete,False,0.3431952662721893,0.1301775147928994,,7,7,4,7,,,,7,0,0,0,0.004582783905789256,3.725486165145412,3.741080682957545,0.01541316183283925
zero_attempt_supplement,qwen38_27b_bf16,community_bipartition_construct,B,s-44a4d071e06851bcc4d0dcaad3e60b37,s-44a4d071e06851bcc4d0dcaad3e60b37,True,,complete,False,0.1,0.19999999999999998,,5,5,6,5,,,,5,0,0,0,0.004727806430310011,2.7447545861359686,2.7590882561635226,0.013674463843926787
zero_attempt_supplement,qwen38_27b_bf16,community_bipartition_construct,B,s-4a7eaac9cef0ee5cb55673dd74b84d26,s-4a7eaac9cef0ee5cb55673dd74b84d26,True,,complete,False,0.2231404958677686,0.09504132231404958,,4,4,7,4,,,,4,0,0,0,0.004760184558108449,2.175341716967523,2.189244556007907,0.012342085130512714
zero_attempt_supplement,qwen38_27b_bf16,community_bipartition_construct,B,s-580374321117891f36a4ea3783abaf8f,s-580374321117891f36a4ea3783abaf8f,True,,complete,False,0.08,0.0,,5,5,2,5,,,,5,0,0,0,0.0018579734023660421,3.2418182857800275,3.24956088908948,0.006972179980948567
zero_attempt_supplement,qwen38_27b_bf16,community_bipartition_construct,B,s-5a5f784985bdb253f1405d3d4e3d4693,s-5a5f784985bdb253f1405d3d4e3d4693,True,,complete,False,-0.038461538461538464,0.31065088757396453,,5,5,3,5,,,,5,0,0,0,0.0032426228281110525,2.6691418341360986,2.6813254330772907,0.011190230958163738
zero_attempt_supplement,qwen38_27b_bf16,community_bipartition_construct,B,s-6ea0fc250c85b6cc2a755a33adfa1ef2,s-6ea0fc250c85b6cc2a755a33adfa1ef2,True,,complete,False,0.04938271604938271,0.3148148148148148,,2,2,5,2,,,,2,0,0,0,0.0009881481528282166,1.1131089869886637,1.117863502819091,0.0053242831490933895
zero_attempt_supplement,qwen38_27b_bf16,community_bipartition_construct,B,s-777e74ef803c3322105ed2446ea50576,s-777e74ef803c3322105ed2446ea50576,True,,complete,False,0.1453287197231834,0.03460207612456748,,5,5,3,5,,,,5,0,0,0,0.003606734098866582,3.363968367455527,3.3762981130275875,0.01196023402735591
zero_attempt_supplement,qwen38_27b_bf16,community_bipartition_construct,B,s-7b4064e0cb3ad0f1c850996086f67aa6,s-7b4064e0cb3ad0f1c850996086f67aa6,True,,complete,False,0.36678200692041524,0.0,,4,4,4,4,,,,4,0,0,0,0.0028314434457570314,2.289812257979065,2.3002784410491586,0.01030131708830595
zero_attempt_supplement,qwen38_27b_bf16,community_bipartition_construct,B,s-875a5d74e52c91fc3d7a86e12cc3b001,s-875a5d74e52c91fc3d7a86e12cc3b001,True,,complete,False,0.09917355371900827,0.07334710743801653,,5,5,5,5,,,,5,0,0,0,0.0031134302262216806,3.1068119783885777,3.1177383998874575,0.013648049905896187
zero_attempt_supplement,qwen38_27b_bf16,community_bipartition_construct,B,s-962dbe718ef1f0afdb50669b6c2b27f6,s-962dbe718ef1f0afdb50669b6c2b27f6,True,,complete,False,0.21875,0.03125,,4,4,3,4,,,,4,0,0,0,0.0015051346272230148,2.706851834896952,2.713373072911054,0.005611060885712504
zero_attempt_supplement,qwen38_27b_bf16,community_bipartition_construct,B,s-ba70c26531cfdb81df60659235df7a01,s-ba70c26531cfdb81df60659235df7a01,True,,complete,False,0.1419753086419753,0.09259259259259259,,5,5,3,5,,,,5,0,0,0,0.003102458082139492,2.810873077251017,2.821620595874265,0.012110436102375388
zero_attempt_supplement,qwen38_27b_bf16,community_bipartition_construct,B,s-c5dcb1e5aca367c2fd64bad585c3dfb1,s-c5dcb1e5aca367c2fd64bad585c3dfb1,True,,complete,False,0.03550295857988166,0.16568047337278108,,5,5,2,5,,,,5,0,0,0,0.002920404076576233,3.212103383615613,3.2240117979235947,0.01077344105578959
zero_attempt_supplement,qwen38_27b_bf16,community_bipartition_construct,B,s-cb3fefaaf4dbcb9c613c8bf7ce784a5e,s-cb3fefaaf4dbcb9c613c8bf7ce784a5e,True,,complete,False,0.15777777777777777,0.1888888888888889,,5,5,4,5,,,,5,0,0,0,0.0036935745738446712,3.269571809330955,3.281831824919209,0.011857285164296627
zero_attempt_supplement,qwen38_27b_bf16,community_bipartition_construct,B,s-dc67c302b75141992c0a979961070d8a,s-dc67c302b75141992c0a979961070d8a,True,,complete,False,0.06790123456790123,0.2037037037037037,,5,5,2,5,,,,5,0,0,0,0.002744736848399043,3.3606182418297976,3.370883487164974,0.009960666997358203
zero_attempt_supplement,qwen38_27b_bf16,community_bipartition_construct,B,s-e09a139815703541e7def0bbb1f846ee,s-e09a139815703541e7def0bbb1f846ee,True,,complete,False,0.10650510204081633,0.09183673469387756,,6,6,5,6,,,,6,0,0,0,0.0059269394259899855,3.8313535302877426,3.849238432943821,0.01759914611466229
zero_attempt_supplement,qwen38_27b_bf16,community_bipartition_construct,B,s-ed19747f378879105ed02cfb68c144d4,s-ed19747f378879105ed02cfb68c144d4,True,,complete,False,0.044921875,0.06396484375,,7,7,3,7,,,,7,0,0,0,0.005304522812366486,4.458798958687112,4.475872918963432,0.019898461876437068
zero_attempt_supplement,qwen38_27b_bf16,community_bipartition_construct,C,s-0b879fab44ede457b26b0238ac68c797,s-0b879fab44ede457b26b0238ac68c797,True,,complete,False,0.16162570888468808,0.053875236294896045,,7,7,3,7,,,,7,0,0,0,0.005252228584140539,4.882460363674909,4.901176872197539,0.020844407845288515
zero_attempt_supplement,qwen38_27b_bf16,community_bipartition_construct,C,s-137c103bc1781312d024170443108089,s-137c103bc1781312d024170443108089,True,,complete,False,0.341796875,0.078125,,7,7,4,7,,,,7,0,0,0,0.004241692600771785,4.96491679828614,4.981609980110079,0.019524483010172844
zero_attempt_supplement,qwen38_27b_bf16,community_bipartition_construct,C,s-2370ace159e27c39576743382957ccae,s-2370ace159e27c39576743382957ccae,True,,complete,False,0.3165680473372781,0.0,,6,6,2,6,,,,6,0,0,0,0.0027719703502953053,4.8455520728603005,4.857198528945446,0.015311032067984343
zero_attempt_supplement,qwen38_27b_bf16,community_bipartition_construct,C,s-2e758f9fe02084c5cf14bfae08eb34c1,s-2e758f9fe02084c5cf14bfae08eb34c1,True,,complete,False,0.27218934911242604,0.2011834319526627,,6,6,5,6,,,,6,0,0,0,0.004619101528078318,4.4864427535794675,4.503082917071879,0.017067357199266553
zero_attempt_supplement,qwen38_27b_bf16,community_bipartition_construct,C,s-2f7a434f40b3b2a82802b49cd7a04eb8,s-2f7a434f40b3b2a82802b49cd7a04eb8,True,,complete,False,0.257396449704142,0.011834319526627224,,1,1,7,1,,,,1,0,0,0,0.002446827245876193,0.8541253369767219,0.8612105858046561,0.004788814811035991
zero_attempt_supplement,qwen38_27b_bf16,community_bipartition_construct,C,s-3b28c938ddcef434c793080d1248a9fc,s-3b28c938ddcef434c793080d1248a9fc,True,,complete,False,0.435546875,0.0,,7,7,2,7,,,,7,0,0,0,0.004047575639560819,5.929892585147172,5.944284419063479,0.018436889862641692
zero_attempt_supplement,qwen38_27b_bf16,community_bipartition_construct,C,s-4a7eaac9cef0ee5cb55673dd74b84d26,s-4a7eaac9cef0ee5cb55673dd74b84d26,True,,complete,False,0.2634297520661157,0.05475206611570249,,5,5,6,5,,,,5,0,0,0,0.00512278382666409,4.2968103585299104,4.313240038929507,0.016404121182858944
zero_attempt_supplement,qwen38_27b_bf16,community_bipartition_construct,C,s-57fbe4c977c46813024a77f835045f9e,s-57fbe4c977c46813024a77f835045f9e,True,,complete,False,0.30357142857142855,0.0,,6,6,4,6,,,,6,0,0,0,0.005458106053993106,5.2296428515110165,5.247799413045868,0.019470937782898545
zero_attempt_supplement,qwen38_27b_bf16,community_bipartition_construct,C,s-580374321117891f36a4ea3783abaf8f,s-580374321117891f36a4ea3783abaf8f,True,,complete,False,0.08,0.0,,5,5,2,5,,,,5,0,0,0,0.002468259073793888,4.182505276752636,4.193043873878196,0.012985756155103445
zero_attempt_supplement,qwen38_27b_bf16,community_bipartition_construct,C,s-5a5f784985bdb253f1405d3d4e3d4693,s-5a5f784985bdb253f1405d3d4e3d4693,True,,complete,False,0.06804733727810651,0.20414201183431951,,5,5,3,5,,,,5,0,0,0,0.0034144152887165546,4.252857901155949,4.2656263508833945,0.013308045919984579
zero_attempt_supplement,qwen38_27b_bf16,community_bipartition_construct,C,s-64e07bd222aa47e9b45d3c1c162449c5,s-64e07bd222aa47e9b45d3c1c162449c5,True,,complete,False,0.28316326530612246,0.07397959183673469,,5,5,4,5,,,,5,0,0,0,0.0037236749194562435,4.161117950920016,4.174755597021431,0.013885122025385499
zero_attempt_supplement,qwen38_27b_bf16,community_bipartition_construct,C,s-6a7165faf2507301e0ffe49b41df16c9,s-6a7165faf2507301e0ffe49b41df16c9,True,,complete,False,0.16666666666666666,0.0,,2,2,6,2,,,,2,0,0,0,0.0018567238003015518,1.7134238330181688,1.7199708600528538,0.007060162024572492
zero_attempt_supplement,qwen38_27b_bf16,community_bipartition_construct,C,s-6c1414599913552df0302c6bab2c8c31,s-6c1414599913552df0302c6bab2c8c31,True,,complete,False,0.30839002267573695,0.0,,4,4,6,4,,,,4,0,0,0,0.004344294313341379,2.806742236018181,2.8205263221170753,0.006329952040687203
zero_attempt_supplement,qwen38_27b_bf16,community_bipartition_construct,C,s-6ed829cbd823f1c8985f12bf494ae8b8,s-6ed829cbd823f1c8985f12bf494ae8b8,True,,complete,False,0.10650510204081633,0.12755102040816324,,9,9,2,9,,,,9,0,0,0,0.0058508149813860655,6.461322742281482,6.4831081728916615,0.02822841494344175
zero_attempt_supplement,qwen38_27b_bf16,community_bipartition_construct,C,s-777e74ef803c3322105ed2446ea50576,s-777e74ef803c3322105ed2446ea50576,True,,complete,False,0.1453287197231834,0.03460207612456748,,5,5,3,5,,,,5,0,0,0,0.002303017070516944,4.245229582302272,4.254332962911576,0.009879074059426785
zero_attempt_supplement,qwen38_27b_bf16,community_bipartition_construct,C,s-962dbe718ef1f0afdb50669b6c2b27f6,s-962dbe718ef1f0afdb50669b6c2b27f6,True,,complete,False,0.25,0.0,,4,4,3,4,,,,4,0,0,0,0.002612784970551729,3.3032346521504223,3.3133073069620878,0.009658033028244972
zero_attempt_supplement,qwen38_27b_bf16,community_bipartition_construct,C,s-a0c142e2222a74bcbe02d60e4522940a,s-a0c142e2222a74bcbe02d60e4522940a,True,,complete,False,0.46875,0.0,,3,3,4,3,,,,3,0,0,0,0.0026615881361067295,1.9633621398825198,1.973421267932281,0.007988856872543693
zero_attempt_supplement,qwen38_27b_bf16,community_bipartition_construct,C,s-ba70c26531cfdb81df60659235df7a01,s-ba70c26531cfdb81df60659235df7a01,True,,complete,False,0.2345679012345679,0.0,,6,6,2,6,,,,6,0,0,0,0.003941483097150922,4.152673116652295,4.167639376129955,0.01650490309111774
zero_attempt_supplement,qwen38_27b_bf16,community_bipartition_construct,C,s-c0ac6ceaf021c85cb22cb9fa77427c68,s-c0ac6ceaf021c85cb22cb9fa77427c68,True,,complete,False,0.14359861591695502,0.055363321799307946,,7,7,2,7,,,,7,0,0,0,0.004596731625497341,5.504963962128386,5.522274740040302,0.018857862101867795
zero_attempt_supplement,qwen38_27b_bf16,community_bipartition_construct,C,s-c5dcb1e5aca367c2fd64bad585c3dfb1,s-c5dcb1e5aca367c2fd64bad585c3dfb1,True,,complete,False,0.06804733727810651,0.13313609467455623,,4,4,3,4,,,,4,0,0,0,0.002895113080739975,2.8907372462563217,2.9018974390346557,0.010939055820927024
zero_attempt_supplement,qwen38_27b_bf16,community_bipartition_construct,C,s-c62fbfb81d1742c312634637fbb6e6f1,s-c62fbfb81d1742c312634637fbb6e6f1,True,,complete,False,0.1368,0.054400000000000004,,6,6,5,6,,,,6,0,0,0,0.005584817146882415,4.258902327856049,4.277277551824227,0.019885445944964886
zero_attempt_supplement,qwen38_27b_bf16,community_bipartition_construct,C,s-cb3fefaaf4dbcb9c613c8bf7ce784a5e,s-cb3fefaaf4dbcb9c613c8bf7ce784a5e,True,,complete,False,0.3466666666666667,0.0,,5,5,4,5,,,,5,0,0,0,0.004043137421831489,3.827054418157786,3.841851897072047,0.014450256945565343
zero_attempt_supplement,qwen38_27b_bf16,community_bipartition_construct,C,s-d422a0ecd9ea4757425df1a6a837dffb,s-d422a0ecd9ea4757425df1a6a837dffb,True,,complete,False,0.18698060941828254,0.04986149584487534,,4,4,5,4,,,,4,0,0,0,0.0038121866527944803,3.2444374801125377,3.257595461094752,0.01287723402492702
zero_attempt_supplement,qwen38_27b_bf16,community_bipartition_construct,C,s-d5a82684939b0f34ac08e76edc501e66,s-d5a82684939b0f34ac08e76edc501e66,True,,complete,False,0.20833333333333334,0.0,,3,3,4,3,,,,3,0,0,0,0.0014803928788751364,2.3978914509061724,2.4045423599891365,0.008850052952766418
zero_attempt_supplement,qwen38_27b_bf16,community_bipartition_construct,C,s-dc67c302b75141992c0a979961070d8a,s-dc67c302b75141992c0a979961070d8a,True,,complete,False,0.06790123456790123,0.2037037037037037,,5,5,2,5,,,,5,0,0,0,0.0028031389228999615,3.7647270711604506,3.776183060836047,0.012338555883616209
zero_attempt_supplement,qwen38_27b_bf16,community_bipartition_construct,C,s-ec4e8f37bb79713701c2632eac0872bd,s-ec4e8f37bb79713701c2632eac0872bd,True,,complete,False,0.21333333333333335,0.08666666666666664,,5,5,4,5,,,,5,0,0,0,0.003870120970532298,3.6299598396290094,3.6437426020856947,0.014231187058612704
zero_attempt_supplement,qwen38_27b_bf16,community_bipartition_construct,C,s-fd98b82be1b39efd3011d322c365b0b2,s-fd98b82be1b39efd3011d322c365b0b2,True,,complete,False,0.29012345679012347,0.0,,3,3,4,3,,,,3,0,0,0,0.002399977995082736,2.3906833599321544,2.3998929830268025,0.008227295009419322
zero_attempt_supplement,qwen38_27b_bf16,lt_influence_construct,A,s-0c19c9896a834361f0ed07f36bb42a79,s-0c19c9896a834361f0ed07f36bb42a79,True,,complete,False,6,0,,2,2,0,2,,,,2,0,0,0,0.0003568301908671856,1.1436893299687654,1.14672068413347,0.004661110928282142
zero_attempt_supplement,qwen38_27b_bf16,lt_influence_construct,A,s-0d168173692e33ff45deebb1c92340f7,s-0d168173692e33ff45deebb1c92340f7,True,,complete,False,5,0,,2,2,0,2,,,,2,0,0,0,0.0005831168964505196,1.3329197701532394,1.3368343501351774,0.007179382955655456
zero_attempt_supplement,qwen38_27b_bf16,lt_influence_construct,A,s-0d5c95d5e88675188b67df13c7222275,s-0d5c95d5e88675188b67df13c7222275,True,,complete,False,5,1,,2,2,0,2,,,,2,0,0,0,0.0009997880551964045,1.1915255580097437,1.1966189448721707,0.005373765015974641
zero_attempt_supplement,qwen38_27b_bf16,lt_influence_construct,A,s-2f2e472f16b3987be03c0890d806ca40,s-2f2e472f16b3987be03c0890d806ca40,True,,complete,False,4,5,,2,2,0,2,,,,2,0,0,0,0.0007926123216748238,0.9906994919292629,0.9949278540443629,0.0070367432199418545
zero_attempt_supplement,qwen38_27b_bf16,lt_influence_construct,A,s-4bd3e3488d96d1af5c88a6a8f2cef94f,s-4bd3e3488d96d1af5c88a6a8f2cef94f,True,,complete,False,5,4,,2,2,0,2,,,,2,0,0,0,0.0011353311128914356,1.0008841189555824,1.0063065011054277,0.006269427016377449
zero_attempt_supplement,qwen38_27b_bf16,lt_influence_construct,A,s-55d7c34866e4b0aef1248758feffdeb7,s-55d7c34866e4b0aef1248758feffdeb7,True,,complete,False,10,1,,2,2,0,2,,,,2,0,0,0,0.0015504660550504923,1.350389895029366,1.356953864917159,0.009276847122237086
zero_attempt_supplement,qwen38_27b_bf16,lt_influence_construct,A,s-6f4701c7c6d9dc535ef039ceca66d005,s-6f4701c7c6d9dc535ef039ceca66d005,True,,complete,False,9,0,,2,2,0,2,,,,2,0,0,0,0.0007193698547780514,1.3350920700468123,1.3393897630739957,0.008471174165606499
zero_attempt_supplement,qwen38_27b_bf16,lt_influence_construct,A,s-6f79f998d5e422ee7ca0545975f6c9bb,s-6f79f998d5e422ee7ca0545975f6c9bb,True,,complete,False,8,0,,2,2,0,2,,,,2,0,0,0,0.001232704846188426,1.3640422984026372,1.3696433769073337,0.0068042820785194635
zero_attempt_supplement,qwen38_27b_bf16,lt_influence_construct,A,s-6fca7dd364a46e9d60f169bca70278ac,s-6fca7dd364a46e9d60f169bca70278ac,True,,complete,False,4,6,,2,2,0,2,,,,2,0,0,0,0.001576924929395318,1.3040406769141555,1.3104371610097587,0.00821526488289237
zero_attempt_supplement,qwen38_27b_bf16,lt_influence_construct,A,s-7c25907db44e977cd1725dd27587d14c,s-7c25907db44e977cd1725dd27587d14c,True,,complete,False,11,0,,2,2,0,2,,,,2,0,0,0,0.001727619906887412,1.0988251948729157,1.1061440440826118,0.010600056033581495
zero_attempt_supplement,qwen38_27b_bf16,lt_influence_construct,A,s-8374c80b70d9deff23730db881d47a34,s-8374c80b70d9deff23730db881d47a34,True,,complete,False,7,1,,2,2,0,2,,,,2,0,0,0,0.0012522349134087563,1.2491200750228018,1.2547457341570407,0.006408181041479111
zero_attempt_supplement,qwen38_27b_bf16,lt_influence_construct,A,s-89267de22c9ad4abded5bb78bce70b2a,s-89267de22c9ad4abded5bb78bce70b2a,True,,complete,False,2,1,,2,2,0,2,,,,2,0,0,0,0.0008472439367324114,0.9629867000039667,0.9676820149179548,0.004179389914497733
zero_attempt_supplement,qwen38_27b_bf16,lt_influence_construct,A,s-8be15b9e8281a7cc1ad9430b7ea66951,s-8be15b9e8281a7cc1ad9430b7ea66951,True,,complete,False,2,5,,2,2,0,2,,,,2,0,0,0,0.0005960266571491957,1.4127061918843538,1.416421749163419,0.0066504820715636015
zero_attempt_supplement,qwen38_27b_bf16,lt_influence_construct,A,s-95c3b9b4137157429b2ff865d081f06c,s-95c3b9b4137157429b2ff865d081f06c,True,,complete,False,3,2,,2,2,0,2,,,,2,0,0,0,0.0005924869328737259,0.9522324281278998,0.9557576691731811,0.004051786148920655
zero_attempt_supplement,qwen38_27b_bf16,lt_influence_construct,A,s-96099035924f6512e2e23fff89d527a1,s-96099035924f6512e2e23fff89d527a1,True,,complete,False,9,1,,2,2,0,2,,,,2,0,0,0,0.0014390300493687391,0.916681514121592,0.9233770240098238,0.00893160398118198
zero_attempt_supplement,qwen38_27b_bf16,lt_influence_construct,A,s-99a885cd159a3ad00a186a66ab9d449e,s-99a885cd159a3ad00a186a66ab9d449e,True,,complete,False,2,3,,2,2,0,2,,,,2,0,0,0,0.0011023411061614752,1.174594330135733,1.180187787860632,0.008177690906450152
zero_attempt_supplement,qwen38_27b_bf16,lt_influence_construct,A,s-b24a9d04fc3cb1ef8f0fb949b5010e07,s-b24a9d04fc3cb1ef8f0fb949b5010e07,True,,complete,False,8,0,,2,2,0,2,,,,2,0,0,0,0.0010474813170731068,0.9147801811341196,0.9195961100049317,0.0057942860294133425
zero_attempt_supplement,qwen38_27b_bf16,lt_influence_construct,A,s-b7fe53dd1f3bbcbeda0fe0b895ce5fe6,s-b7fe53dd1f3bbcbeda0fe0b895ce5fe6,True,,complete,False,8,1,,2,2,0,2,,,,2,0,0,0,0.001078460132703185,1.1046660470310599,1.1097172498703003,0.006032220087945461
zero_attempt_supplement,qwen38_27b_bf16,lt_influence_construct,A,s-baeeeeca8e686d61f82984aa5ca479d2,s-baeeeeca8e686d61f82984aa5ca479d2,True,,complete,False,7,1,,2,2,0,2,,,,2,0,0,0,0.0012646957766264677,1.2443394539877772,1.250378818018362,0.007261717924848199
zero_attempt_supplement,qwen38_27b_bf16,lt_influence_construct,A,s-bc521abbb0721dd677ad6ddf766d7d0a,s-bc521abbb0721dd677ad6ddf766d7d0a,True,,complete,False,8,0,,2,2,0,2,,,,2,0,0,0,0.0011632430832833052,1.2076134111266583,1.213037627050653,0.0066225300543010235
zero_attempt_supplement,qwen38_27b_bf16,lt_influence_construct,A,s-bc98ff2d2ee40b5f844bed73126dd199,s-bc98ff2d2ee40b5f844bed73126dd199,True,,complete,False,8,3,,2,2,0,2,,,,2,0,0,0,0.0018475030083209276,1.015626251930371,1.0229848050512373,0.010708888992667198
zero_attempt_supplement,qwen38_27b_bf16,lt_influence_construct,A,s-c51363b1903c0998284acea41dcd6c3d,s-c51363b1903c0998284acea41dcd6c3d,True,,complete,False,10,1,,2,2,0,2,,,,2,0,0,0,0.0017773001454770565,1.3755700988695025,1.3826920709107071,0.010707872919738293
zero_attempt_supplement,qwen38_27b_bf16,lt_influence_construct,A,s-c52b6f472cd8068af02d728d86371a3d,s-c52b6f472cd8068af02d728d86371a3d,True,,complete,False,11,0,,2,2,0,2,,,,2,0,0,0,0.0018554630223661661,1.1895124821458012,1.1969673850107938,0.010964355198666453
zero_attempt_supplement,qwen38_27b_bf16,lt_influence_construct,A,s-c8cb057d96aab5ae8af994b857222ba8,s-c8cb057d96aab5ae8af994b857222ba8,True,,complete,False,6,1,,2,2,0,2,,,,2,0,0,0,0.0005011649336665869,0.8734663310460746,0.8768203977961093,0.005556239979341626
zero_attempt_supplement,qwen38_27b_bf16,lt_influence_construct,A,s-d86d431f5432821b9ea0d2ad60ce6592,s-d86d431f5432821b9ea0d2ad60ce6592,True,,complete,False,9,1,,2,2,0,2,,,,2,0,0,0,0.0010562690440565348,1.4032259308733046,1.4079205240122974,0.00784528092481196
zero_attempt_supplement,qwen38_27b_bf16,lt_influence_construct,A,s-de39fc18cde5e68a2ab647c38349a15c,s-de39fc18cde5e68a2ab647c38349a15c,True,,complete,False,10,0,,2,2,0,2,,,,2,0,0,0,0.0012957779690623283,1.4229979822412133,1.4290190020110458,0.0077625291887670755
zero_attempt_supplement,qwen38_27b_bf16,lt_influence_construct,A,s-dfc32e25dffc44bbdca4e55ebd7837b6,s-dfc32e25dffc44bbdca4e55ebd7837b6,True,,complete,False,9,0,,2,2,0,2,,,,2,0,0,0,0.001361417816951871,1.1190261710435152,1.1249401699751616,0.007736461935564876
zero_attempt_supplement,qwen38_27b_bf16,lt_influence_construct,A,s-e824420817f2e8ef01f0ef0d6da9818c,s-e824420817f2e8ef01f0ef0d6da9818c,True,,complete,False,4,1,,2,2,0,2,,,,2,0,0,0,0.0011998650152236223,1.100599397905171,1.1059413920156658,0.006422714097425342
zero_attempt_supplement,qwen38_27b_bf16,lt_influence_construct,A,s-eb42919b66e71591e4fdf0d0de15da05,s-eb42919b66e71591e4fdf0d0de15da05,True,,complete,False,6,6,,2,2,0,2,,,,2,0,0,0,0.0008859960362315178,1.1766549041494727,1.181162831839174,0.011390407104045153
zero_attempt_supplement,qwen38_27b_bf16,lt_influence_construct,A,s-f598d67d4dcb975f1efc341f558cf30a,s-f598d67d4dcb975f1efc341f558cf30a,True,,complete,False,5,1,,2,2,0,2,,,,2,0,0,0,0.0011302120983600616,0.8652512079570442,0.8706032501067966,0.005712723126634955
zero_attempt_supplement,qwen38_27b_bf16,lt_influence_construct,A,s-fd50b98c0c2395d7c73cd64d17cab327,s-fd50b98c0c2395d7c73cd64d17cab327,True,,complete,False,2,2,,2,2,0,2,,,,2,0,0,0,0.0013657687231898308,1.4630805382039398,1.4692536250222474,0.00787634588778019
zero_attempt_supplement,qwen38_27b_bf16,lt_influence_construct,A,s-fd89e56287fd2341e0bc398cba0a0b47,s-fd89e56287fd2341e0bc398cba0a0b47,True,,complete,False,7,1,,2,2,0,2,,,,2,0,0,0,0.0010586599819362164,1.0005141280125827,1.0058192380238324,0.0062035550363361835
zero_attempt_supplement,qwen38_27b_bf16,lt_influence_construct,B,s-0c19c9896a834361f0ed07f36bb42a79,s-0c19c9896a834361f0ed07f36bb42a79,True,,complete,False,6,0,,0,0,2,0,,,,0,0,0,0,0.0005446251016110182,0.0,0.0017299700994044542,0.0008298640605062246
zero_attempt_supplement,qwen38_27b_bf16,lt_influence_construct,B,s-0d168173692e33ff45deebb1c92340f7,s-0d168173692e33ff45deebb1c92340f7,True,,complete,False,5,0,,1,1,1,1,,,,1,0,0,0,0.0016803881153464317,0.6511118449270725,0.6563801050651819,0.005673880921676755
zero_attempt_supplement,qwen38_27b_bf16,lt_influence_construct,B,s-0d5c95d5e88675188b67df13c7222275,s-0d5c95d5e88675188b67df13c7222275,True,,complete,False,6,0,,1,1,1,1,,,,1,0,0,0,0.0012114341370761395,0.7351215600501746,0.7393026209902018,0.0040796680841594934
zero_attempt_supplement,qwen38_27b_bf16,lt_influence_construct,B,s-0ea7fb01d262f1e8371bd6cbcbd2d025,s-0ea7fb01d262f1e8371bd6cbcbd2d025,True,,complete,False,6,0,,1,1,1,1,,,,1,0,0,0,0.0011768927797675133,0.7286178339272738,0.7328532449901104,0.004090537084266543
zero_attempt_supplement,qwen38_27b_bf16,lt_influence_construct,B,s-2f2e472f16b3987be03c0890d806ca40,s-2f2e472f16b3987be03c0890d806ca40,True,,complete,False,9,0,,0,0,2,0,,,,0,0,0,0,0.0017662812024354935,0.0,0.0040238958317786455,0.0027603590860962868
zero_attempt_supplement,qwen38_27b_bf16,lt_influence_construct,B,s-4bd3e3488d96d1af5c88a6a8f2cef94f,s-4bd3e3488d96d1af5c88a6a8f2cef94f,True,,complete,False,7,2,,2,2,0,2,,,,2,0,0,0,0.0020750700496137142,1.2496173870749772,1.256588407792151,0.007698812056332827
zero_attempt_supplement,qwen38_27b_bf16,lt_influence_construct,B,s-549c1054c9c329302a40dd8780686734,s-549c1054c9c329302a40dd8780686734,True,,complete,False,8,0,,1,1,1,1,,,,1,0,0,0,0.002131761284545064,0.7019782338757068,0.7077900699805468,0.006912189070135355
zero_attempt_supplement,qwen38_27b_bf16,lt_influence_construct,B,s-55d7c34866e4b0aef1248758feffdeb7,s-55d7c34866e4b0aef1248758feffdeb7,True,,complete,False,11,0,,1,1,1,1,,,,1,0,0,0,0.001940135145559907,0.719236769946292,0.7247900599613786,0.006709743058308959
zero_attempt_supplement,qwen38_27b_bf16,lt_influence_construct,B,s-6f4701c7c6d9dc535ef039ceca66d005,s-6f4701c7c6d9dc535ef039ceca66d005,True,,complete,False,7,2,,2,2,0,2,,,,2,0,0,0,0.002265264978632331,1.5484081241302192,1.5559916330967098,0.010332938050851226
zero_attempt_supplement,qwen38_27b_bf16,lt_influence_construct,B,s-6f79f998d5e422ee7ca0545975f6c9bb,s-6f79f998d5e422ee7ca0545975f6c9bb,True,,complete,False,8,0,,2,2,0,2,,,,2,0,0,0,0.0019573259633034468,1.34903775411658,1.3557980270124972,0.008674596901983023
zero_attempt_supplement,qwen38_27b_bf16,lt_influence_construct,B,s-6fca7dd364a46e9d60f169bca70278ac,s-6fca7dd364a46e9d60f169bca70278ac,True,,complete,False,10,0,,1,1,1,1,,,,1,0,0,0,0.0018763428088277578,0.8195278749335557,0.824768875958398,0.006225149147212505
zero_attempt_supplement,qwen38_27b_bf16,lt_influence_construct,B,s-7c25907db44e977cd1725dd27587d14c,s-7c25907db44e977cd1725dd27587d14c,True,,complete,False,11,0,,1,1,1,1,,,,1,0,0,0,0.0023196469992399216,0.9260887710843235,0.9324121719691902,0.0080073201097548
zero_attempt_supplement,qwen38_27b_bf16,lt_influence_construct,B,s-8374c80b70d9deff23730db881d47a34,s-8374c80b70d9deff23730db881d47a34,True,,complete,False,7,1,,2,2,0,2,,,,2,0,0,0,0.0017465099226683378,1.4789419330190867,1.4848477409686893,0.007220336934551597
zero_attempt_supplement,qwen38_27b_bf16,lt_influence_construct,B,s-863fe811a193f3f8f23c4811dd0c96a4,s-863fe811a193f3f8f23c4811dd0c96a4,True,,complete,False,5,2,,2,2,0,2,,,,2,0,0,0,0.0007744829636067152,1.2103074030019343,1.214021229883656,0.007688082056120038
zero_attempt_supplement,qwen38_27b_bf16,lt_influence_construct,B,s-89267de22c9ad4abded5bb78bce70b2a,s-89267de22c9ad4abded5bb78bce70b2a,True,,complete,False,3,0,,1,1,1,1,,,,1,0,0,0,0.0007472110446542501,0.5240515100304037,0.5269864948932081,0.0033671159762889147
zero_attempt_supplement,qwen38_27b_bf16,lt_influence_construct,B,s-8be15b9e8281a7cc1ad9430b7ea66951,s-8be15b9e8281a7cc1ad9430b7ea66951,True,,complete,False,7,0,,1,1,1,1,,,,1,0,0,0,0.0016332159284502268,0.7751941778697073,0.7801326781045645,0.005059333052486181
zero_attempt_supplement,qwen38_27b_bf16,lt_influence_construct,B,s-95c3b9b4137157429b2ff865d081f06c,s-95c3b9b4137157429b2ff865d081f06c,True,,complete,False,5,0,,1,1,1,1,,,,1,0,0,0,0.0005103051662445068,0.6012126528657973,0.6037473760079592,0.0016312068328261375
zero_attempt_supplement,qwen38_27b_bf16,lt_influence_construct,B,s-96099035924f6512e2e23fff89d527a1,s-96099035924f6512e2e23fff89d527a1,True,,complete,False,10,0,,1,1,1,1,,,,1,0,0,0,0.0018080610316246748,0.8662527638953179,0.8717520798090845,0.006498842965811491
zero_attempt_supplement,qwen38_27b_bf16,lt_influence_construct,B,s-b24a9d04fc3cb1ef8f0fb949b5010e07,s-b24a9d04fc3cb1ef8f0fb949b5010e07,True,,complete,False,8,0,,1,1,1,1,,,,1,0,0,0,0.0014014309272170067,0.739535192027688,0.7440059501677752,0.004555451916530728
zero_attempt_supplement,qwen38_27b_bf16,lt_influence_construct,B,s-b7fe53dd1f3bbcbeda0fe0b895ce5fe6,s-b7fe53dd1f3bbcbeda0fe0b895ce5fe6,True,,complete,False,9,0,,1,1,1,1,,,,1,0,0,0,0.0013386879581958055,0.7407678568270057,0.7450830689631402,0.004647891037166119
zero_attempt_supplement,qwen38_27b_bf16,lt_influence_construct,B,s-baeeeeca8e686d61f82984aa5ca479d2,s-baeeeeca8e686d61f82984aa5ca479d2,True,,complete,False,6,2,,2,2,0,2,,,,2,0,0,0,0.0009313549380749464,1.4333474021404982,1.4375545219518244,0.008996143937110901
zero_attempt_supplement,qwen38_27b_bf16,lt_influence_construct,B,s-c144bf379c98c83dc4eb85d0fab49b3c,s-c144bf379c98c83dc4eb85d0fab49b3c,True,,complete,False,7,0,,1,1,1,1,,,,1,0,0,0,0.0009184670634567738,0.7392661201301962,0.7427839420270175,0.0020788388792425394
zero_attempt_supplement,qwen38_27b_bf16,lt_influence_construct,B,s-c8cb057d96aab5ae8af994b857222ba8,s-c8cb057d96aab5ae8af994b857222ba8,True,,complete,False,7,0,,1,1,1,1,,,,1,0,0,0,0.0005893169436603785,0.6101454549934715,0.6127666991669685,0.004540989175438881
zero_attempt_supplement,qwen38_27b_bf16,lt_influence_construct,B,s-e824420817f2e8ef01f0ef0d6da9818c,s-e824420817f2e8ef01f0ef0d6da9818c,True,,complete,False,5,0,,1,1,1,1,,,,1,0,0,0,0.001551664201542735,0.7790530789643526,0.7839317659381777,0.004982189973816276
zero_attempt_supplement,qwen38_27b_bf16,lt_influence_construct,B,s-eb42919b66e71591e4fdf0d0de15da05,s-eb42919b66e71591e4fdf0d0de15da05,True,,complete,False,12,0,,1,1,1,1,,,,1,0,0,0,0.002525832038372755,0.942663093097508,0.9491939798463136,0.008632547920569777
zero_attempt_supplement,qwen38_27b_bf16,lt_influence_construct,B,s-eb5154746c8006a52bb4033c04cdf45c,s-eb5154746c8006a52bb4033c04cdf45c,True,,complete,False,9,0,,2,2,0,2,,,,2,0,0,0,0.0021332211326807737,1.515297828009352,1.5224118980113417,0.00991808995604515
zero_attempt_supplement,qwen38_27b_bf16,lt_influence_construct,B,s-ec266044c2e89a885fefde01936ddeb8,s-ec266044c2e89a885fefde01936ddeb8,True,,complete,False,9,2,,2,2,0,2,,,,2,0,0,0,0.002694459166377783,1.2293532162439078,1.2376478358637542,0.012509230058640242
zero_attempt_supplement,qwen38_27b_bf16,lt_influence_construct,B,s-fd89e56287fd2341e0bc398cba0a0b47,s-fd89e56287fd2341e0bc398cba0a0b47,True,,complete,False,8,0,,1,1,1,1,,,,1,0,0,0,0.0013503492809832096,0.7775214980356395,0.7821911310311407,0.004665643908083439
zero_attempt_supplement,qwen38_27b_bf16,lt_influence_construct,C,s-0c19c9896a834361f0ed07f36bb42a79,s-0c19c9896a834361f0ed07f36bb42a79,True,,complete,False,6,0,,0,0,2,0,,,,0,0,0,0,0.00040452112443745136,0.0,0.001592785120010376,0.0006269779987633228
zero_attempt_supplement,qwen38_27b_bf16,lt_influence_construct,C,s-0d168173692e33ff45deebb1c92340f7,s-0d168173692e33ff45deebb1c92340f7,True,,complete,False,5,0,,1,1,1,1,,,,1,0,0,0,0.0010053988080471754,0.7952710289973766,0.7985201629344374,0.002674737013876438
zero_attempt_supplement,qwen38_27b_bf16,lt_influence_construct,C,s-2d48a15e97dc3416fbb15e7a60145557,s-2d48a15e97dc3416fbb15e7a60145557,True,,complete,False,5,1,,2,2,0,2,,,,2,0,0,0,0.00113187194801867,1.7248897752724588,1.7294734970200807,0.0076602299232035875
zero_attempt_supplement,qwen38_27b_bf16,lt_influence_construct,C,s-2f2e472f16b3987be03c0890d806ca40,s-2f2e472f16b3987be03c0890d806ca40,True,,complete,False,9,0,,0,0,2,0,,,,0,0,0,0,0.000781242037191987,0.0,0.002331595867872238,0.0012249350547790527
zero_attempt_supplement,qwen38_27b_bf16,lt_influence_construct,C,s-420740246b98084467fe13742257dc18,s-420740246b98084467fe13742257dc18,True,,complete,False,9,0,,0,0,2,0,,,,0,0,0,0,0.001251694979146123,0.0,0.0033549941144883633,0.0020514270290732384
zero_attempt_supplement,qwen38_27b_bf16,lt_influence_construct,C,s-4bd3e3488d96d1af5c88a6a8f2cef94f,s-4bd3e3488d96d1af5c88a6a8f2cef94f,True,,complete,False,8,1,,2,2,0,2,,,,2,0,0,0,0.0008742939680814743,1.7826530919410288,1.7871398008428514,0.008925906149670482
zero_attempt_supplement,qwen38_27b_bf16,lt_influence_construct,C,s-549c1054c9c329302a40dd8780686734,s-549c1054c9c329302a40dd8780686734,True,,complete,False,8,0,,1,1,1,1,,,,1,0,0,0,0.002093530958518386,1.004282240057364,1.0104769880417734,0.007175905862823129
zero_attempt_supplement,qwen38_27b_bf16,lt_influence_construct,C,s-55d7c34866e4b0aef1248758feffdeb7,s-55d7c34866e4b0aef1248758feffdeb7,True,,complete,False,11,0,,1,1,1,1,,,,1,0,0,0,0.0020017381757497787,0.8500418409239501,0.8560783849097788,0.007397813023999333
zero_attempt_supplement,qwen38_27b_bf16,lt_influence_construct,C,s-6f4701c7c6d9dc535ef039ceca66d005,s-6f4701c7c6d9dc535ef039ceca66d005,True,,complete,False,7,2,,2,2,0,2,,,,2,0,0,0,0.002337477868422866,1.9352822487708181,1.943170736078173,0.011155182030051947
zero_attempt_supplement,qwen38_27b_bf16,lt_influence_construct,C,s-6f79f998d5e422ee7ca0545975f6c9bb,s-6f79f998d5e422ee7ca0545975f6c9bb,True,,complete,False,8,0,,2,2,0,2,,,,2,0,0,0,0.0021335510537028313,1.512396447127685,1.5195797530468553,0.009690938983112574
zero_attempt_supplement,qwen38_27b_bf16,lt_influence_construct,C,s-6fca7dd364a46e9d60f169bca70278ac,s-6fca7dd364a46e9d60f169bca70278ac,True,,complete,False,10,0,,1,1,1,1,,,,1,0,0,0,0.0019193538464605808,0.7953144749626517,0.8008864629082382,0.006979398895055056
zero_attempt_supplement,qwen38_27b_bf16,lt_influence_construct,C,s-7c25907db44e977cd1725dd27587d14c,s-7c25907db44e977cd1725dd27587d14c,True,,complete,False,11,0,,2,2,0,2,,,,2,0,0,0,0.00266814511269331,2.1118217243347317,2.120697553968057,0.013183981878682971
zero_attempt_supplement,qwen38_27b_bf16,lt_influence_construct,C,s-8374c80b70d9deff23730db881d47a34,s-8374c80b70d9deff23730db881d47a34,True,,complete,False,7,1,,2,2,0,2,,,,2,0,0,0,0.0013582382816821337,1.4361217459663749,1.4414155778940767,0.008267406839877367
zero_attempt_supplement,qwen38_27b_bf16,lt_influence_construct,C,s-89267de22c9ad4abded5bb78bce70b2a,s-89267de22c9ad4abded5bb78bce70b2a,True,,complete,False,3,0,,1,1,1,1,,,,1,0,0,0,0.0010944909881800413,0.6469816740136594,0.6509243370965123,0.0037816581316292286
zero_attempt_supplement,qwen38_27b_bf16,lt_influence_construct,C,s-8be15b9e8281a7cc1ad9430b7ea66951,s-8be15b9e8281a7cc1ad9430b7ea66951,True,,complete,False,7,0,,1,1,1,1,,,,1,0,0,0,0.0016583679243922234,0.8572180371265858,0.8624732389580458,0.005643452983349562
zero_attempt_supplement,qwen38_27b_bf16,lt_influence_construct,C,s-95c3b9b4137157429b2ff865d081f06c,s-95c3b9b4137157429b2ff865d081f06c,True,,complete,False,5,0,,1,1,1,1,,,,1,0,0,0,0.0005289048422127962,0.6949574479367584,0.6977364469785243,0.001864314079284668
zero_attempt_supplement,qwen38_27b_bf16,lt_influence_construct,C,s-99a885cd159a3ad00a186a66ab9d449e,s-99a885cd159a3ad00a186a66ab9d449e,True,,complete,False,5,0,,2,2,0,2,,,,2,0,0,0,0.0023014270700514317,1.69520793389529,1.7026970491278917,0.010891221929341555
zero_attempt_supplement,qwen38_27b_bf16,lt_influence_construct,C,s-b24a9d04fc3cb1ef8f0fb949b5010e07,s-b24a9d04fc3cb1ef8f0fb949b5010e07,True,,complete,False,8,0,,1,1,1,1,,,,1,0,0,0,0.0013799890875816345,0.7201028419658542,0.7247023219242692,0.0051013759803026915
zero_attempt_supplement,qwen38_27b_bf16,lt_influence_construct,C,s-baeeeeca8e686d61f82984aa5ca479d2,s-baeeeeca8e686d61f82984aa5ca479d2,True,,complete,False,6,2,,2,2,0,2,,,,2,0,0,0,0.002051828894764185,1.863994074985385,1.8710494881961495,0.009764742106199265
zero_attempt_supplement,qwen38_27b_bf16,lt_influence_construct,C,s-bc521abbb0721dd677ad6ddf766d7d0a,s-bc521abbb0721dd677ad6ddf766d7d0a,True,,complete,False,8,0,,1,1,1,1,,,,1,0,0,0,0.0013982998207211494,0.918828645022586,0.9234910400118679,0.005289402091875672
zero_attempt_supplement,qwen38_27b_bf16,lt_influence_construct,C,s-bc98ff2d2ee40b5f844bed73126dd199,s-bc98ff2d2ee40b5f844bed73126dd199,True,,complete,False,9,2,,2,2,0,2,,,,2,0,0,0,0.002800439950078726,1.9423153002280742,1.9511540129315108,0.013541375054046512
zero_attempt_supplement,qwen38_27b_bf16,lt_influence_construct,C,s-c144bf379c98c83dc4eb85d0fab49b3c,s-c144bf379c98c83dc4eb85d0fab49b3c,True,,complete,False,7,0,,1,1,1,1,,,,1,0,0,0,0.0014428319409489632,0.720452985027805,0.7251272092107683,0.005001303972676396
zero_attempt_supplement,qwen38_27b_bf16,lt_influence_construct,C,s-c51363b1903c0998284acea41dcd6c3d,s-c51363b1903c0998284acea41dcd6c3d,True,,complete,False,11,0,,1,1,1,1,,,,1,0,0,0,0.0010559309739619493,1.0995934270322323,1.103367414092645,0.0038152579218149185
zero_attempt_supplement,qwen38_27b_bf16,lt_influence_construct,C,s-c52b6f472cd8068af02d728d86371a3d,s-c52b6f472cd8068af02d728d86371a3d,True,,complete,False,9,2,,2,2,0,2,,,,2,0,0,0,0.0028339808341115713,1.8964105921331793,1.9051562680397183,0.007649206090718508
zero_attempt_supplement,qwen38_27b_bf16,lt_influence_construct,C,s-c8cb057d96aab5ae8af994b857222ba8,s-c8cb057d96aab5ae8af994b857222ba8,True,,complete,False,7,0,,1,1,1,1,,,,1,0,0,0,0.0013070181012153625,0.7305397791787982,0.7351796831935644,0.005145906936377287
zero_attempt_supplement,qwen38_27b_bf16,lt_influence_construct,C,s-d86d431f5432821b9ea0d2ad60ce6592,s-d86d431f5432821b9ea0d2ad60ce6592,True,,complete,False,10,0,,2,2,0,2,,,,2,0,0,0,0.0010541710071265697,1.5387743019964546,1.543065033853054,0.010400428203865886
zero_attempt_supplement,qwen38_27b_bf16,lt_influence_construct,C,s-de39fc18cde5e68a2ab647c38349a15c,s-de39fc18cde5e68a2ab647c38349a15c,True,,complete,False,10,0,,1,1,1,1,,,,1,0,0,0,0.001721350010484457,0.8000171249732375,0.8056409659329802,0.006354152923449874
zero_attempt_supplement,qwen38_27b_bf16,lt_influence_construct,C,s-dfc32e25dffc44bbdca4e55ebd7837b6,s-dfc32e25dffc44bbdca4e55ebd7837b6,True,,complete,False,8,1,,1,1,1,1,,,,1,0,0,0,0.0017354891169816256,0.7818160799797624,0.7872357349842787,0.006299099186435342
zero_attempt_supplement,qwen38_27b_bf16,lt_influence_construct,C,s-e824420817f2e8ef01f0ef0d6da9818c,s-e824420817f2e8ef01f0ef0d6da9818c,True,,complete,False,5,0,,1,1,1,1,,,,1,0,0,0,0.001592185813933611,0.9263074339833111,0.9312781570479274,0.005375184118747711
zero_attempt_supplement,qwen38_27b_bf16,lt_influence_construct,C,s-eb5154746c8006a52bb4033c04cdf45c,s-eb5154746c8006a52bb4033c04cdf45c,True,,complete,False,9,0,,2,2,0,2,,,,2,0,0,0,0.001013600267469883,1.592562624020502,1.5971359759569168,0.010856443084776402
zero_attempt_supplement,qwen38_27b_bf16,lt_influence_construct,C,s-ec266044c2e89a885fefde01936ddeb8,s-ec266044c2e89a885fefde01936ddeb8,True,,complete,False,11,0,,2,2,0,2,,,,2,0,0,0,0.0027384390123188496,1.9787239169236273,1.986952506005764,0.005940500879660249
zero_attempt_supplement,qwen38_27b_bf16,lt_influence_construct,C,s-f598d67d4dcb975f1efc341f558cf30a,s-f598d67d4dcb975f1efc341f558cf30a,True,,complete,False,6,0,,1,1,1,1,,,,1,0,0,0,0.0013468270190060139,0.8906251869630069,0.8953119590878487,0.004921419080346823
zero_attempt_supplement,qwen38_27b_bf16,lt_influence_construct,C,s-fd50b98c0c2395d7c73cd64d17cab327,s-fd50b98c0c2395d7c73cd64d17cab327,True,,complete,False,4,0,,0,0,2,0,,,,0,0,0,0,0.0014249810483306646,0.0,0.003616012865677476,0.002135021146386862
zero_attempt_supplement,qwen38_27b_bf16,lt_influence_construct,C,s-fd89e56287fd2341e0bc398cba0a0b47,s-fd89e56287fd2341e0bc398cba0a0b47,True,,complete,False,8,0,,1,1,1,1,,,,1,0,0,0,0.00140630011446774,0.8978053671307862,0.9029157918412238,0.00505800498649478
zero_attempt_supplement,qwen38_27b_bf16,maxcut_construct,A,s-13ebd52c4888692f60b54d08e184aeb4,s-13ebd52c4888692f60b54d08e184aeb4,True,,complete,False,2,13,,9,9,0,9,,,,9,0,0,0,0.002460567047819495,4.3393830033019185,4.352499104104936,0.012534914072602987
zero_attempt_supplement,qwen38_27b_bf16,maxcut_construct,A,s-1408402da6aebaa1bf8148fe8c8199a2,s-1408402da6aebaa1bf8148fe8c8199a2,True,,complete,False,5,6,,7,7,0,7,,,,7,0,0,0,0.0015569839160889387,2.3964542890898883,2.4054230749607086,0.004260902060195804
zero_attempt_supplement,qwen38_27b_bf16,maxcut_construct,A,s-18064431636482488408d016d0a6bbfa,s-18064431636482488408d016d0a6bbfa,True,,complete,False,3,7,,7,7,0,7,,,,7,0,0,0,0.0015520250890403986,2.4903313156683,2.499712727032602,0.008002341026440263
zero_attempt_supplement,qwen38_27b_bf16,maxcut_construct,A,s-18542508a89b1c5d906147da9b6e9781,s-18542508a89b1c5d906147da9b6e9781,True,,complete,False,4,11,,9,9,0,9,,,,9,0,0,0,0.002155482303351164,3.0138828572817147,3.025892904959619,0.012350534088909626
zero_attempt_supplement,qwen38_27b_bf16,maxcut_construct,A,s-22f2bf15c8091fcc8b75cb2e7ff5debd,s-22f2bf15c8091fcc8b75cb2e7ff5debd,True,,complete,False,2,10,,11,11,0,11,,,,11,0,0,0,0.0026080843526870012,5.082478920230642,5.096916774986312,0.006083795102313161
zero_attempt_supplement,qwen38_27b_bf16,maxcut_construct,A,s-2d4df27e3520e482ba87d60eacf7855f,s-2d4df27e3520e482ba87d60eacf7855f,True,,complete,False,4,13,,10,10,0,10,,,,10,0,0,0,0.0026744049973785877,4.401855345116928,4.415377635043114,0.01492457208223641
zero_attempt_supplement,qwen38_27b_bf16,maxcut_construct,A,s-2fa8cfe1e5500dbd4580a233a5fa7f9e,s-2fa8cfe1e5500dbd4580a233a5fa7f9e,True,,complete,False,4,9,,8,8,0,8,,,,8,0,0,0,0.002003585919737816,3.8570748909842223,3.8683032891713083,0.010355262085795403
zero_attempt_supplement,qwen38_27b_bf16,maxcut_construct,A,s-37ae8ceb3d0687534c59fe0e08cfd47f,s-37ae8ceb3d0687534c59fe0e08cfd47f,True,,complete,False,8,11,,11,11,0,11,,,,11,0,0,0,0.003271374385803938,5.56633823690936,5.582868264056742,0.016426322981715202
zero_attempt_supplement,qwen38_27b_bf16,maxcut_construct,A,s-3d9902bc89e2950ef4948da3c479fce6,s-3d9902bc89e2950ef4948da3c479fce6,True,,complete,False,5,9,,8,8,0,8,,,,8,0,0,0,0.001738507067784667,2.6545391741674393,2.6637997201178223,0.010364317102357745
zero_attempt_supplement,qwen38_27b_bf16,maxcut_construct,A,s-4219a8a4f3c9f90326b34c675cec992b,s-4219a8a4f3c9f90326b34c675cec992b,True,,complete,False,4,6,,10,10,0,10,,,,10,0,0,0,0.0022268518805503845,4.453731542220339,4.466547918040305,0.01145204808562994
zero_attempt_supplement,qwen38_27b_bf16,maxcut_construct,A,s-5cce2170a759f90c15fed18f3a2a3583,s-5cce2170a759f90c15fed18f3a2a3583,True,,complete,False,6,9,,7,7,0,7,,,,7,0,0,0,0.0016039656475186348,2.716871030861512,2.726253154920414,0.010411444120109081
zero_attempt_supplement,qwen38_27b_bf16,maxcut_construct,A,s-61d62d4e54f3c8638d930d695ff5e9e2,s-61d62d4e54f3c8638d930d695ff5e9e2,True,,complete,False,2,9,,10,10,0,10,,,,10,0,0,0,0.0023399987258017063,3.2953990444075316,3.308024325175211,0.011489119147881866
zero_attempt_supplement,qwen38_27b_bf16,maxcut_construct,A,s-6e2b90aea9a031240882fe8f0379b014,s-6e2b90aea9a031240882fe8f0379b014,True,,complete,False,6,11,,10,10,0,10,,,,10,0,0,0,0.00264678499661386,4.02950112009421,4.042471325956285,0.007043288787826896
zero_attempt_supplement,qwen38_27b_bf16,maxcut_construct,A,s-804e4a0685a61a1057e61f867ccc5433,s-804e4a0685a61a1057e61f867ccc5433,True,,complete,False,1,6,,7,7,0,7,,,,7,0,0,0,0.0014720149338245392,2.2836569726932794,2.2932189679704607,0.007363023003563285
zero_attempt_supplement,qwen38_27b_bf16,maxcut_construct,A,s-8fd6b87f1c398f9485cd76ed6e800395,s-8fd6b87f1c398f9485cd76ed6e800395,True,,complete,False,1,6,,7,7,0,7,,,,7,0,0,0,0.001207413850352168,2.2614968167617917,2.2693628610577434,0.0073556602001190186
zero_attempt_supplement,qwen38_27b_bf16,maxcut_construct,A,s-9401afe3b095d167d1b7f8b57f855342,s-9401afe3b095d167d1b7f8b57f855342,True,,complete,False,5,18,,11,11,0,11,,,,11,0,0,0,0.003155958605930209,5.497252108762041,5.513373249908909,0.01845634914934635
zero_attempt_supplement,qwen38_27b_bf16,maxcut_construct,A,s-95e582a4aaa07a19a194e14e15a689a8,s-95e582a4aaa07a19a194e14e15a689a8,True,,complete,False,6,16,,10,10,0,10,,,,10,0,0,0,0.0029799146577715874,3.8850014829076827,3.900080502964556,0.01755109103396535
zero_attempt_supplement,qwen38_27b_bf16,maxcut_construct,A,s-9a15f260093a5d859ca8af7592936d4f,s-9a15f260093a5d859ca8af7592936d4f,True,,complete,False,2,6,,8,8,0,8,,,,8,0,0,0,0.0017712602857500315,3.774814499076456,3.7854947249870747,0.008574737003073096
zero_attempt_supplement,qwen38_27b_bf16,maxcut_construct,A,s-9e8ecf3b10d684c50729424e55d9b6b9,s-9e8ecf3b10d684c50729424e55d9b6b9,True,,complete,False,4,12,,9,9,0,9,,,,9,0,0,0,0.0024502992164343596,4.366820507217199,4.379632991971448,0.012175160925835371
zero_attempt_supplement,qwen38_27b_bf16,maxcut_construct,A,s-a0e4a0c763fc347ac6b2242cd4cf87bc,s-a0e4a0c763fc347ac6b2242cd4cf87bc,True,,complete,False,4,12,,9,9,0,9,,,,9,0,0,0,0.002468806691467762,3.3224746373016387,3.335743780946359,0.012525944039225578
zero_attempt_supplement,qwen38_27b_bf16,maxcut_construct,A,s-a396493a9f16e87c3bb2e880a8df9579,s-a396493a9f16e87c3bb2e880a8df9579,True,,complete,False,4,10,,8,8,0,8,,,,8,0,0,0,0.002017608843743801,2.6753944715019315,2.6867161570116878,0.010616454062983394
zero_attempt_supplement,qwen38_27b_bf16,maxcut_construct,A,s-ab646b844818c5d4b5a7e7e18ab42d1f,s-ab646b844818c5d4b5a7e7e18ab42d1f,True,,complete,False,4,8,,7,7,0,7,,,,7,0,0,0,0.001693379133939743,3.216722972691059,3.2262506280094385,0.00868388987146318
zero_attempt_supplement,qwen38_27b_bf16,maxcut_construct,A,s-ad2c2bc71df60737310c4aea54de1500,s-ad2c2bc71df60737310c4aea54de1500,True,,complete,False,3,7,,10,10,0,10,,,,10,0,0,0,0.0020130479242652655,4.6604446799028665,4.672761566005647,0.01126486505381763
zero_attempt_supplement,qwen38_27b_bf16,maxcut_construct,A,s-b3639dae4e112a6175c8c702dda3e17c,s-b3639dae4e112a6175c8c702dda3e17c,True,,complete,False,3,13,,11,11,0,11,,,,11,0,0,0,0.003106428310275078,5.2570839445106685,5.273508816957474,0.015012673800811172
zero_attempt_supplement,qwen38_27b_bf16,maxcut_construct,A,s-b4f50e81578b6f076e0e4c715e1c761a,s-b4f50e81578b6f076e0e4c715e1c761a,True,,complete,False,8,12,,9,9,0,9,,,,9,0,0,0,0.0028286008164286613,4.473530590767041,4.487389820860699,0.01466617383994162
zero_attempt_supplement,qwen38_27b_bf16,maxcut_construct,A,s-b757a84ae349f495b3a159efe21a5e26,s-b757a84ae349f495b3a159efe21a5e26,True,,complete,False,4,12,,10,10,0,10,,,,10,0,0,0,0.0025011920370161533,4.25428557721898,4.267944217892364,0.014379692962393165
zero_attempt_supplement,qwen38_27b_bf16,maxcut_construct,A,s-d1af9e3eb5e86877737c1f6ef5627587,s-d1af9e3eb5e86877737c1f6ef5627587,True,,complete,False,4,10,,8,8,0,8,,,,8,0,0,0,0.00202933675609529,2.6861298212315887,2.697659720899537,0.010585322976112366
zero_attempt_supplement,qwen38_27b_bf16,maxcut_construct,A,s-da0cab6f61834dcf522e8c2fc8f260d4,s-da0cab6f61834dcf522e8c2fc8f260d4,True,,complete,False,3,14,,10,10,0,10,,,,10,0,0,0,0.0025417529977858067,4.013610723428428,4.026943627977744,0.014534450834617019
zero_attempt_supplement,qwen38_27b_bf16,maxcut_construct,A,s-e199ea94ccc01410f5bee3163c52153e,s-e199ea94ccc01410f5bee3163c52153e,True,,complete,False,6,20,,11,11,0,11,,,,11,0,0,0,0.003749464638531208,5.612806006800383,5.630899045150727,0.02079727710224688
zero_attempt_supplement,qwen38_27b_bf16,maxcut_construct,A,s-e4683e3752c3375632562e01d3ba0118,s-e4683e3752c3375632562e01d3ba0118,True,,complete,False,4,15,,11,11,0,11,,,,11,0,0,0,0.003044665791094303,4.661729912040755,4.677336433902383,0.01667038002051413
zero_attempt_supplement,qwen38_27b_bf16,maxcut_construct,A,s-ed5bb85c7ab1e47caf26723462048ae5,s-ed5bb85c7ab1e47caf26723462048ae5,True,,complete,False,5,18,,9,9,0,9,,,,9,0,0,0,0.0027697791811078787,4.404632113641128,4.418456349987537,0.01477594394236803
zero_attempt_supplement,qwen38_27b_bf16,maxcut_construct,A,s-f79a3e1689ec3840e061f9dd7d5fad88,s-f79a3e1689ec3840e061f9dd7d5fad88,True,,complete,False,3,12,,9,9,0,9,,,,9,0,0,0,0.002440821845084429,3.2098840719554573,3.223205774789676,0.012467159889638424
zero_attempt_supplement,qwen38_27b_bf16,maxcut_construct,B,s-13ebd52c4888692f60b54d08e184aeb4,s-13ebd52c4888692f60b54d08e184aeb4,True,,complete,False,9,6,,8,8,1,8,,,,8,0,0,0,0.004320633132010698,3.82549189706333,3.841473266016692,0.017399922013282776
zero_attempt_supplement,qwen38_27b_bf16,maxcut_construct,B,s-1408402da6aebaa1bf8148fe8c8199a2,s-1408402da6aebaa1bf8148fe8c8199a2,True,,complete,False,9,2,,4,4,3,4,,,,4,0,0,0,0.0027414080686867237,1.7445607860572636,1.754834058927372,0.009128409903496504
zero_attempt_supplement,qwen38_27b_bf16,maxcut_construct,B,s-18064431636482488408d016d0a6bbfa,s-18064431636482488408d016d0a6bbfa,True,,complete,False,6,4,,6,6,1,6,,,,6,0,0,0,0.002835250459611416,2.6911734596360475,2.702826004009694,0.011270080925896764
zero_attempt_supplement,qwen38_27b_bf16,maxcut_construct,B,s-1e535cc33b182b6ba53be1694b51fabf,s-1e535cc33b182b6ba53be1694b51fabf,True,,complete,False,14,2,,4,4,3,4,,,,4,0,0,0,0.0024247204419225454,2.458710381994024,2.4674821170046926,0.010183873819187284
zero_attempt_supplement,qwen38_27b_bf16,maxcut_construct,B,s-22f2bf15c8091fcc8b75cb2e7ff5debd,s-22f2bf15c8091fcc8b75cb2e7ff5debd,True,,complete,False,6,6,,9,9,2,9,,,,9,0,0,0,0.004408728796988726,4.126647921046242,4.143360631074756,0.021270501194521785
zero_attempt_supplement,qwen38_27b_bf16,maxcut_construct,B,s-2d4df27e3520e482ba87d60eacf7855f,s-2d4df27e3520e482ba87d60eacf7855f,True,,complete,False,12,5,,8,8,2,8,,,,8,0,0,0,0.004361605271697044,4.836389790754765,4.85174428508617,0.018532271962612867
zero_attempt_supplement,qwen38_27b_bf16,maxcut_construct,B,s-2fa8cfe1e5500dbd4580a233a5fa7f9e,s-2fa8cfe1e5500dbd4580a233a5fa7f9e,True,,complete,False,12,1,,5,5,3,5,,,,5,0,0,0,0.0029484517872333527,2.303977699019015,2.3142246790230274,0.011550086084753275
zero_attempt_supplement,qwen38_27b_bf16,maxcut_construct,B,s-37ae8ceb3d0687534c59fe0e08cfd47f,s-37ae8ceb3d0687534c59fe0e08cfd47f,True,,complete,False,15,4,,6,6,5,6,,,,6,0,0,0,0.004451236920431256,3.61598251783289,3.6302393679507077,0.015709863044321537
zero_attempt_supplement,qwen38_27b_bf16,maxcut_construct,B,s-446411d282636bcf9249dfaa37ef5dc9,s-446411d282636bcf9249dfaa37ef5dc9,True,,complete,False,23,2,,8,8,3,8,,,,8,0,0,0,0.005460886051878333,5.20229425909929,5.220508761005476,0.023066462017595768
zero_attempt_supplement,qwen38_27b_bf16,maxcut_construct,B,s-5cce2170a759f90c15fed18f3a2a3583,s-5cce2170a759f90c15fed18f3a2a3583,True,,complete,False,15,0,,3,3,4,3,,,,3,0,0,0,0.0015137351583689451,1.320342623628676,1.3261543810367584,0.003743027104064822
zero_attempt_supplement,qwen38_27b_bf16,maxcut_construct,B,s-61d62d4e54f3c8638d930d695ff5e9e2,s-61d62d4e54f3c8638d930d695ff5e9e2,True,,complete,False,7,4,,5,5,5,5,,,,5,0,0,0,0.0034182281233370304,2.2821760040242225,2.29405184998177,0.010849435813724995
zero_attempt_supplement,qwen38_27b_bf16,maxcut_construct,B,s-749cc60dd0735d233b30e02e27ee4c87,s-749cc60dd0735d233b30e02e27ee4c87,True,,complete,False,6,6,,6,6,1,6,,,,6,0,0,0,0.0028041014447808266,2.716653915354982,2.7286004181951284,0.011458548018708825
zero_attempt_supplement,qwen38_27b_bf16,maxcut_construct,B,s-804e4a0685a61a1057e61f867ccc5433,s-804e4a0685a61a1057e61f867ccc5433,True,,complete,False,7,0,,3,3,4,3,,,,3,0,0,0,0.0014621112495660782,1.7866890178993344,1.7923866910859942,0.002770218998193741
zero_attempt_supplement,qwen38_27b_bf16,maxcut_construct,B,s-876358c5aa1f4d641acf67f3949d7c24,s-876358c5aa1f4d641acf67f3949d7c24,True,,complete,False,12,8,,8,8,3,8,,,,8,0,0,0,0.0054249572567641735,4.18668359098956,4.205398550955579,0.01962134405039251
zero_attempt_supplement,qwen38_27b_bf16,maxcut_construct,B,s-8fd6b87f1c398f9485cd76ed6e800395,s-8fd6b87f1c398f9485cd76ed6e800395,True,,complete,False,5,2,,6,6,1,6,,,,6,0,0,0,0.002240644069388509,3.2497369337361306,3.259748301934451,0.010533034102991223
zero_attempt_supplement,qwen38_27b_bf16,maxcut_construct,B,s-9343efd73a3f2b3f42b9ea84b0797389,s-9343efd73a3f2b3f42b9ea84b0797389,True,,complete,False,5,4,,4,4,4,4,,,,4,0,0,0,0.0025017119478434324,1.8479615142568946,1.8570807159412652,0.007995009189471602
zero_attempt_supplement,qwen38_27b_bf16,maxcut_construct,B,s-9401afe3b095d167d1b7f8b57f855342,s-9401afe3b095d167d1b7f8b57f855342,True,,complete,False,17,6,,10,10,1,10,,,,10,0,0,0,0.00625916407443583,5.301641549216583,5.323890030151233,0.025219366885721684
zero_attempt_supplement,qwen38_27b_bf16,maxcut_construct,B,s-95e582a4aaa07a19a194e14e15a689a8,s-95e582a4aaa07a19a194e14e15a689a8,True,,complete,False,22,0,,8,8,2,8,,,,8,0,0,0,0.005654485197737813,5.2705342262052,5.289682595059276,0.021347662201151252
zero_attempt_supplement,qwen38_27b_bf16,maxcut_construct,B,s-9a15f260093a5d859ca8af7592936d4f,s-9a15f260093a5d859ca8af7592936d4f,True,,complete,False,6,2,,4,4,4,4,,,,4,0,0,0,0.0021185220684856176,1.719786839094013,1.7282338908407837,0.008606296963989735
zero_attempt_supplement,qwen38_27b_bf16,maxcut_construct,B,s-9e8ecf3b10d684c50729424e55d9b6b9,s-9e8ecf3b10d684c50729424e55d9b6b9,True,,complete,False,12,4,,5,5,4,5,,,,5,0,0,0,0.0036888252943754196,2.2055290120188147,2.218456711154431,0.01219118689186871
zero_attempt_supplement,qwen38_27b_bf16,maxcut_construct,B,s-a396493a9f16e87c3bb2e880a8df9579,s-a396493a9f16e87c3bb2e880a8df9579,True,,complete,False,6,8,,7,7,1,7,,,,7,0,0,0,0.00364119466394186,3.1756912069395185,3.1897601110395044,0.014221165096387267
zero_attempt_supplement,qwen38_27b_bf16,maxcut_construct,B,s-ab646b844818c5d4b5a7e7e18ab42d1f,s-ab646b844818c5d4b5a7e7e18ab42d1f,True,,complete,False,10,2,,3,3,4,3,,,,3,0,0,0,0.002032006625086069,1.8067086259834468,1.8143592551350594,0.00826275791041553
zero_attempt_supplement,qwen38_27b_bf16,maxcut_construct,B,s-ad2c2bc71df60737310c4aea54de1500,s-ad2c2bc71df60737310c4aea54de1500,True,,complete,False,5,5,,8,8,2,8,,,,8,0,0,0,0.003884261939674616,3.570067052729428,3.5854805461131036,0.01514019607566297
zero_attempt_supplement,qwen38_27b_bf16,maxcut_construct,B,s-b3639dae4e112a6175c8c702dda3e17c,s-b3639dae4e112a6175c8c702dda3e17c,True,,complete,False,10,6,,8,8,3,8,,,,8,0,0,0,0.0049544526264071465,3.645310345804319,3.6633245539851487,0.018109950004145503
zero_attempt_supplement,qwen38_27b_bf16,maxcut_construct,B,s-b4f50e81578b6f076e0e4c715e1c761a,s-b4f50e81578b6f076e0e4c715e1c761a,True,,complete,False,16,4,,7,7,2,7,,,,7,0,0,0,0.004724682774394751,4.521810973761603,4.538639237172902,0.018107331125065684
zero_attempt_supplement,qwen38_27b_bf16,maxcut_construct,B,s-c9f22afe08ba912ed79364d88040e71e,s-c9f22afe08ba912ed79364d88040e71e,True,,complete,False,4,4,,7,7,1,7,,,,7,0,0,0,0.003109120996668935,3.9077676660381258,3.9201808210927993,0.012582943076267838
zero_attempt_supplement,qwen38_27b_bf16,maxcut_construct,B,s-d1af9e3eb5e86877737c1f6ef5627587,s-d1af9e3eb5e86877737c1f6ef5627587,True,,complete,False,13,1,,6,6,2,6,,,,6,0,0,0,0.003481921972706914,2.789918406167999,2.803047623950988,0.013119925977662206
zero_attempt_supplement,qwen38_27b_bf16,maxcut_construct,B,s-da0cab6f61834dcf522e8c2fc8f260d4,s-da0cab6f61834dcf522e8c2fc8f260d4,True,,complete,False,13,4,,8,8,2,8,,,,8,0,0,0,0.005172507604584098,3.90185995423235,3.9201510639395565,0.01859123003669083
zero_attempt_supplement,qwen38_27b_bf16,maxcut_construct,B,s-e199ea94ccc01410f5bee3163c52153e,s-e199ea94ccc01410f5bee3163c52153e,True,,complete,False,18,8,,8,8,3,8,,,,8,0,0,0,0.004938421305269003,4.337007480673492,4.3536663190461695,0.02285474701784551
zero_attempt_supplement,qwen38_27b_bf16,maxcut_construct,B,s-e4683e3752c3375632562e01d3ba0118,s-e4683e3752c3375632562e01d3ba0118,True,,complete,False,16,3,,6,6,5,6,,,,6,0,0,0,0.004888079594820738,3.869283559033647,3.884994390187785,0.01565900002606213
zero_attempt_supplement,qwen38_27b_bf16,maxcut_construct,B,s-f060066f585d171ba3d7bbca0d1deecc,s-f060066f585d171ba3d7bbca0d1deecc,True,,complete,False,15,4,,8,8,0,8,,,,8,0,0,0,0.004401906160637736,4.988052172353491,5.004461814882234,0.019075697055086493
zero_attempt_supplement,qwen38_27b_bf16,maxcut_construct,B,s-f79a3e1689ec3840e061f9dd7d5fad88,s-f79a3e1689ec3840e061f9dd7d5fad88,True,,complete,False,9,6,,8,8,1,8,,,,8,0,0,0,0.004275120096281171,3.641814832109958,3.6581695289351046,0.017655784031376243
zero_attempt_supplement,qwen38_27b_bf16,maxcut_construct,C,s-13ebd52c4888692f60b54d08e184aeb4,s-13ebd52c4888692f60b54d08e184aeb4,True,,complete,False,15,0,,7,7,2,7,,,,7,0,0,0,0.004362843697890639,4.578791073290631,4.595629213843495,0.018599999835714698
zero_attempt_supplement,qwen38_27b_bf16,maxcut_construct,C,s-1408402da6aebaa1bf8148fe8c8199a2,s-1408402da6aebaa1bf8148fe8c8199a2,True,,complete,False,11,0,,3,3,4,3,,,,3,0,0,0,0.0018496226985007524,1.8154649771749973,1.8227093529421836,0.008672256954014301
zero_attempt_supplement,qwen38_27b_bf16,maxcut_construct,C,s-18542508a89b1c5d906147da9b6e9781,s-18542508a89b1c5d906147da9b6e9781,True,,complete,False,11,4,,7,7,2,7,,,,7,0,0,0,0.003849901258945465,4.3636929974891245,4.378352720057592,0.018852703040465713
zero_attempt_supplement,qwen38_27b_bf16,maxcut_construct,C,s-22f2bf15c8091fcc8b75cb2e7ff5debd,s-22f2bf15c8091fcc8b75cb2e7ff5debd,True,,complete,False,9,3,,7,7,4,7,,,,7,0,0,0,0.003271582769230008,4.403843479463831,4.41781248501502,0.01730420906096697
zero_attempt_supplement,qwen38_27b_bf16,maxcut_construct,C,s-2fa8cfe1e5500dbd4580a233a5fa7f9e,s-2fa8cfe1e5500dbd4580a233a5fa7f9e,True,,complete,False,12,1,,5,5,3,5,,,,5,0,0,0,0.0029321128968149424,3.2103277551941574,3.222260738024488,0.013720182934775949
zero_attempt_supplement,qwen38_27b_bf16,maxcut_construct,C,s-37ae8ceb3d0687534c59fe0e08cfd47f,s-37ae8ceb3d0687534c59fe0e08cfd47f,True,,complete,False,18,1,,11,11,0,11,,,,11,0,0,0,0.004501476651057601,7.079527418594807,7.09819575608708,0.021384523017331958
zero_attempt_supplement,qwen38_27b_bf16,maxcut_construct,C,s-4219a8a4f3c9f90326b34c675cec992b,s-4219a8a4f3c9f90326b34c675cec992b,True,,complete,False,9,1,,9,9,1,9,,,,9,0,0,0,0.0046249195002019405,6.687210268108174,6.706082131015137,0.0204180171713233
zero_attempt_supplement,qwen38_27b_bf16,maxcut_construct,C,s-446411d282636bcf9249dfaa37ef5dc9,s-446411d282636bcf9249dfaa37ef5dc9,True,,complete,False,25,0,,7,7,4,7,,,,7,0,0,0,0.005422993330284953,5.694864890305325,5.713735233061016,0.023364830063655972
zero_attempt_supplement,qwen38_27b_bf16,maxcut_construct,C,s-5cce2170a759f90c15fed18f3a2a3583,s-5cce2170a759f90c15fed18f3a2a3583,True,,complete,False,15,0,,3,3,4,3,,,,3,0,0,0,0.0028276199009269476,1.9562655612826347,1.9656183279585093,0.00964839686639607
zero_attempt_supplement,qwen38_27b_bf16,maxcut_construct,C,s-61d62d4e54f3c8638d930d695ff5e9e2,s-61d62d4e54f3c8638d930d695ff5e9e2,True,,complete,False,11,0,,5,5,5,5,,,,5,0,0,0,0.002816529246047139,3.124438930535689,3.1353762338403612,0.006770683918148279
zero_attempt_supplement,qwen38_27b_bf16,maxcut_construct,C,s-876358c5aa1f4d641acf67f3949d7c24,s-876358c5aa1f4d641acf67f3949d7c24,True,,complete,False,12,8,,9,9,2,9,,,,9,0,0,0,0.005249310052022338,5.855825507780537,5.875944085884839,0.02515941089950502
zero_attempt_supplement,qwen38_27b_bf16,maxcut_construct,C,s-8fd6b87f1c398f9485cd76ed6e800395,s-8fd6b87f1c398f9485cd76ed6e800395,True,,complete,False,5,2,,6,6,1,6,,,,6,0,0,0,0.002789570251479745,3.585689039900899,3.5988311271648854,0.01342930388636887
zero_attempt_supplement,qwen38_27b_bf16,maxcut_construct,C,s-9401afe3b095d167d1b7f8b57f855342,s-9401afe3b095d167d1b7f8b57f855342,True,,complete,False,19,4,,9,9,2,9,,,,9,0,0,0,0.006464166101068258,7.227329519577324,7.25062688998878,0.027418446028605103
zero_attempt_supplement,qwen38_27b_bf16,maxcut_construct,C,s-95e582a4aaa07a19a194e14e15a689a8,s-95e582a4aaa07a19a194e14e15a689a8,True,,complete,False,22,0,,8,8,2,8,,,,8,0,0,0,0.00585537776350975,6.411935230251402,6.43183724116534,0.011880590813234448
zero_attempt_supplement,qwen38_27b_bf16,maxcut_construct,C,s-9a15f260093a5d859ca8af7592936d4f,s-9a15f260093a5d859ca8af7592936d4f,True,,complete,False,6,2,,7,7,1,7,,,,7,0,0,0,0.0028980718925595284,5.305900120642036,5.319296529982239,0.015534667996689677
zero_attempt_supplement,qwen38_27b_bf16,maxcut_construct,C,s-9dc5d8790e84bdeb1259a11f9bfe928b,s-9dc5d8790e84bdeb1259a11f9bfe928b,True,,complete,False,18,3,,7,7,2,7,,,,7,0,0,0,0.003232621820643544,5.103487067157403,5.11619782820344,0.01350886607542634
zero_attempt_supplement,qwen38_27b_bf16,maxcut_construct,C,s-9e8ecf3b10d684c50729424e55d9b6b9,s-9e8ecf3b10d684c50729424e55d9b6b9,True,,complete,False,12,4,,8,8,1,8,,,,8,0,0,0,0.004673095885664225,6.182310651987791,6.2012348170392215,0.02120546088553965
zero_attempt_supplement,qwen38_27b_bf16,maxcut_construct,C,s-a0e4a0c763fc347ac6b2242cd4cf87bc,s-a0e4a0c763fc347ac6b2242cd4cf87bc,True,,complete,False,16,0,,3,3,6,3,,,,3,0,0,0,0.003368145087733865,1.8353159211110324,1.8461596528068185,0.01003707805648446
zero_attempt_supplement,qwen38_27b_bf16,maxcut_construct,C,s-a396493a9f16e87c3bb2e880a8df9579,s-a396493a9f16e87c3bb2e880a8df9579,True,,complete,False,10,4,,7,7,1,7,,,,7,0,0,0,0.003943743417039514,4.612873593810946,4.629066858906299,0.017994537018239498
zero_attempt_supplement,qwen38_27b_bf16,maxcut_construct,C,s-ab646b844818c5d4b5a7e7e18ab42d1f,s-ab646b844818c5d4b5a7e7e18ab42d1f,True,,complete,False,10,2,,5,5,2,5,,,,5,0,0,0,0.003020696109160781,3.342934060841799,3.3555631348863244,0.013038457138463855
zero_attempt_supplement,qwen38_27b_bf16,maxcut_construct,C,s-ad2c2bc71df60737310c4aea54de1500,s-ad2c2bc71df60737310c4aea54de1500,True,,complete,False,9,1,,8,8,2,8,,,,8,0,0,0,0.003775388700887561,5.905060375807807,5.920937004033476,0.009244675980880857
zero_attempt_supplement,qwen38_27b_bf16,maxcut_construct,C,s-b3639dae4e112a6175c8c702dda3e17c,s-b3639dae4e112a6175c8c702dda3e17c,True,,complete,False,14,2,,8,8,3,8,,,,8,0,0,0,0.005350114777684212,6.1237431284971535,6.143866449128836,0.021481459960341454
zero_attempt_supplement,qwen38_27b_bf16,maxcut_construct,C,s-b4f50e81578b6f076e0e4c715e1c761a,s-b4f50e81578b6f076e0e4c715e1c761a,True,,complete,False,13,7,,8,8,1,8,,,,8,0,0,0,0.00524347135797143,6.1532714497298,6.173493453999981,0.028226013062521815
zero_attempt_supplement,qwen38_27b_bf16,maxcut_construct,C,s-b757a84ae349f495b3a159efe21a5e26,s-b757a84ae349f495b3a159efe21a5e26,True,,complete,False,12,4,,9,9,1,9,,,,9,0,0,0,0.00478188693523407,5.7648126990534365,5.78397470805794,0.014061672845855355
zero_attempt_supplement,qwen38_27b_bf16,maxcut_construct,C,s-c9f22afe08ba912ed79364d88040e71e,s-c9f22afe08ba912ed79364d88040e71e,True,,complete,False,6,2,,7,7,1,7,,,,7,0,0,0,0.0033694070298224688,5.354956388706341,5.369111247826368,0.015619470970705152
zero_attempt_supplement,qwen38_27b_bf16,maxcut_construct,C,s-da0cab6f61834dcf522e8c2fc8f260d4,s-da0cab6f61834dcf522e8c2fc8f260d4,True,,complete,False,14,3,,9,9,1,9,,,,9,0,0,0,0.004004205111414194,7.000547499163076,7.016841565957293,0.010930184042081237
zero_attempt_supplement,qwen38_27b_bf16,maxcut_construct,C,s-e199ea94ccc01410f5bee3163c52153e,s-e199ea94ccc01410f5bee3163c52153e,True,,complete,False,20,6,,9,9,2,9,,,,9,0,0,0,0.006959628779441118,7.14955127146095,7.173648674041033,0.028764928923919797
zero_attempt_supplement,qwen38_27b_bf16,maxcut_construct,C,s-ed5bb85c7ab1e47caf26723462048ae5,s-ed5bb85c7ab1e47caf26723462048ae5,True,,complete,False,20,3,,8,8,1,8,,,,8,0,0,0,0.00455799326300621,6.238289359025657,6.256224553100765,0.023669173009693623
zero_attempt_supplement,qwen38_27b_bf16,maxcut_construct,C,s-f79a3e1689ec3840e061f9dd7d5fad88,s-f79a3e1689ec3840e061f9dd7d5fad88,True,,complete,False,14,1,,7,7,2,7,,,,7,0,0,0,0.0035465823020786047,5.242767286486924,5.2572486030403525,0.018783102044835687
zero_attempt_supplement,qwen38_27b_bf16,maxcut_public,A,0185bca51fdb76ca0ea1,sg3dl058000,True,,complete,False,2,,98.14814814814815,124,124,0,124,,,,124,0,0,0,0.4401627473998815,66.87087652808987,67.94809338008054,1.0188557589426637
zero_attempt_supplement,qwen38_27b_bf16,maxcut_public,A,05e92f6aa8ef50d37eb5,sg3dl054000,True,,complete,False,0,,100.0,124,124,0,124,,,,124,0,0,0,0.4397376491688192,67.57540827337652,68.64817613200285,0.9960709530860186
zero_attempt_supplement,qwen38_27b_bf16,maxcut_public,A,1b147b824d88d8477c8d,sg3dl052000,True,,complete,False,-6,,105.35714285714286,124,124,0,124,,,,124,0,0,0,0.45909274369478226,54.56508876569569,55.6678134012036,1.019245648989454
zero_attempt_supplement,qwen38_27b_bf16,maxcut_public,A,288dc8db216d88e9430e,sg3dl059000,True,,complete,False,2,,98.18181818181819,124,124,0,124,,,,124,0,0,0,0.43610920617356896,65.98732476844452,67.05958497803658,1.0219827780965716
zero_attempt_supplement,qwen38_27b_bf16,maxcut_public,A,4abeaf96470a771ddef9,sg3dl059000,True,,complete,False,0,,100.0,124,124,0,124,,,,124,0,0,0,0.4362337274942547,54.5243150643073,55.60178523208015,1.0210544960573316
zero_attempt_supplement,qwen38_27b_bf16,maxcut_public,A,5afaf2b3c20af8b77de4,sg3dl059000,True,,complete,False,6,,94.54545454545455,124,124,0,124,,,,124,0,0,0,0.4407483071554452,66.5607540125493,67.64266570005566,1.0194412050768733
zero_attempt_supplement,qwen38_27b_bf16,maxcut_public,A,740b2ba73a8962c61fb9,sg3dl051000,True,,complete,False,-2,,101.81818181818181,124,124,0,124,,,,124,0,0,0,0.4192758142016828,66.33550711045973,67.37082188599743,1.0592340861912817
zero_attempt_supplement,qwen38_27b_bf16,maxcut_public,A,7e16c82624a4aa918661,sg3dl0510000,True,,complete,False,2,,98.21428571428571,124,124,0,124,,,,124,0,0,0,0.45294087170623243,54.991613237187266,56.09518069890328,1.0142088958527893
zero_attempt_supplement,qwen38_27b_bf16,maxcut_public,A,86346dac7dab6467c3e5,sg3dl052000,True,,complete,False,2,,98.21428571428571,124,124,0,124,,,,124,0,0,0,0.45710349385626614,54.87896362110041,55.97111640218645,1.0211187091190368
zero_attempt_supplement,qwen38_27b_bf16,maxcut_public,A,90e3de196947f86139b2,sg3dl0510000,True,,complete,False,0,,100.0,124,124,0,124,,,,124,0,0,0,0.3833088323008269,63.27799114189111,64.24158737808466,1.0265747129451483
zero_attempt_supplement,qwen38_27b_bf16,maxcut_public,A,93319777c98a301e5797,sg3dl0510000,True,,complete,False,-4,,103.57142857142858,124,124,0,124,,,,124,0,0,0,0.4328868000302464,66.49316738173366,67.56256059394218,1.015658016083762
zero_attempt_supplement,qwen38_27b_bf16,maxcut_public,A,968ec608d04c012ae9ea,sg3dl056000,True,,complete,False,2,,98.18181818181819,124,124,0,124,,,,124,0,0,0,0.4393936349079013,65.69769272161648,66.78543642302975,1.0249902398791164
zero_attempt_supplement,qwen38_27b_bf16,maxcut_public,A,9a4a5a87731f644085e7,sg3dl057000,True,,complete,False,2,,98.21428571428571,124,124,0,124,,,,124,0,0,0,0.45903139282017946,54.181630364852026,55.28034777310677,1.0291864320170134
zero_attempt_supplement,qwen38_27b_bf16,maxcut_public,A,9be36c3966c1e4559c70,sg3dl057000,True,,complete,False,-2,,101.78571428571428,124,124,0,124,,,,124,0,0,0,0.4376713482197374,67.27251995261759,68.34762103809044,1.0189064289443195
zero_attempt_supplement,qwen38_27b_bf16,maxcut_public,A,9eb0b04c829434789c44,sg3dl055000,True,,complete,False,-2,,101.78571428571428,124,124,0,124,,,,124,0,0,0,0.43801945680752397,66.61645381804556,67.68600684497505,1.0176538049709052
zero_attempt_supplement,qwen38_27b_bf16,maxcut_public,A,bb5744a2d86035a3dc08,sg3dl057000,True,,complete,False,-2,,101.78571428571428,124,124,0,124,,,,124,0,0,0,0.4655520115047693,53.514255945105106,54.62813632003963,1.005310342879966
zero_attempt_supplement,qwen38_27b_bf16,maxcut_public,A,c67cb61ec0ceb65c6625,sg3dl051000,True,,complete,False,0,,100.0,124,124,0,124,,,,124,0,0,0,0.4584581539966166,65.99589766003191,67.08823192003183,1.0282632419839501
zero_attempt_supplement,qwen38_27b_bf16,maxcut_public,A,c859d147d9df62a61a87,sg3dl054000,True,,complete,False,-4,,103.50877192982458,124,124,0,124,,,,124,0,0,0,0.44483513780869544,53.51607825024985,54.61860791617073,1.0373032540082932
zero_attempt_supplement,qwen38_27b_bf16,maxcut_public,A,d0e42ecf62c375285bc2,sg3dl053000,True,,complete,False,2,,98.11320754716981,124,124,0,124,,,,124,0,0,0,0.45151255768723786,54.91977316397242,56.00085775088519,0.9976621598470956
zero_attempt_supplement,qwen38_27b_bf16,maxcut_public,A,d6fae5b258ec138e4f90,sg3dl055000,True,,complete,False,-2,,101.78571428571428,124,124,0,124,,,,124,0,0,0,0.4630957650952041,64.9834472804796,66.08525950298645,1.0008112660143524
zero_attempt_supplement,qwen38_27b_bf16,maxcut_public,A,de4c9dcdce864a7aaced,sg3dl052000,True,,complete,False,4,,96.42857142857143,124,124,0,124,,,,124,0,0,0,0.43801282765343785,53.86495425575413,54.93758970708586,1.0402342840097845
zero_attempt_supplement,qwen38_27b_bf16,maxcut_public,A,df526abbb0c48e57caa7,sg3dl056000,True,,complete,False,0,,100.0,124,124,0,124,,,,124,0,0,0,0.4351248375605792,57.06206635059789,58.12749111303128,1.0134318550117314
zero_attempt_supplement,qwen38_27b_bf16,maxcut_public,A,edd3abbd8759e237c078,sg3dl058000,True,,complete,False,0,,100.0,124,124,0,124,,,,124,0,0,0,0.44287954014725983,62.19790976680815,63.28304015798494,1.023879021871835
zero_attempt_supplement,qwen38_27b_bf16,maxcut_public,B,0185bca51fdb76ca0ea1,sg3dl058000,True,,complete,False,46,,57.407407407407405,89,89,35,89,,,,89,0,0,0,0.5936896509956568,52.30628518550657,53.392380523029715,0.9507429539225996
zero_attempt_supplement,qwen38_27b_bf16,maxcut_public,B,05e92f6aa8ef50d37eb5,sg3dl054000,True,,complete,False,32,,71.9298245614035,117,117,7,117,,,,117,0,0,0,0.6473698935005814,64.24207686912268,65.50680255610496,1.176323764026165
zero_attempt_supplement,qwen38_27b_bf16,maxcut_public,B,081bfdfd180d710a065b,sg3dl053000,True,,complete,False,32,,69.81132075471697,111,111,13,111,,,,111,0,0,0,0.6488632555119693,63.08594298292883,64.34231665590778,1.1324492020066828
zero_attempt_supplement,qwen38_27b_bf16,maxcut_public,B,0835f0a7b9d39c313863,sg3dl053000,True,,complete,False,68,,35.84905660377358,85,85,39,85,,,,85,0,0,0,0.5851736152544618,52.62161948881112,53.67073613288812,0.9195809499360621
zero_attempt_supplement,qwen38_27b_bf16,maxcut_public,B,1b147b824d88d8477c8d,sg3dl052000,True,,complete,False,40,,64.28571428571429,97,97,27,97,,,,97,0,0,0,0.6068114009685814,60.77618305827491,61.909752572886646,1.0065463229548186
zero_attempt_supplement,qwen38_27b_bf16,maxcut_public,B,26c8d75c24b454e4841c,sg3dl054000,True,,complete,False,54,,52.63157894736842,95,95,29,95,,,,95,0,0,0,0.6123066854197532,63.617906774394214,64.75409352895804,1.0227300359401852
zero_attempt_supplement,qwen38_27b_bf16,maxcut_public,B,4abeaf96470a771ddef9,sg3dl059000,True,,complete,False,80,,27.27272727272727,70,70,54,70,,,,70,0,0,0,0.5270383041352034,39.519004105590284,40.40969817293808,0.8209860338829458
zero_attempt_supplement,qwen38_27b_bf16,maxcut_public,B,5afaf2b3c20af8b77de4,sg3dl059000,True,,complete,False,54,,50.90909090909091,86,86,38,86,,,,86,0,0,0,0.6007507117465138,57.138339187484235,58.21923281997442,0.9294134830124676
zero_attempt_supplement,qwen38_27b_bf16,maxcut_public,B,740b2ba73a8962c61fb9,sg3dl051000,True,,complete,False,48,,56.36363636363636,110,110,14,110,,,,110,0,0,0,0.5894095744006336,63.150591714307666,64.29422260983847,1.1271516911219805
zero_attempt_supplement,qwen38_27b_bf16,maxcut_public,B,7e16c82624a4aa918661,sg3dl0510000,True,,complete,False,86,,23.214285714285715,71,71,53,71,,,,71,0,0,0,0.554769302951172,49.159802803304046,50.11770343896933,0.8061520080082119
zero_attempt_supplement,qwen38_27b_bf16,maxcut_public,B,86346dac7dab6467c3e5,sg3dl052000,True,,complete,False,50,,55.35714285714286,91,91,33,91,,,,91,0,0,0,0.5945706896018237,52.30568902567029,53.39738751295954,0.9615923350211233
zero_attempt_supplement,qwen38_27b_bf16,maxcut_public,B,90e3de196947f86139b2,sg3dl0510000,True,,complete,False,84,,25.0,78,78,46,78,,,,78,0,0,0,0.5705547786783427,42.8832819997333,43.88899385579862,0.8667391028720886
zero_attempt_supplement,qwen38_27b_bf16,maxcut_public,B,968ec608d04c012ae9ea,sg3dl056000,True,,complete,False,58,,47.27272727272727,91,91,33,91,,,,91,0,0,0,0.5968082721810788,50.768319545313716,51.87076369393617,0.9685042141936719
zero_attempt_supplement,qwen38_27b_bf16,maxcut_public,B,9a4a5a87731f644085e7,sg3dl057000,True,,complete,False,80,,28.57142857142857,75,75,49,75,,,,75,0,0,0,0.5888064887840301,52.002525311894715,53.006308416835964,0.8477728399448097
zero_attempt_supplement,qwen38_27b_bf16,maxcut_public,B,9be36c3966c1e4559c70,sg3dl057000,True,,complete,False,48,,57.14285714285714,89,89,35,89,,,,89,0,0,0,0.6127173136919737,57.806058338144794,58.906102241016924,0.9514707981143147
zero_attempt_supplement,qwen38_27b_bf16,maxcut_public,B,aa0dcbdbf1366f46ec14,sg3dl051000,True,,complete,False,70,,36.36363636363637,78,78,46,78,,,,78,0,0,0,0.573077344102785,43.95168762863614,44.96320615708828,0.8703267751261592
zero_attempt_supplement,qwen38_27b_bf16,maxcut_public,B,bb5744a2d86035a3dc08,sg3dl057000,True,,complete,False,50,,55.35714285714286,93,93,31,93,,,,93,0,0,0,0.5965753195341676,60.72475585970096,61.83452346990816,0.9833864150568843
zero_attempt_supplement,qwen38_27b_bf16,maxcut_public,B,c859d147d9df62a61a87,sg3dl054000,True,,complete,False,68,,40.35087719298245,82,82,42,82,,,,82,0,0,0,0.6021175906062126,45.454937040107325,46.50289827096276,0.8775885570794344
zero_attempt_supplement,qwen38_27b_bf16,maxcut_public,B,d0e42ecf62c375285bc2,sg3dl053000,True,,complete,False,52,,50.943396226415096,96,96,28,96,,,,96,0,0,0,0.624973057769239,61.09573062695563,62.24391249404289,1.0094583509489894
zero_attempt_supplement,qwen38_27b_bf16,maxcut_public,B,d3f0bc72a90d82602f4e,sg3dl055000,True,,complete,False,64,,42.857142857142854,82,82,42,82,,,,82,0,0,0,0.5765653224661946,44.952785131754354,45.98314793687314,0.9011821860913187
zero_attempt_supplement,qwen38_27b_bf16,maxcut_public,B,d6fae5b258ec138e4f90,sg3dl055000,True,,complete,False,66,,41.07142857142857,85,85,39,85,,,,85,0,0,0,0.6101545668207109,59.24448062200099,60.31588878086768,0.9122351577971131
zero_attempt_supplement,qwen38_27b_bf16,maxcut_public,B,de4c9dcdce864a7aaced,sg3dl052000,True,,complete,False,78,,30.357142857142854,79,79,45,79,,,,79,0,0,0,0.5730239525437355,55.374907397897914,56.38046934315935,0.8780162760522217
zero_attempt_supplement,qwen38_27b_bf16,maxcut_public,B,edd3abbd8759e237c078,sg3dl058000,True,,complete,False,48,,55.55555555555556,93,93,31,93,,,,93,0,0,0,0.6027935782913119,52.50686357286759,53.61955075291917,1.0000338689424098
zero_attempt_supplement,qwen38_27b_bf16,maxcut_public,B,f647ea9265147434a47d,sg3dl058000,True,,complete,False,82,,24.074074074074073,78,78,46,78,,,,78,0,0,0,0.564775578211993,51.361350716557354,52.34780410211533,0.8541205709334463
zero_attempt_supplement,qwen38_27b_bf16,maxcut_public,B,f78c0023675f93656e10,sg3dl056000,True,,complete,False,86,,21.818181818181817,71,71,53,71,,,,71,0,0,0,0.5561349813360721,48.55459507275373,49.501331214094535,0.7963899180758744
zero_attempt_supplement,qwen38_27b_bf16,maxcut_public,C,0185bca51fdb76ca0ea1,sg3dl058000,True,,complete,False,76,,29.629629629629626,97,97,27,97,,,,97,0,0,0,0.6371081485413015,82.28511294419877,83.48443873412907,1.0500568570569158
zero_attempt_supplement,qwen38_27b_bf16,maxcut_public,C,05e92f6aa8ef50d37eb5,sg3dl054000,True,,complete,False,86,,24.561403508771928,116,116,8,116,,,,116,0,0,0,0.6610868938732892,84.8192738071084,86.13506447291002,1.2176216000225395
zero_attempt_supplement,qwen38_27b_bf16,maxcut_public,C,081bfdfd180d710a065b,sg3dl053000,True,,complete,False,74,,30.18867924528302,97,97,27,97,,,,97,0,0,0,0.5597333866171539,80.6356547253672,81.71067772991955,1.0627731150016189
zero_attempt_supplement,qwen38_27b_bf16,maxcut_public,C,0835f0a7b9d39c313863,sg3dl053000,True,,complete,False,76,,28.30188679245283,103,103,21,103,,,,103,0,0,0,0.6108143760357052,75.45662258495577,76.65895628603175,1.095244319876656
zero_attempt_supplement,qwen38_27b_bf16,maxcut_public,C,1b147b824d88d8477c8d,sg3dl052000,True,,complete,False,78,,30.357142857142854,115,115,9,115,,,,115,0,0,0,0.6371341699268669,92.10458831954747,93.3887003720738,1.195210404926911
zero_attempt_supplement,qwen38_27b_bf16,maxcut_public,C,288dc8db216d88e9430e,sg3dl059000,True,,complete,False,68,,38.18181818181819,106,106,18,106,,,,106,0,0,0,0.6170721636153758,84.4198508572299,85.61322922911495,1.103923449991271
zero_attempt_supplement,qwen38_27b_bf16,maxcut_public,C,5afaf2b3c20af8b77de4,sg3dl059000,True,,complete,False,86,,21.818181818181817,112,112,12,112,,,,112,0,0,0,0.6328701404854655,92.48202714370564,93.76706040720455,1.163370202993974
zero_attempt_supplement,qwen38_27b_bf16,maxcut_public,C,86346dac7dab6467c3e5,sg3dl052000,True,,complete,False,86,,23.214285714285715,105,105,19,105,,,,105,0,0,0,0.5307033159770072,89.22131574922241,90.26507337787189,1.123996393987909
zero_attempt_supplement,qwen38_27b_bf16,maxcut_public,C,90e3de196947f86139b2,sg3dl0510000,True,,complete,False,88,,21.428571428571427,115,115,9,115,,,,115,0,0,0,0.649499653140083,84.38935095234774,85.66925745690241,1.2246591201983392
zero_attempt_supplement,qwen38_27b_bf16,maxcut_public,C,93319777c98a301e5797,sg3dl0510000,True,,complete,False,74,,33.92857142857143,99,99,25,99,,,,99,0,0,0,0.6293026800267398,82.25852005043998,83.45719401910901,1.0331269190646708
zero_attempt_supplement,qwen38_27b_bf16,maxcut_public,C,968ec608d04c012ae9ea,sg3dl056000,True,,complete,False,90,,18.181818181818183,93,93,31,93,,,,93,0,0,0,0.5671160058118403,79.37934702285565,80.4511387469247,0.983482148963958
zero_attempt_supplement,qwen38_27b_bf16,maxcut_public,C,9a4a5a87731f644085e7,sg3dl057000,True,,complete,False,92,,17.857142857142858,118,118,6,118,,,,118,0,0,0,0.6641583901364356,89.86899907747284,91.19877209886909,1.2195096008945256
zero_attempt_supplement,qwen38_27b_bf16,maxcut_public,C,aa0dcbdbf1366f46ec14,sg3dl051000,True,,complete,False,76,,30.909090909090907,104,104,20,104,,,,104,0,0,0,0.6089174244552851,76.7153826423455,77.90779602481052,1.0869553748052567
zero_attempt_supplement,qwen38_27b_bf16,maxcut_public,C,bb5744a2d86035a3dc08,sg3dl057000,True,,complete,False,80,,28.57142857142857,96,96,28,96,,,,96,0,0,0,0.5996216104831547,70.25214890763164,71.39124080911279,1.033789648907259
zero_attempt_supplement,qwen38_27b_bf16,maxcut_public,C,c67cb61ec0ceb65c6625,sg3dl051000,True,,complete,False,68,,38.18181818181819,101,101,23,101,,,,101,0,0,0,0.6298660757020116,74.65663293050602,75.85769284609705,1.0655148217920214
zero_attempt_supplement,qwen38_27b_bf16,maxcut_public,C,c859d147d9df62a61a87,sg3dl054000,True,,complete,False,92,,19.298245614035086,117,117,7,117,,,,117,0,0,0,0.6410388154909015,82.9724246498663,84.2834370478522,1.2213257839903235
zero_attempt_supplement,qwen38_27b_bf16,maxcut_public,C,d0e42ecf62c375285bc2,sg3dl053000,True,,complete,False,64,,39.62264150943396,96,96,28,96,,,,96,0,0,0,0.5500261026900262,82.22968297195621,83.260435187025,1.011722553987056
zero_attempt_supplement,qwen38_27b_bf16,maxcut_public,C,de4c9dcdce864a7aaced,sg3dl052000,True,,complete,False,96,,14.285714285714285,112,112,12,112,,,,112,0,0,0,0.6230113625060767,82.7580558443442,84.0330745310057,1.1577996739652008
zero_attempt_supplement,qwen38_27b_bf16,maxcut_public,C,edd3abbd8759e237c078,sg3dl058000,True,,complete,False,90,,16.666666666666664,120,120,4,120,,,,120,0,0,0,0.6671400587074459,87.32143410528079,88.68367719301023,1.2188069531694055
zero_attempt_supplement,qwen38_27b_bf16,tsp_construct,A,s-0c5091efee6db7e767441688b67782d4,s-0c5091efee6db7e767441688b67782d4,True,,complete,False,534,252,,7,7,0,7,,,,7,0,0,0,0.0024883910082280636,4.338597146561369,4.3522687999065965,0.01701411814428866
zero_attempt_supplement,qwen38_27b_bf16,tsp_construct,A,s-21ed887b4d55bb3f022f0b4e2150d5ca,s-21ed887b4d55bb3f022f0b4e2150d5ca,True,,complete,False,876,468,,10,10,0,10,,,,10,0,0,0,0.005100694950670004,4.30589175503701,4.331171677913517,0.03581184009090066
zero_attempt_supplement,qwen38_27b_bf16,tsp_construct,A,s-22b83f73482a36fedd754fbf2fcdf456,s-22b83f73482a36fedd754fbf2fcdf456,True,,complete,False,308,148,,6,6,0,6,,,,6,0,0,0,0.0018619042821228504,2.871995040914044,2.8827441988978535,0.012561589945107698
zero_attempt_supplement,qwen38_27b_bf16,tsp_construct,A,s-29ace9e55286ccb615ec0e0808ea59d9,s-29ace9e55286ccb615ec0e0808ea59d9,True,,complete,False,362,172,,7,7,0,7,,,,7,0,0,0,0.002062837593257427,4.174090090207756,4.1861750478856266,0.016910716192796826
zero_attempt_supplement,qwen38_27b_bf16,tsp_construct,A,s-35e3473cdbdadf1c87b58046512cdbb4,s-35e3473cdbdadf1c87b58046512cdbb4,True,,complete,False,318,134,,8,8,0,8,,,,8,0,0,0,0.0029041531961411238,5.2461799760349095,5.2618926060386,0.021820938913151622
zero_attempt_supplement,qwen38_27b_bf16,tsp_construct,A,s-3ab0cdcec52de1195cd0cd153e9dcab4,s-3ab0cdcec52de1195cd0cd153e9dcab4,True,,complete,False,220,30,,6,6,0,6,,,,6,0,0,0,0.0018476021941751242,2.544686814537272,2.555909788934514,0.012667834991589189
zero_attempt_supplement,qwen38_27b_bf16,tsp_construct,A,s-3e5903d234a377820b3cb8a2f849fa8c,s-3e5903d234a377820b3cb8a2f849fa8c,True,,complete,False,450,278,,7,7,0,7,,,,7,0,0,0,0.002070000162348151,3.3269784410949796,3.338628991972655,0.017035975819453597
zero_attempt_supplement,qwen38_27b_bf16,tsp_construct,A,s-40eb5522706b3965eabb153c6b22d90f,s-40eb5522706b3965eabb153c6b22d90f,True,,complete,False,480,154,,10,10,0,10,,,,10,0,0,0,0.004790195031091571,4.124248789157718,4.146837186068296,0.03517567412927747
zero_attempt_supplement,qwen38_27b_bf16,tsp_construct,A,s-45c13854ab67d5822df5cc2c471aba2b,s-45c13854ab67d5822df5cc2c471aba2b,True,,complete,False,794,502,,10,10,0,10,,,,10,0,0,0,0.0045599599834531546,3.923411844763905,3.94653660710901,0.0350147217977792
zero_attempt_supplement,qwen38_27b_bf16,tsp_construct,A,s-4d109eeebdb9b886c97d3819fcd646a9,s-4d109eeebdb9b886c97d3819fcd646a9,True,,complete,False,468,154,,6,6,0,6,,,,6,0,0,0,0.0016128064598888159,3.329439010936767,3.3395991059951484,0.01234221807681024
zero_attempt_supplement,qwen38_27b_bf16,tsp_construct,A,s-55b8703b50f98d64f4932b566c5d1989,s-55b8703b50f98d64f4932b566c5d1989,True,,complete,False,278,126,,7,7,0,7,,,,7,0,0,0,0.0024151585530489683,4.13870614184998,4.152480308897793,0.017105533042922616
zero_attempt_supplement,qwen38_27b_bf16,tsp_construct,A,s-6714b2860a1041200c560f077e8e4e3d,s-6714b2860a1041200c560f077e8e4e3d,True,,complete,False,220,32,,7,7,0,7,,,,7,0,0,0,0.0024631209671497345,3.3206312474794686,3.3344465310219675,0.01673696911893785
zero_attempt_supplement,qwen38_27b_bf16,tsp_construct,A,s-67a813f80d916e73c8b44d5ed0e3031f,s-67a813f80d916e73c8b44d5ed0e3031f,True,,complete,False,622,298,,9,9,0,9,,,,9,0,0,0,0.004121687961742282,3.0697460875380784,3.090941136935726,0.029073195066303015
zero_attempt_supplement,qwen38_27b_bf16,tsp_construct,A,s-698d5ec761fc785c5d3c0b0cc6751329,s-698d5ec761fc785c5d3c0b0cc6751329,True,,complete,False,1164,686,,10,10,0,10,,,,10,0,0,0,0.004999862983822823,5.427114362595603,5.451875382103026,0.03562646498903632
zero_attempt_supplement,qwen38_27b_bf16,tsp_construct,A,s-6b90100dbf54ef2f5d54beb972d1de17,s-6b90100dbf54ef2f5d54beb972d1de17,True,,complete,False,218,34,,8,8,0,8,,,,8,0,0,0,0.0031004382763057947,5.210976363392547,5.227076251059771,0.021766192046925426
zero_attempt_supplement,qwen38_27b_bf16,tsp_construct,A,s-7cd8616bce830b88f70db9b3214f3f50,s-7cd8616bce830b88f70db9b3214f3f50,True,,complete,False,398,202,,8,8,0,8,,,,8,0,0,0,0.003223014995455742,5.131731467088684,5.149003529921174,0.021708633983507752
zero_attempt_supplement,qwen38_27b_bf16,tsp_construct,A,s-7e823b4967e8149ee0448c4d305da37f,s-7e823b4967e8149ee0448c4d305da37f,True,,complete,False,376,156,,6,6,0,6,,,,6,0,0,0,0.001812491100281477,3.4954549169633538,3.506278570042923,0.012598213972523808
zero_attempt_supplement,qwen38_27b_bf16,tsp_construct,A,s-7fa79da56ae117056c67f38bf611251a,s-7fa79da56ae117056c67f38bf611251a,True,,complete,False,684,336,,9,9,0,9,,,,9,0,0,0,0.0039973759558051825,3.2697652503848076,3.290482345968485,0.0288442918099463
zero_attempt_supplement,qwen38_27b_bf16,tsp_construct,A,s-83cc2eb821490e734ddc0f90b64cc1b7,s-83cc2eb821490e734ddc0f90b64cc1b7,True,,complete,False,304,14,,8,8,0,8,,,,8,0,0,0,0.0031806020997464657,4.21060503879562,4.227734039071947,0.022163485875353217
zero_attempt_supplement,qwen38_27b_bf16,tsp_construct,A,s-9a0ccf8535b879433376ad2961d09821,s-9a0ccf8535b879433376ad2961d09821,True,,complete,False,434,250,,10,10,0,10,,,,10,0,0,0,0.004540299065411091,4.043712909799069,4.064912551082671,0.035525331972166896
zero_attempt_supplement,qwen38_27b_bf16,tsp_construct,A,s-9ed3189fb29803023959945a5b100dd2,s-9ed3189fb29803023959945a5b100dd2,True,,complete,False,506,314,,7,7,0,7,,,,7,0,0,0,0.0024037694092839956,3.1799320818390697,3.1936265928670764,0.01674225996248424
zero_attempt_supplement,qwen38_27b_bf16,tsp_construct,A,s-a2e3b730946020f5487d75d8edc64e5c,s-a2e3b730946020f5487d75d8edc64e5c,True,,complete,False,480,284,,9,9,0,9,,,,9,0,0,0,0.004102858481928706,5.988096864661202,6.009141871007159,0.028099820017814636
zero_attempt_supplement,qwen38_27b_bf16,tsp_construct,A,s-a38cb512a4b68bd8bbe4b957e204a745,s-a38cb512a4b68bd8bbe4b957e204a745,True,,complete,False,470,238,,9,9,0,9,,,,9,0,0,0,0.004843048052862287,2.998115579597652,3.0217868408653885,0.028121497947722673
zero_attempt_supplement,qwen38_27b_bf16,tsp_construct,A,s-ae9eaa2d91bba7db6103ee24d079cfbb,s-ae9eaa2d91bba7db6103ee24d079cfbb,True,,complete,False,254,54,,9,9,0,9,,,,9,0,0,0,0.00402324297465384,6.32315421407111,6.343609580071643,0.028279897989705205
zero_attempt_supplement,qwen38_27b_bf16,tsp_construct,A,s-b0f00c9620b23f84a2d3afdb4468b919,s-b0f00c9620b23f84a2d3afdb4468b919,True,,complete,False,582,336,,6,6,0,6,,,,6,0,0,0,0.0016807678621262312,2.6650804267264903,2.6745915268547833,0.012816417030990124
zero_attempt_supplement,qwen38_27b_bf16,tsp_construct,A,s-bf1c2a077e7d3dda9247ed2beb22371d,s-bf1c2a077e7d3dda9247ed2beb22371d,True,,complete,False,182,10,,6,6,0,6,,,,6,0,0,0,0.001895194873213768,3.3563214789610356,3.367865114007145,0.012689735973253846
zero_attempt_supplement,qwen38_27b_bf16,tsp_construct,A,s-c448c26420296868dfd3b4ef69c90315,s-c448c26420296868dfd3b4ef69c90315,True,,complete,False,878,510,,8,8,0,8,,,,8,0,0,0,0.002821129746735096,5.20328188710846,5.218722620047629,0.021876947954297066
zero_attempt_supplement,qwen38_27b_bf16,tsp_construct,A,s-d14be347921ef6369ee178227d00388d,s-d14be347921ef6369ee178227d00388d,True,,complete,False,306,8,,8,8,0,8,,,,8,0,0,0,0.002731430111452937,5.162450100528076,5.177330499049276,0.022048754850402474
zero_attempt_supplement,qwen38_27b_bf16,tsp_construct,A,s-d3bfc30e7889f09fa710f0f65db3614f,s-d3bfc30e7889f09fa710f0f65db3614f,True,,complete,False,370,192,,9,9,0,9,,,,9,0,0,0,0.004062097053974867,5.160386517876759,5.181119808927178,0.028487402014434338
zero_attempt_supplement,qwen38_27b_bf16,tsp_construct,A,s-df20b4c07e91eddd083736a8123f20c6,s-df20b4c07e91eddd083736a8123f20c6,True,,complete,False,662,372,,9,9,0,9,,,,9,0,0,0,0.004083493957296014,5.541934457840398,5.561855371110141,0.027625520015135407
zero_attempt_supplement,qwen38_27b_bf16,tsp_construct,A,s-fcb66dc8dd601f180ae8f90b1493647a,s-fcb66dc8dd601f180ae8f90b1493647a,True,,complete,False,418,120,,6,6,0,6,,,,6,0,0,0,0.0018271331209689379,3.257881219498813,3.268773146905005,0.012780921068042517
zero_attempt_supplement,qwen38_27b_bf16,tsp_construct,B,s-0c5091efee6db7e767441688b67782d4,s-0c5091efee6db7e767441688b67782d4,True,,complete,False,282,0,,1,1,6,1,,,,1,0,0,0,0.0017233802936971188,0.6938525780569762,0.6988869220949709,0.0035326508805155754
zero_attempt_supplement,qwen38_27b_bf16,tsp_construct,B,s-21ed887b4d55bb3f022f0b4e2150d5ca,s-21ed887b4d55bb3f022f0b4e2150d5ca,True,,complete,False,408,0,,0,0,10,0,,,,0,0,0,0,0.0049539192114025354,0.0,0.009408548939973116,0.0056918030604720116
zero_attempt_supplement,qwen38_27b_bf16,tsp_construct,B,s-29ace9e55286ccb615ec0e0808ea59d9,s-29ace9e55286ccb615ec0e0808ea59d9,True,,complete,False,190,0,,1,1,6,1,,,,1,0,0,0,0.002935773925855756,0.6534514899831265,0.6611694898456335,0.005770015995949507
zero_attempt_supplement,qwen38_27b_bf16,tsp_construct,B,s-35e3473cdbdadf1c87b58046512cdbb4,s-35e3473cdbdadf1c87b58046512cdbb4,True,,complete,False,186,2,,1,1,7,1,,,,1,0,0,0,0.003526190062984824,0.6914995179977268,0.6995626289863139,0.006809344980865717
zero_attempt_supplement,qwen38_27b_bf16,tsp_construct,B,s-3ab0cdcec52de1195cd0cd153e9dcab4,s-3ab0cdcec52de1195cd0cd153e9dcab4,True,,complete,False,194,4,,3,3,3,3,,,,3,0,0,0,0.0027368059381842613,1.404822759795934,1.414093571016565,0.009865928208455443
zero_attempt_supplement,qwen38_27b_bf16,tsp_construct,B,s-3e5903d234a377820b3cb8a2f849fa8c,s-3e5903d234a377820b3cb8a2f849fa8c,True,,complete,False,304,132,,5,5,2,5,,,,5,0,0,0,0.003989225020632148,2.667093393858522,2.680271503981203,0.016031570034101605
zero_attempt_supplement,qwen38_27b_bf16,tsp_construct,B,s-40eb5522706b3965eabb153c6b22d90f,s-40eb5522706b3965eabb153c6b22d90f,True,,complete,False,388,62,,4,4,6,4,,,,4,0,0,0,0.0046796537935733795,1.881468762876466,1.8949258590582758,0.021286461036652327
zero_attempt_supplement,qwen38_27b_bf16,tsp_construct,B,s-45c13854ab67d5822df5cc2c471aba2b,s-45c13854ab67d5822df5cc2c471aba2b,True,,complete,False,292,0,,1,1,9,1,,,,1,0,0,0,0.005479827988892794,0.7391748249065131,0.750986129976809,0.009943553013727069
zero_attempt_supplement,qwen38_27b_bf16,tsp_construct,B,s-4ca2b1feb1f7783837e55406183c1d9a,s-4ca2b1feb1f7783837e55406183c1d9a,True,,complete,False,290,8,,1,1,6,1,,,,1,0,0,0,0.002931886585429311,0.6958341780118644,0.7032544510439038,0.005784157197922468
zero_attempt_supplement,qwen38_27b_bf16,tsp_construct,B,s-54e0e831e147d0a47f36432412b5cf78,s-54e0e831e147d0a47f36432412b5cf78,True,,complete,False,192,10,,3,3,7,3,,,,3,0,0,0,0.00645484309643507,1.7435535197146237,1.7593256530817598,0.01795083493925631
zero_attempt_supplement,qwen38_27b_bf16,tsp_construct,B,s-55b8703b50f98d64f4932b566c5d1989,s-55b8703b50f98d64f4932b566c5d1989,True,,complete,False,152,0,,1,1,6,1,,,,1,0,0,0,0.00275152618996799,0.5289345879573375,0.5362639061640948,0.00570863182656467
zero_attempt_supplement,qwen38_27b_bf16,tsp_construct,B,s-6714b2860a1041200c560f077e8e4e3d,s-6714b2860a1041200c560f077e8e4e3d,True,,complete,False,202,14,,4,4,3,4,,,,4,0,0,0,0.003778708865866065,2.710915254196152,2.7230002109427005,0.013956321869045496
zero_attempt_supplement,qwen38_27b_bf16,tsp_construct,B,s-67a813f80d916e73c8b44d5ed0e3031f,s-67a813f80d916e73c8b44d5ed0e3031f,True,,complete,False,408,84,,2,2,7,2,,,,2,0,0,0,0.0049041511956602335,1.2144809567835182,1.2268946450203657,0.012053097831085324
zero_attempt_supplement,qwen38_27b_bf16,tsp_construct,B,s-698d5ec761fc785c5d3c0b0cc6751329,s-698d5ec761fc785c5d3c0b0cc6751329,True,,complete,False,478,0,,1,1,9,1,,,,1,0,0,0,0.003094337647780776,0.6506383980158716,0.6576826311647892,0.006765885045751929
zero_attempt_supplement,qwen38_27b_bf16,tsp_construct,B,s-6b90100dbf54ef2f5d54beb972d1de17,s-6b90100dbf54ef2f5d54beb972d1de17,True,,complete,False,200,16,,2,2,6,2,,,,2,0,0,0,0.0039781229570508,1.1066970769315958,1.116975401993841,0.010345616145059466
zero_attempt_supplement,qwen38_27b_bf16,tsp_construct,B,s-70a834f7b3ceb9ef0c094ea6b3a41866,s-70a834f7b3ceb9ef0c094ea6b3a41866,True,,complete,False,354,160,,3,3,5,3,,,,3,0,0,0,0.004181748954579234,2.048410066170618,2.059860325884074,0.012928042095154524
zero_attempt_supplement,qwen38_27b_bf16,tsp_construct,B,s-71b3029836cedd68be8ba69981a17724,s-71b3029836cedd68be8ba69981a17724,True,,complete,False,358,166,,5,5,5,5,,,,5,0,0,0,0.007147923810407519,2.669659063918516,2.688726203981787,0.02538959216326475
zero_attempt_supplement,qwen38_27b_bf16,tsp_construct,B,s-7cd8616bce830b88f70db9b3214f3f50,s-7cd8616bce830b88f70db9b3214f3f50,True,,complete,False,210,14,,4,4,4,4,,,,4,0,0,0,0.004778584931045771,2.3545456791762263,2.368447266984731,0.01623689499683678
zero_attempt_supplement,qwen38_27b_bf16,tsp_construct,B,s-7e823b4967e8149ee0448c4d305da37f,s-7e823b4967e8149ee0448c4d305da37f,True,,complete,False,220,0,,1,1,5,1,,,,1,0,0,0,0.0015138930175453424,0.46845684107393026,0.4726988608017564,0.0037155551835894585
zero_attempt_supplement,qwen38_27b_bf16,tsp_construct,B,s-7fa79da56ae117056c67f38bf611251a,s-7fa79da56ae117056c67f38bf611251a,True,,complete,False,378,30,,5,5,4,5,,,,5,0,0,0,0.005693135783076286,2.7057404038496315,2.7219234691001475,0.022454624995589256
zero_attempt_supplement,qwen38_27b_bf16,tsp_construct,B,s-83cc2eb821490e734ddc0f90b64cc1b7,s-83cc2eb821490e734ddc0f90b64cc1b7,True,,complete,False,290,0,,4,4,4,4,,,,4,0,0,0,0.003400808200240135,2.3292027332354337,2.3399062601383775,0.016088390024378896
zero_attempt_supplement,qwen38_27b_bf16,tsp_construct,B,s-a2e3b730946020f5487d75d8edc64e5c,s-a2e3b730946020f5487d75d8edc64e5c,True,,complete,False,216,20,,5,5,4,5,,,,5,0,0,0,0.005118703935295343,3.0009508202783763,3.016553144901991,0.022015267051756382
zero_attempt_supplement,qwen38_27b_bf16,tsp_construct,B,s-a38cb512a4b68bd8bbe4b957e204a745,s-a38cb512a4b68bd8bbe4b957e204a745,True,,complete,False,232,0,,1,1,8,1,,,,1,0,0,0,0.004412875277921557,0.7739749359898269,0.784090215107426,0.008265116950497031
zero_attempt_supplement,qwen38_27b_bf16,tsp_construct,B,s-ae9eaa2d91bba7db6103ee24d079cfbb,s-ae9eaa2d91bba7db6103ee24d079cfbb,True,,complete,False,206,6,,2,2,7,2,,,,2,0,0,0,0.003682198002934456,1.532394751906395,1.5411959630437195,0.011611283058300614
zero_attempt_supplement,qwen38_27b_bf16,tsp_construct,B,s-b890d4e09f645951cd5b0999d8ebf054,s-b890d4e09f645951cd5b0999d8ebf054,True,,complete,False,330,48,,2,2,4,2,,,,2,0,0,0,0.002432159148156643,1.1048660080414265,1.1123909750021994,0.0072440290823578835
zero_attempt_supplement,qwen38_27b_bf16,tsp_construct,B,s-bf1c2a077e7d3dda9247ed2beb22371d,s-bf1c2a077e7d3dda9247ed2beb22371d,True,,complete,False,172,0,,0,0,6,0,,,,0,0,0,0,0.0008440441451966763,0.0,0.002849122043699026,0.0010367690119892359
zero_attempt_supplement,qwen38_27b_bf16,tsp_construct,B,s-d14be347921ef6369ee178227d00388d,s-d14be347921ef6369ee178227d00388d,True,,complete,False,318,20,,3,3,5,3,,,,3,0,0,0,0.0033675178419798613,2.0047724437899888,2.01463340385817,0.013056085212156177
zero_attempt_supplement,qwen38_27b_bf16,tsp_construct,B,s-dc70c167aae8a1912ba61b45e58e97bb,s-dc70c167aae8a1912ba61b45e58e97bb,True,,complete,False,310,0,,0,0,9,0,,,,0,0,0,0,0.00397851481102407,0.0,0.008058330975472927,0.0047299559228122234
zero_attempt_supplement,qwen38_27b_bf16,tsp_construct,B,s-df20b4c07e91eddd083736a8123f20c6,s-df20b4c07e91eddd083736a8123f20c6,True,,complete,False,544,254,,5,5,4,5,,,,5,0,0,0,0.005774998338893056,3.7279010438360274,3.744306826032698,0.022133764112368226
zero_attempt_supplement,qwen38_27b_bf16,tsp_construct,B,s-f8643da54dd3a304897184c05b256501,s-f8643da54dd3a304897184c05b256501,True,,complete,False,388,0,,0,0,8,0,,,,0,0,0,0,0.003111048135906458,0.0,0.006391020957380533,0.0037947571836411953
zero_attempt_supplement,qwen38_27b_bf16,tsp_construct,B,s-fcb66dc8dd601f180ae8f90b1493647a,s-fcb66dc8dd601f180ae8f90b1493647a,True,,complete,False,300,2,,2,2,4,2,,,,2,0,0,0,0.0011535920202732086,0.9131099521182477,0.9178153479006141,0.007327680941671133
zero_attempt_supplement,qwen38_27b_bf16,tsp_construct,C,s-0c5091efee6db7e767441688b67782d4,s-0c5091efee6db7e767441688b67782d4,True,,complete,False,282,0,,1,1,6,1,,,,1,0,0,0,0.0013667813036590815,0.7236439019907266,0.7282894449308515,0.002724457997828722
zero_attempt_supplement,qwen38_27b_bf16,tsp_construct,C,s-21ed887b4d55bb3f022f0b4e2150d5ca,s-21ed887b4d55bb3f022f0b4e2150d5ca,True,,complete,False,408,0,,0,0,10,0,,,,0,0,0,0,0.0022681448608636856,0.0,0.004887837916612625,0.0025571719743311405
zero_attempt_supplement,qwen38_27b_bf16,tsp_construct,C,s-29ace9e55286ccb615ec0e0808ea59d9,s-29ace9e55286ccb615ec0e0808ea59d9,True,,complete,False,190,0,,1,1,6,1,,,,1,0,0,0,0.0020081668626517057,0.6094608060084283,0.6148640990722924,0.0027819389943033457
zero_attempt_supplement,qwen38_27b_bf16,tsp_construct,C,s-390719bc960e0402eda8b316a7f9ab0c,s-390719bc960e0402eda8b316a7f9ab0c,True,,complete,False,294,2,,1,1,6,1,,,,1,0,0,0,0.0012706569395959377,0.7756407829001546,0.7799407860729843,0.006096544908359647
zero_attempt_supplement,qwen38_27b_bf16,tsp_construct,C,s-3ab0cdcec52de1195cd0cd153e9dcab4,s-3ab0cdcec52de1195cd0cd153e9dcab4,True,,complete,False,206,16,,2,2,4,2,,,,2,0,0,0,0.0017093883361667395,1.468742567114532,1.4755651839077473,0.008150384994223714
zero_attempt_supplement,qwen38_27b_bf16,tsp_construct,C,s-3e5903d234a377820b3cb8a2f849fa8c,s-3e5903d234a377820b3cb8a2f849fa8c,True,,complete,False,174,2,,3,3,4,3,,,,3,0,0,0,0.003462950699031353,2.270917314104736,2.2820833791047335,0.012578404974192381
zero_attempt_supplement,qwen38_27b_bf16,tsp_construct,C,s-45c13854ab67d5822df5cc2c471aba2b,s-45c13854ab67d5822df5cc2c471aba2b,True,,complete,False,292,0,,1,1,9,1,,,,1,0,0,0,0.0055829978082329035,0.7241481670644134,0.7361315158195794,0.010269579943269491
zero_attempt_supplement,qwen38_27b_bf16,tsp_construct,C,s-4ca2b1feb1f7783837e55406183c1d9a,s-4ca2b1feb1f7783837e55406183c1d9a,True,,complete,False,290,8,,1,1,6,1,,,,1,0,0,0,0.002928143832832575,0.6081130681559443,0.6161792620550841,0.0027376189827919006
zero_attempt_supplement,qwen38_27b_bf16,tsp_construct,C,s-4d109eeebdb9b886c97d3819fcd646a9,s-4d109eeebdb9b886c97d3819fcd646a9,True,,complete,False,364,50,,3,3,3,3,,,,3,0,0,0,0.002800202229991555,1.8113902267068624,1.821343010989949,0.0107200569473207
zero_attempt_supplement,qwen38_27b_bf16,tsp_construct,C,s-54e0e831e147d0a47f36432412b5cf78,s-54e0e831e147d0a47f36432412b5cf78,True,,complete,False,200,18,,5,5,5,5,,,,5,0,0,0,0.006434965180233121,2.569131438853219,2.5869041210971773,0.02801825595088303
zero_attempt_supplement,qwen38_27b_bf16,tsp_construct,C,s-55b8703b50f98d64f4932b566c5d1989,s-55b8703b50f98d64f4932b566c5d1989,True,,complete,False,152,0,,1,1,6,1,,,,1,0,0,0,0.0028251823969185352,0.6090223169885576,0.6163476591464132,0.006124906009063125
zero_attempt_supplement,qwen38_27b_bf16,tsp_construct,C,s-6714b2860a1041200c560f077e8e4e3d,s-6714b2860a1041200c560f077e8e4e3d,True,,complete,False,192,4,,2,2,5,2,,,,2,0,0,0,0.0031828992068767548,1.537028985330835,1.5466854909900576,0.009485841961577535
zero_attempt_supplement,qwen38_27b_bf16,tsp_construct,C,s-698d5ec761fc785c5d3c0b0cc6751329,s-698d5ec761fc785c5d3c0b0cc6751329,True,,complete,False,478,0,,1,1,9,1,,,,1,0,0,0,0.005570677807554603,0.7282520530279726,0.7404012971092016,0.010220719035714865
zero_attempt_supplement,qwen38_27b_bf16,tsp_construct,C,s-70a834f7b3ceb9ef0c094ea6b3a41866,s-70a834f7b3ceb9ef0c094ea6b3a41866,True,,complete,False,198,4,,5,5,3,5,,,,5,0,0,0,0.0051461870316416025,3.690130000235513,3.707040298031643,0.021890562027692795
zero_attempt_supplement,qwen38_27b_bf16,tsp_construct,C,s-71b3029836cedd68be8ba69981a17724,s-71b3029836cedd68be8ba69981a17724,True,,complete,False,202,10,,4,4,6,4,,,,4,0,0,0,0.0070830825716257095,2.641362507129088,2.6604408440180123,0.023222594987601042
zero_attempt_supplement,qwen38_27b_bf16,tsp_construct,C,s-7cd8616bce830b88f70db9b3214f3f50,s-7cd8616bce830b88f70db9b3214f3f50,True,,complete,False,210,14,,4,4,4,4,,,,4,0,0,0,0.004775243112817407,2.555007535032928,2.569587426027283,0.017980379052460194
zero_attempt_supplement,qwen38_27b_bf16,tsp_construct,C,s-7e823b4967e8149ee0448c4d305da37f,s-7e823b4967e8149ee0448c4d305da37f,True,,complete,False,220,0,,1,1,5,1,,,,1,0,0,0,0.0010184806305915117,0.5702221558894962,0.5739102528896183,0.0023155559320002794
zero_attempt_supplement,qwen38_27b_bf16,tsp_construct,C,s-7fa79da56ae117056c67f38bf611251a,s-7fa79da56ae117056c67f38bf611251a,True,,complete,False,364,16,,2,2,7,2,,,,2,0,0,0,0.0029783875215798616,1.318548860726878,1.3269207219127566,0.013020765036344528
zero_attempt_supplement,qwen38_27b_bf16,tsp_construct,C,s-9ed3189fb29803023959945a5b100dd2,s-9ed3189fb29803023959945a5b100dd2,True,,complete,False,200,8,,1,1,6,1,,,,1,0,0,0,0.0012839471455663443,0.7714128438383341,0.7757307880092412,0.00281237019225955
zero_attempt_supplement,qwen38_27b_bf16,tsp_construct,C,s-a2e3b730946020f5487d75d8edc64e5c,s-a2e3b730946020f5487d75d8edc64e5c,True,,complete,False,212,16,,7,7,2,7,,,,7,0,0,0,0.0056557729840278625,5.757608492858708,5.776552766794339,0.031450381968170404
zero_attempt_supplement,qwen38_27b_bf16,tsp_construct,C,s-ae9eaa2d91bba7db6103ee24d079cfbb,s-ae9eaa2d91bba7db6103ee24d079cfbb,True,,complete,False,206,6,,2,2,7,2,,,,2,0,0,0,0.0049379917327314615,1.3738720847759396,1.386035393923521,0.012669253163039684
zero_attempt_supplement,qwen38_27b_bf16,tsp_construct,C,s-b0f00c9620b23f84a2d3afdb4468b919,s-b0f00c9620b23f84a2d3afdb4468b919,True,,complete,False,246,0,,0,0,6,0,,,,0,0,0,0,0.0018484725151211023,0.0,0.00469800503924489,0.0023106469307094812
zero_attempt_supplement,qwen38_27b_bf16,tsp_construct,C,s-b890d4e09f645951cd5b0999d8ebf054,s-b890d4e09f645951cd5b0999d8ebf054,True,,complete,False,330,48,,2,2,4,2,,,,2,0,0,0,0.002506720833480358,1.3253398276865482,1.3338378709740937,0.008016679901629686
zero_attempt_supplement,qwen38_27b_bf16,tsp_construct,C,s-bf1c2a077e7d3dda9247ed2beb22371d,s-bf1c2a077e7d3dda9247ed2beb22371d,True,,complete,False,172,0,,0,0,6,0,,,,0,0,0,0,0.0018473109230399132,0.0,0.004746654070913792,0.002312315860763192
zero_attempt_supplement,qwen38_27b_bf16,tsp_construct,C,s-d3bfc30e7889f09fa710f0f65db3614f,s-d3bfc30e7889f09fa710f0f65db3614f,True,,complete,False,184,6,,4,4,5,4,,,,4,0,0,0,0.005736225051805377,2.797541334759444,2.813844233052805,0.020451747113838792
zero_attempt_supplement,qwen38_27b_bf16,tsp_construct,C,s-df20b4c07e91eddd083736a8123f20c6,s-df20b4c07e91eddd083736a8123f20c6,True,,complete,False,292,2,,2,2,7,2,,,,2,0,0,0,0.004885636270046234,1.6310897960793227,1.6434275938663632,0.012555223889648914
zero_attempt_supplement,qwen38_27b_bf16,tsp_construct,C,s-f8643da54dd3a304897184c05b256501,s-f8643da54dd3a304897184c05b256501,True,,complete,False,388,0,,0,0,8,0,,,,0,0,0,0,0.003130486700683832,0.0,0.006580065004527569,0.0017309789545834064
zero_attempt_supplement,qwen38_27b_bf16,tsp_construct,C,s-fcb66dc8dd601f180ae8f90b1493647a,s-fcb66dc8dd601f180ae8f90b1493647a,True,,complete,False,312,14,,2,2,4,2,,,,2,0,0,0,0.0011127719189971685,1.2314763660542667,1.2361571011133492,0.008345470065250993
zero_attempt_supplement,qwen38_27b_bf16,tsp_public,A,044225a6f2e770ef55e2,kroB200,True,,complete,False,43332,,47.2025002547814,198,198,0,198,,,,198,0,0,0,3.259788509691134,336.1642719528172,340.6285990080796,4.236659972928464
zero_attempt_supplement,qwen38_27b_bf16,tsp_public,A,1a20d32aab67439dbaec,tsp225,True,,complete,False,5611,,43.28396322778345,223,223,0,223,,,,223,0,0,0,4.644271622179076,386.7151033252012,392.8908605009783,5.638214628910646
zero_attempt_supplement,qwen38_27b_bf16,tsp_public,A,2448ac56127dbfb1ee7e,bier127,True,,complete,False,169141,,42.99808931198323,125,125,0,125,,,,125,0,0,0,0.946529830340296,152.626734376885,154.11054056696594,1.315492674941197
zero_attempt_supplement,qwen38_27b_bf16,tsp_public,A,32a4d86692db8d853591,kroA100,True,,complete,False,27354,,28.531153087115875,98,98,0,98,,,,98,0,0,0,0.4356505477335304,108.33090118854307,109.08499167882837,0.7318983830045909
zero_attempt_supplement,qwen38_27b_bf16,tsp_public,A,60f6300678dd72dc82e5,kroA150,True,,complete,False,42357,,59.6931081284874,148,148,0,148,,,,148,0,0,0,1.485867994138971,196.90665066428483,199.10483130905777,1.9700810031499714
zero_attempt_supplement,qwen38_27b_bf16,tsp_public,A,6d21d1a66f187f5f7035,kroB200,True,,complete,False,44171,,50.05265482216259,198,198,0,198,,,,198,0,0,0,3.3938393644057214,329.00157770956866,333.59859754284844,4.119246610207483
zero_attempt_supplement,qwen38_27b_bf16,tsp_public,A,74327333c84cc9c9fce9,kroB200,True,,complete,False,45276,,53.806434079559736,198,198,0,198,,,,198,0,0,0,3.3442551284097135,331.11338623426855,335.65154829621315,4.1547847429756075
zero_attempt_supplement,qwen38_27b_bf16,tsp_public,A,7482ef052dd60cb7c2f0,kroA100,True,,complete,False,28145,,32.2479090311061,98,98,0,98,,,,98,0,0,0,0.48917566146701574,100.87679246417247,101.72866166010499,0.7323201368562877
zero_attempt_supplement,qwen38_27b_bf16,tsp_public,A,8a04cce0cc5004870e69,kroC100,True,,complete,False,27691,,33.457034073931275,98,98,0,98,,,,98,0,0,0,0.4896235140040517,110.71679666172713,111.5641635491047,0.745189914945513
zero_attempt_supplement,qwen38_27b_bf16,tsp_public,A,8ba7072288c2145a4cfd,tsp225,True,,complete,False,7107,,81.48621041879468,223,223,0,223,,,,223,0,0,0,4.651132625062019,374.3366482849233,380.52052806294523,5.643013815861195
zero_attempt_supplement,qwen38_27b_bf16,tsp_public,A,9d28b5267d7a888ca8ad,kroA150,True,,complete,False,40762,,53.67968632182175,148,148,0,148,,,,148,0,0,0,1.4902144367806613,191.27384542580694,193.47370625799522,2.007546850014478
zero_attempt_supplement,qwen38_27b_bf16,tsp_public,A,b4e30346b4fe00bc1b40,kroC100,True,,complete,False,30651,,47.72278182081064,98,98,0,98,,,,98,0,0,0,0.4717094739899039,105.90637676417828,106.72429476981051,0.7065770940389484
zero_attempt_supplement,qwen38_27b_bf16,tsp_public,A,b9db0e2302f251b2cb8b,kroB100,True,,complete,False,29434,,32.938891648977005,98,98,0,98,,,,98,0,0,0,0.5037656505592167,109.8592977989465,110.72991573507898,0.7255388118792325
zero_attempt_supplement,qwen38_27b_bf16,tsp_public,A,c4a1ab4447bdf3dade04,kroA100,True,,complete,False,31920,,49.98590358049056,98,98,0,98,,,,98,0,0,0,0.46772943111136556,100.86966748791747,101.6867174510844,0.7337764329276979
zero_attempt_supplement,qwen38_27b_bf16,tsp_public,A,d5cf18645ce3212f5314,bier127,True,,complete,False,180012,,52.18883684753386,125,125,0,125,,,,125,0,0,0,0.8673928454518318,149.8901453446597,151.26124428701587,1.2778630759567022
zero_attempt_supplement,qwen38_27b_bf16,tsp_public,A,da0bb64096b3ee6b6b8d,bier127,True,,complete,False,190365,,60.94164792614261,125,125,0,125,,,,125,0,0,0,0.8899423077236861,157.36139853391796,158.77646542014554,1.2862139448989183
zero_attempt_supplement,qwen38_27b_bf16,tsp_public,B,044225a6f2e770ef55e2,kroB200,True,,complete,False,43541,,47.91249108265109,119,119,79,119,,,,119,0,0,0,0.22225972940213978,102.2314969766885,103.07837200909853,0.701647361041978
zero_attempt_supplement,qwen38_27b_bf16,tsp_public,B,121d82f7209f92abacaa,kroB100,True,,complete,False,32870,,48.45761257395782,56,56,42,56,,,,56,0,0,0,0.06298547913320363,46.799586057662964,47.05310023203492,0.21687892801128328
zero_attempt_supplement,qwen38_27b_bf16,tsp_public,B,2448ac56127dbfb1ee7e,bier127,True,,complete,False,154581,,30.6885240357789,69,69,56,69,,,,69,0,0,0,0.09222270967438817,60.00540368561633,60.37059180182405,0.30179620906710625
zero_attempt_supplement,qwen38_27b_bf16,tsp_public,B,2be759485bc70e8c2517,kroA150,True,,complete,False,34213,,28.988840295581358,89,89,59,89,,,,89,0,0,0,0.10615490027703345,72.5346797069069,72.95716047799215,0.4233894539065659
zero_attempt_supplement,qwen38_27b_bf16,tsp_public,B,60f6300678dd72dc82e5,kroA150,True,,complete,False,36463,,37.471723721912234,83,83,65,83,,,,83,0,0,0,0.1331266383640468,73.91148278093897,74.41255116602406,0.3878427029121667
zero_attempt_supplement,qwen38_27b_bf16,tsp_public,B,6d21d1a66f187f5f7035,kroB200,True,,complete,False,42957,,45.92859326697693,111,111,87,111,,,,111,0,0,0,0.2159084607847035,98.16253993357532,98.96307928301394,0.6983682760037482
zero_attempt_supplement,qwen38_27b_bf16,tsp_public,B,74327333c84cc9c9fce9,kroB200,True,,complete,False,41372,,40.544213065190064,102,102,96,102,,,,102,0,0,0,0.20372017938643694,100.28218462900259,101.02311271894723,0.6154344689566642
zero_attempt_supplement,qwen38_27b_bf16,tsp_public,B,7482ef052dd60cb7c2f0,kroA100,True,,complete,False,30743,,44.455408326285124,60,60,38,60,,,,60,0,0,0,0.06576037220656872,42.933236110024154,43.19889693893492,0.21332173515111208
zero_attempt_supplement,qwen38_27b_bf16,tsp_public,B,8a04cce0cc5004870e69,kroC100,True,,complete,False,30096,,45.04795411827076,54,54,44,54,,,,54,0,0,0,0.05637436080724001,46.9362299463246,47.15760375303216,0.21762272017076612
zero_attempt_supplement,qwen38_27b_bf16,tsp_public,B,8ba7072288c2145a4cfd,tsp225,True,,complete,False,5542,,41.521961184882535,115,115,108,115,,,,115,0,0,0,0.26171844941563904,106.44419720419683,107.41568476916291,0.7770863259211183
zero_attempt_supplement,qwen38_27b_bf16,tsp_public,B,9d28b5267d7a888ca8ad,kroA150,True,,complete,False,34335,,29.44880108580908,90,90,58,90,,,,90,0,0,0,0.13686274318024516,72.04983774852008,72.5587554029189,0.4426987678743899
zero_attempt_supplement,qwen38_27b_bf16,tsp_public,B,c4a1ab4447bdf3dade04,kroA100,True,,complete,False,28042,,31.763931961281834,55,55,43,55,,,,55,0,0,0,0.06148791895247996,41.775345540372655,42.028731368947774,0.16407226189039648
zero_attempt_supplement,qwen38_27b_bf16,tsp_public,B,d5cf18645ce3212f5314,bier127,True,,complete,False,160463,,35.661385502443316,73,73,52,73,,,,73,0,0,0,0.09525717422366142,60.84128574025817,61.199333228869364,0.339440586976707
zero_attempt_supplement,qwen38_27b_bf16,tsp_public,B,da0bb64096b3ee6b6b8d,bier127,True,,complete,False,163844,,38.519808593023456,78,78,47,78,,,,78,0,0,0,0.10116387601010501,62.41592355258763,62.820267003029585,0.3364446531049907
zero_attempt_supplement,qwen38_27b_bf16,tsp_public,C,121d82f7209f92abacaa,kroB100,True,,complete,False,30332,,36.994715685831714,57,57,41,57,,,,57,0,0,0,0.06361624062992632,45.83784634131007,46.0898156859912,0.2181815670337528
zero_attempt_supplement,qwen38_27b_bf16,tsp_public,C,2448ac56127dbfb1ee7e,bier127,True,,complete,False,154719,,30.80519436600666,71,71,54,71,,,,71,0,0,0,0.09564847312867641,60.70649646129459,61.07358314609155,0.3233495729509741
zero_attempt_supplement,qwen38_27b_bf16,tsp_public,C,2bb94d12a8bd02f6cf08,tsp225,True,,complete,False,4847,,23.77425944841675,115,115,108,115,,,,115,0,0,0,0.263330839574337,120.9509569471702,121.92577870190144,0.838225255953148
zero_attempt_supplement,qwen38_27b_bf16,tsp_public,C,2be759485bc70e8c2517,kroA150,True,,complete,False,31400,,18.383350927461922,80,80,68,80,,,,80,0,0,0,0.1269344100728631,73.76400824310258,74.26948489597999,0.40477459388785064
zero_attempt_supplement,qwen38_27b_bf16,tsp_public,C,32a4d86692db8d853591,kroA100,True,,complete,False,25129,,18.076308617611126,47,47,51,47,,,,47,0,0,0,0.04439250589348376,39.80659396620467,39.9818424989935,0.1926005210261792
zero_attempt_supplement,qwen38_27b_bf16,tsp_public,C,47e8ae743e5114e85867,kroB100,True,,complete,False,29039,,31.154871053701278,48,48,50,48,,,,48,0,0,0,0.05807254696264863,39.22723768604919,39.45859685004689,0.19281652988865972
zero_attempt_supplement,qwen38_27b_bf16,tsp_public,C,60f6300678dd72dc82e5,kroA150,True,,complete,False,34352,,29.512893982808023,69,69,79,69,,,,69,0,0,0,0.11612609541043639,61.975241685751826,62.42792024300434,0.3517363308928907
zero_attempt_supplement,qwen38_27b_bf16,tsp_public,C,6d21d1a66f187f5f7035,kroB200,True,,complete,False,37173,,26.279851887080884,102,102,96,102,,,,102,0,0,0,0.1934558474458754,99.72056172927842,100.4341920921579,0.6499262799043208
zero_attempt_supplement,qwen38_27b_bf16,tsp_public,C,74327333c84cc9c9fce9,kroB200,True,,complete,False,36930,,25.45436015898359,102,102,96,102,,,,102,0,0,0,0.20819608378224075,107.26271282695234,108.03813903196715,0.6387274020817131
zero_attempt_supplement,qwen38_27b_bf16,tsp_public,C,7482ef052dd60cb7c2f0,kroA100,True,,complete,False,25505,,19.843059862794853,57,57,41,57,,,,57,0,0,0,0.062417424749583006,50.06939628603868,50.31047237990424,0.2169535281136632
zero_attempt_supplement,qwen38_27b_bf16,tsp_public,C,8a04cce0cc5004870e69,kroC100,True,,complete,False,25546,,23.11918646681768,41,41,57,41,,,,41,0,0,0,0.05324323521926999,38.754287499701604,38.96220076014288,0.17422394291497767
zero_attempt_supplement,qwen38_27b_bf16,tsp_public,C,8ba7072288c2145a4cfd,tsp225,True,,complete,False,5638,,43.97344228804903,119,119,104,119,,,,119,0,0,0,0.27148823253810406,127.4904508520849,128.49793176609091,0.8589395000599325
zero_attempt_supplement,qwen38_27b_bf16,tsp_public,C,8ce2bcba3b1364fdcc77,kroC100,True,,complete,False,27612,,33.07629283338956,49,49,49,49,,,,49,0,0,0,0.058137566316872835,45.630415936000645,45.86763407289982,0.1939352909103036
zero_attempt_supplement,qwen38_27b_bf16,tsp_public,C,9d28b5267d7a888ca8ad,kroA150,True,,complete,False,32029,,20.754788116422862,87,87,61,87,,,,87,0,0,0,0.13404505793005228,73.67810603836551,74.20096848788671,0.4323936610016972
zero_attempt_supplement,qwen38_27b_bf16,tsp_public,C,c4a1ab4447bdf3dade04,kroA100,True,,complete,False,25531,,19.9652288318767,44,44,54,44,,,,44,0,0,0,0.053135477704927325,37.34815851342864,37.55798289808445,0.19244963908568025
zero_attempt_supplement,qwen38_27b_bf16,tsp_public,C,d5cf18645ce3212f5314,bier127,True,,complete,False,153502,,29.7762973233459,69,69,56,69,,,,69,0,0,0,0.09054649970494211,56.146477576345205,56.50982859591022,0.30806421488523483
zero_attempt_supplement,qwen38_27b_bf16,tsp_public,C,da0bb64096b3ee6b6b8d,bier127,True,,complete,False,152182,,28.660320251602105,73,73,52,73,,,,73,0,0,0,0.09916438534855843,61.766629352932796,62.164506738074124,0.31604998582042754
zero_attempt_supplement,qwen4_grammar,community_bipartition_construct,B,s-44a4d071e06851bcc4d0dcaad3e60b37,s-44a4d071e06851bcc4d0dcaad3e60b37,True,,complete,False,0.1,0.19999999999999998,,5,5,6,5,,,,5,0,0,0,0.005046526901423931,0.725563693093136,0.7406689969357103,0.011602090205997229
zero_attempt_supplement,qwen4_grammar,lt_influence_construct,B,s-95c3b9b4137157429b2ff865d081f06c,s-95c3b9b4137157429b2ff865d081f06c,True,,complete,False,4,1,,1,1,1,1,,,,1,0,0,0,0.000542535912245512,0.14762722491286695,0.15002701501362026,0.001658319029957056
zero_attempt_supplement,qwen4_grammar,maxcut_public,A,bb5744a2d86035a3dc08,sg3dl057000,True,,complete,False,-2,,101.78571428571428,124,124,0,124,,,,124,0,0,0,0.4662601344753057,16.620084534632042,17.733556600054726,1.0340408200863749
zero_attempt_supplement,qwen4_grammar,tsp_construct,C,s-54e0e831e147d0a47f36432412b5cf78,s-54e0e831e147d0a47f36432412b5cf78,True,,complete,False,182,0,,5,5,5,5,,,,5,0,0,0,0.007052108412608504,0.8933734910096973,0.9123418550007045,0.031034549931064248
zero_attempt_supplement,qwen4_grammar,tsp_construct,C,s-55b8703b50f98d64f4932b566c5d1989,s-55b8703b50f98d64f4932b566c5d1989,True,,complete,False,152,0,,1,1,6,1,,,,1,0,0,0,0.003106361022219062,0.16899964003823698,0.1774711690377444,0.006721687037497759
zero_attempt_supplement,qwen4_grammar,tsp_public,C,da0bb64096b3ee6b6b8d,bier127,True,,complete,False,160003,,35.27248440168411,76,76,49,76,,,,76,0,0,0,0.1016729581169784,17.110708654858172,17.50724527100101,0.3424335310701281
