task,instance_id,graph_id,method,seed,objective,absolute_gap,percentage_gap,forced_steps,wall_seconds
community_bipartition_construct,s-076c5b9aa1296dc89e08869eb4ee702f,s-076c5b9aa1296dc89e08869eb4ee702f,assigned_gain,20261003,0.4861111111111111,0.0,,2,0.0016352199018001556
community_bipartition_construct,s-076c5b9aa1296dc89e08869eb4ee702f,s-076c5b9aa1296dc89e08869eb4ee702f,classical,20261003,0.0,0.4861111111111111,,0,0.0002851290628314018
community_bipartition_construct,s-076c5b9aa1296dc89e08869eb4ee702f,s-076c5b9aa1296dc89e08869eb4ee702f,degree_balance,20261003,-0.08680555555555555,0.5729166666666666,,4,0.0015117160510271788
community_bipartition_construct,s-076c5b9aa1296dc89e08869eb4ee702f,s-076c5b9aa1296dc89e08869eb4ee702f,greedy_completion,20261003,0.4861111111111111,0.0,,4,0.0015086259227246046
community_bipartition_construct,s-076c5b9aa1296dc89e08869eb4ee702f,s-076c5b9aa1296dc89e08869eb4ee702f,opposite_completion,20261003,0.2465277777777778,0.23958333333333331,,4,0.0015458769630640745
community_bipartition_construct,s-076c5b9aa1296dc89e08869eb4ee702f,s-076c5b9aa1296dc89e08869eb4ee702f,random_candidate,1101,0.0798611111111111,0.40625,,4,0.0015177370514720678
community_bipartition_construct,s-076c5b9aa1296dc89e08869eb4ee702f,s-076c5b9aa1296dc89e08869eb4ee702f,random_candidate,1102,0.2465277777777778,0.23958333333333331,,4,0.001544978003948927
community_bipartition_construct,s-076c5b9aa1296dc89e08869eb4ee702f,s-076c5b9aa1296dc89e08869eb4ee702f,random_candidate,1103,0.0798611111111111,0.40625,,4,0.001518856966868043
community_bipartition_construct,s-076c5b9aa1296dc89e08869eb4ee702f,s-076c5b9aa1296dc89e08869eb4ee702f,random_candidate,1104,0.0798611111111111,0.40625,,3,0.0015773291233927011
community_bipartition_construct,s-076c5b9aa1296dc89e08869eb4ee702f,s-076c5b9aa1296dc89e08869eb4ee702f,random_candidate,1105,0.4131944444444444,0.07291666666666669,,5,0.001458844868466258
community_bipartition_construct,s-0b879fab44ede457b26b0238ac68c797,s-0b879fab44ede457b26b0238ac68c797,assigned_gain,20261003,0.15122873345935728,0.06427221172022685,,2,0.0019811908714473248
community_bipartition_construct,s-0b879fab44ede457b26b0238ac68c797,s-0b879fab44ede457b26b0238ac68c797,classical,20261003,0.0,0.21550094517958412,,0,0.000359490979462862
community_bipartition_construct,s-0b879fab44ede457b26b0238ac68c797,s-0b879fab44ede457b26b0238ac68c797,degree_balance,20261003,-0.022684310018903593,0.2381852551984877,,6,0.0016773510724306107
community_bipartition_construct,s-0b879fab44ede457b26b0238ac68c797,s-0b879fab44ede457b26b0238ac68c797,greedy_completion,20261003,0.16257088846880907,0.05293005671077505,,4,0.0018120759632438421
community_bipartition_construct,s-0b879fab44ede457b26b0238ac68c797,s-0b879fab44ede457b26b0238ac68c797,opposite_completion,20261003,0.16162570888468808,0.053875236294896045,,3,0.0019012878183275461
community_bipartition_construct,s-0b879fab44ede457b26b0238ac68c797,s-0b879fab44ede457b26b0238ac68c797,random_candidate,1101,-0.11720226843100189,0.332703213610586,,2,0.001994010992348194
community_bipartition_construct,s-0b879fab44ede457b26b0238ac68c797,s-0b879fab44ede457b26b0238ac68c797,random_candidate,1102,0.021739130434782608,0.19376181474480153,,4,0.0018456459511071444
community_bipartition_construct,s-0b879fab44ede457b26b0238ac68c797,s-0b879fab44ede457b26b0238ac68c797,random_candidate,1103,-0.11720226843100189,0.332703213610586,,2,0.001997290877625346
community_bipartition_construct,s-0b879fab44ede457b26b0238ac68c797,s-0b879fab44ede457b26b0238ac68c797,random_candidate,1104,0.017958412098298678,0.19754253308128544,,3,0.001948098884895444
community_bipartition_construct,s-0b879fab44ede457b26b0238ac68c797,s-0b879fab44ede457b26b0238ac68c797,random_candidate,1105,-0.06899810964083176,0.2844990548204159,,2,0.0020010219886898994
community_bipartition_construct,s-137c103bc1781312d024170443108089,s-137c103bc1781312d024170443108089,assigned_gain,20261003,0.3046875,0.115234375,,3,0.0019071479327976704
community_bipartition_construct,s-137c103bc1781312d024170443108089,s-137c103bc1781312d024170443108089,classical,20261003,0.0,0.419921875,,0,0.0003432310186326504
community_bipartition_construct,s-137c103bc1781312d024170443108089,s-137c103bc1781312d024170443108089,degree_balance,20261003,-0.125,0.544921875,,4,0.0018380258698016405
community_bipartition_construct,s-137c103bc1781312d024170443108089,s-137c103bc1781312d024170443108089,greedy_completion,20261003,0.419921875,0.0,,3,0.0019055879674851894
community_bipartition_construct,s-137c103bc1781312d024170443108089,s-137c103bc1781312d024170443108089,opposite_completion,20261003,0.3046875,0.115234375,,3,0.0019032780546694994
community_bipartition_construct,s-137c103bc1781312d024170443108089,s-137c103bc1781312d024170443108089,random_candidate,1101,0.060546875,0.359375,,4,0.0018336658831685781
community_bipartition_construct,s-137c103bc1781312d024170443108089,s-137c103bc1781312d024170443108089,random_candidate,1102,0.279296875,0.140625,,3,0.0019020680338144302
community_bipartition_construct,s-137c103bc1781312d024170443108089,s-137c103bc1781312d024170443108089,random_candidate,1103,0.0,0.419921875,,3,0.0019531389698386192
community_bipartition_construct,s-137c103bc1781312d024170443108089,s-137c103bc1781312d024170443108089,random_candidate,1104,0.21875,0.201171875,,4,0.0018571971450001001
community_bipartition_construct,s-137c103bc1781312d024170443108089,s-137c103bc1781312d024170443108089,random_candidate,1105,0.185546875,0.234375,,4,0.001867637038230896
community_bipartition_construct,s-1eacf0b01f046a2a83bf692b8ced114b,s-1eacf0b01f046a2a83bf692b8ced114b,assigned_gain,20261003,0.3129251700680272,0.0,,4,0.0020057009533047676
community_bipartition_construct,s-1eacf0b01f046a2a83bf692b8ced114b,s-1eacf0b01f046a2a83bf692b8ced114b,classical,20261003,0.0,0.3129251700680272,,0,0.0003490310627967119
community_bipartition_construct,s-1eacf0b01f046a2a83bf692b8ced114b,s-1eacf0b01f046a2a83bf692b8ced114b,degree_balance,20261003,0.022675736961451247,0.29024943310657597,,7,0.0017710949759930372
community_bipartition_construct,s-1eacf0b01f046a2a83bf692b8ced114b,s-1eacf0b01f046a2a83bf692b8ced114b,greedy_completion,20261003,0.3129251700680272,0.0,,4,0.0019955909810960293
community_bipartition_construct,s-1eacf0b01f046a2a83bf692b8ced114b,s-1eacf0b01f046a2a83bf692b8ced114b,opposite_completion,20261003,0.11791383219954649,0.19501133786848074,,7,0.0017649149522185326
community_bipartition_construct,s-1eacf0b01f046a2a83bf692b8ced114b,s-1eacf0b01f046a2a83bf692b8ced114b,random_candidate,1101,0.013605442176870748,0.29931972789115646,,6,0.0018576369620859623
community_bipartition_construct,s-1eacf0b01f046a2a83bf692b8ced114b,s-1eacf0b01f046a2a83bf692b8ced114b,random_candidate,1102,0.022675736961451247,0.29024943310657597,,7,0.0017849849537014961
community_bipartition_construct,s-1eacf0b01f046a2a83bf692b8ced114b,s-1eacf0b01f046a2a83bf692b8ced114b,random_candidate,1103,0.022675736961451247,0.29024943310657597,,7,0.0017848338466137648
community_bipartition_construct,s-1eacf0b01f046a2a83bf692b8ced114b,s-1eacf0b01f046a2a83bf692b8ced114b,random_candidate,1104,0.022675736961451247,0.29024943310657597,,6,0.0018515069968998432
community_bipartition_construct,s-1eacf0b01f046a2a83bf692b8ced114b,s-1eacf0b01f046a2a83bf692b8ced114b,random_candidate,1105,0.022675736961451247,0.29024943310657597,,7,0.0017734239809215069
community_bipartition_construct,s-2370ace159e27c39576743382957ccae,s-2370ace159e27c39576743382957ccae,assigned_gain,20261003,0.3165680473372781,0.0,,2,0.0012838891707360744
community_bipartition_construct,s-2370ace159e27c39576743382957ccae,s-2370ace159e27c39576743382957ccae,classical,20261003,0.0,0.3165680473372781,,0,0.0002483779098838568
community_bipartition_construct,s-2370ace159e27c39576743382957ccae,s-2370ace159e27c39576743382957ccae,degree_balance,20261003,0.03550295857988166,0.28106508875739644,,5,0.0010735129471868277
community_bipartition_construct,s-2370ace159e27c39576743382957ccae,s-2370ace159e27c39576743382957ccae,greedy_completion,20261003,0.3165680473372781,0.0,,2,0.00126929790712893
community_bipartition_construct,s-2370ace159e27c39576743382957ccae,s-2370ace159e27c39576743382957ccae,opposite_completion,20261003,0.047337278106508875,0.2692307692307692,,3,0.0012453778181225061
community_bipartition_construct,s-2370ace159e27c39576743382957ccae,s-2370ace159e27c39576743382957ccae,random_candidate,1101,0.011834319526627219,0.3047337278106509,,3,0.0012122879270464182
community_bipartition_construct,s-2370ace159e27c39576743382957ccae,s-2370ace159e27c39576743382957ccae,random_candidate,1102,0.1893491124260355,0.12721893491124261,,4,0.0011561859864741564
community_bipartition_construct,s-2370ace159e27c39576743382957ccae,s-2370ace159e27c39576743382957ccae,random_candidate,1103,0.011834319526627219,0.3047337278106509,,3,0.001230817986652255
community_bipartition_construct,s-2370ace159e27c39576743382957ccae,s-2370ace159e27c39576743382957ccae,random_candidate,1104,0.03550295857988166,0.28106508875739644,,5,0.0011464059352874756
community_bipartition_construct,s-2370ace159e27c39576743382957ccae,s-2370ace159e27c39576743382957ccae,random_candidate,1105,0.011834319526627219,0.3047337278106509,,3,0.0012092769611626863
community_bipartition_construct,s-282332a557e7eee0a8a77de6446d5c94,s-282332a557e7eee0a8a77de6446d5c94,assigned_gain,20261003,0.2770083102493075,0.0,,3,0.001390662044286728
community_bipartition_construct,s-282332a557e7eee0a8a77de6446d5c94,s-282332a557e7eee0a8a77de6446d5c94,classical,20261003,0.0,0.2770083102493075,,0,0.0002473571803420782
community_bipartition_construct,s-282332a557e7eee0a8a77de6446d5c94,s-282332a557e7eee0a8a77de6446d5c94,degree_balance,20261003,-0.027700831024930747,0.30470914127423826,,3,0.0013647619634866714
community_bipartition_construct,s-282332a557e7eee0a8a77de6446d5c94,s-282332a557e7eee0a8a77de6446d5c94,greedy_completion,20261003,0.2770083102493075,0.0,,3,0.0013293710071593523
community_bipartition_construct,s-282332a557e7eee0a8a77de6446d5c94,s-282332a557e7eee0a8a77de6446d5c94,opposite_completion,20261003,0.01662049861495845,0.26038781163434904,,3,0.0013933130539953709
community_bipartition_construct,s-282332a557e7eee0a8a77de6446d5c94,s-282332a557e7eee0a8a77de6446d5c94,random_candidate,1101,0.1260387811634349,0.1509695290858726,,2,0.0014269428793340921
community_bipartition_construct,s-282332a557e7eee0a8a77de6446d5c94,s-282332a557e7eee0a8a77de6446d5c94,random_candidate,1102,0.18282548476454294,0.09418282548476456,,3,0.0013430810067802668
community_bipartition_construct,s-282332a557e7eee0a8a77de6446d5c94,s-282332a557e7eee0a8a77de6446d5c94,random_candidate,1103,0.1260387811634349,0.1509695290858726,,2,0.001458803890272975
community_bipartition_construct,s-282332a557e7eee0a8a77de6446d5c94,s-282332a557e7eee0a8a77de6446d5c94,random_candidate,1104,0.11634349030470914,0.16066481994459836,,3,0.0014136428944766521
community_bipartition_construct,s-282332a557e7eee0a8a77de6446d5c94,s-282332a557e7eee0a8a77de6446d5c94,random_candidate,1105,0.02077562326869806,0.2562326869806094,,2,0.0014414540491998196
community_bipartition_construct,s-2e758f9fe02084c5cf14bfae08eb34c1,s-2e758f9fe02084c5cf14bfae08eb34c1,assigned_gain,20261003,0.47337278106508873,0.0,,5,0.0017066430300474167
community_bipartition_construct,s-2e758f9fe02084c5cf14bfae08eb34c1,s-2e758f9fe02084c5cf14bfae08eb34c1,classical,20261003,0.0,0.47337278106508873,,0,0.00032712100073695183
community_bipartition_construct,s-2e758f9fe02084c5cf14bfae08eb34c1,s-2e758f9fe02084c5cf14bfae08eb34c1,degree_balance,20261003,-0.19230769230769232,0.665680473372781,,4,0.001769983908161521
community_bipartition_construct,s-2e758f9fe02084c5cf14bfae08eb34c1,s-2e758f9fe02084c5cf14bfae08eb34c1,greedy_completion,20261003,0.47337278106508873,0.0,,5,0.001680241897702217
community_bipartition_construct,s-2e758f9fe02084c5cf14bfae08eb34c1,s-2e758f9fe02084c5cf14bfae08eb34c1,opposite_completion,20261003,0.27218934911242604,0.2011834319526627,,5,0.0016867110971361399
community_bipartition_construct,s-2e758f9fe02084c5cf14bfae08eb34c1,s-2e758f9fe02084c5cf14bfae08eb34c1,random_candidate,1101,-0.11834319526627218,0.5917159763313609,,5,0.001717922044917941
community_bipartition_construct,s-2e758f9fe02084c5cf14bfae08eb34c1,s-2e758f9fe02084c5cf14bfae08eb34c1,random_candidate,1102,-0.038461538461538464,0.5118343195266272,,6,0.0016162400133907795
community_bipartition_construct,s-2e758f9fe02084c5cf14bfae08eb34c1,s-2e758f9fe02084c5cf14bfae08eb34c1,random_candidate,1103,0.03550295857988166,0.43786982248520706,,4,0.0017892851028591394
community_bipartition_construct,s-2e758f9fe02084c5cf14bfae08eb34c1,s-2e758f9fe02084c5cf14bfae08eb34c1,random_candidate,1104,-0.038461538461538464,0.5118343195266272,,6,0.0016286098398268223
community_bipartition_construct,s-2e758f9fe02084c5cf14bfae08eb34c1,s-2e758f9fe02084c5cf14bfae08eb34c1,random_candidate,1105,-0.11834319526627218,0.5917159763313609,,4,0.001753553980961442
community_bipartition_construct,s-2f7a434f40b3b2a82802b49cd7a04eb8,s-2f7a434f40b3b2a82802b49cd7a04eb8,assigned_gain,20261003,0.257396449704142,0.011834319526627224,,7,0.0009715999476611614
community_bipartition_construct,s-2f7a434f40b3b2a82802b49cd7a04eb8,s-2f7a434f40b3b2a82802b49cd7a04eb8,classical,20261003,0.0,0.2692307692307692,,0,0.00025584688410162926
community_bipartition_construct,s-2f7a434f40b3b2a82802b49cd7a04eb8,s-2f7a434f40b3b2a82802b49cd7a04eb8,degree_balance,20261003,-0.05029585798816568,0.3195266272189349,,5,0.0010999941732734442
community_bipartition_construct,s-2f7a434f40b3b2a82802b49cd7a04eb8,s-2f7a434f40b3b2a82802b49cd7a04eb8,greedy_completion,20261003,0.257396449704142,0.011834319526627224,,7,0.000941739184781909
community_bipartition_construct,s-2f7a434f40b3b2a82802b49cd7a04eb8,s-2f7a434f40b3b2a82802b49cd7a04eb8,opposite_completion,20261003,0.257396449704142,0.011834319526627224,,7,0.0009421089198440313
community_bipartition_construct,s-2f7a434f40b3b2a82802b49cd7a04eb8,s-2f7a434f40b3b2a82802b49cd7a04eb8,random_candidate,1101,0.257396449704142,0.011834319526627224,,7,0.0009455690160393715
community_bipartition_construct,s-2f7a434f40b3b2a82802b49cd7a04eb8,s-2f7a434f40b3b2a82802b49cd7a04eb8,random_candidate,1102,-0.05029585798816568,0.3195266272189349,,5,0.001103533897548914
community_bipartition_construct,s-2f7a434f40b3b2a82802b49cd7a04eb8,s-2f7a434f40b3b2a82802b49cd7a04eb8,random_candidate,1103,0.257396449704142,0.011834319526627224,,7,0.0009806999005377293
community_bipartition_construct,s-2f7a434f40b3b2a82802b49cd7a04eb8,s-2f7a434f40b3b2a82802b49cd7a04eb8,random_candidate,1104,0.257396449704142,0.011834319526627224,,7,0.0009427990298718214
community_bipartition_construct,s-2f7a434f40b3b2a82802b49cd7a04eb8,s-2f7a434f40b3b2a82802b49cd7a04eb8,random_candidate,1105,0.257396449704142,0.011834319526627224,,7,0.0009411589708179235
community_bipartition_construct,s-3b28c938ddcef434c793080d1248a9fc,s-3b28c938ddcef434c793080d1248a9fc,assigned_gain,20261003,0.0546875,0.380859375,,1,0.0016913418658077717
community_bipartition_construct,s-3b28c938ddcef434c793080d1248a9fc,s-3b28c938ddcef434c793080d1248a9fc,classical,20261003,0.0,0.435546875,,0,0.0002713180147111416
community_bipartition_construct,s-3b28c938ddcef434c793080d1248a9fc,s-3b28c938ddcef434c793080d1248a9fc,degree_balance,20261003,-0.064453125,0.5,,1,0.0016229189932346344
community_bipartition_construct,s-3b28c938ddcef434c793080d1248a9fc,s-3b28c938ddcef434c793080d1248a9fc,greedy_completion,20261003,0.435546875,0.0,,2,0.0015481880400329828
community_bipartition_construct,s-3b28c938ddcef434c793080d1248a9fc,s-3b28c938ddcef434c793080d1248a9fc,opposite_completion,20261003,0.185546875,0.25,,4,0.0014146328903734684
community_bipartition_construct,s-3b28c938ddcef434c793080d1248a9fc,s-3b28c938ddcef434c793080d1248a9fc,random_candidate,1101,0.044921875,0.390625,,4,0.0014091429766267538
community_bipartition_construct,s-3b28c938ddcef434c793080d1248a9fc,s-3b28c938ddcef434c793080d1248a9fc,random_candidate,1102,0.060546875,0.375,,2,0.0015515079721808434
community_bipartition_construct,s-3b28c938ddcef434c793080d1248a9fc,s-3b28c938ddcef434c793080d1248a9fc,random_candidate,1103,0.044921875,0.390625,,4,0.001412383047863841
community_bipartition_construct,s-3b28c938ddcef434c793080d1248a9fc,s-3b28c938ddcef434c793080d1248a9fc,random_candidate,1104,-0.064453125,0.5,,4,0.0014187328051775694
community_bipartition_construct,s-3b28c938ddcef434c793080d1248a9fc,s-3b28c938ddcef434c793080d1248a9fc,random_candidate,1105,0.125,0.310546875,,3,0.0014713651034981012
community_bipartition_construct,s-44a4d071e06851bcc4d0dcaad3e60b37,s-44a4d071e06851bcc4d0dcaad3e60b37,assigned_gain,20261003,0.295,0.0050000000000000044,,6,0.0018383460119366646
community_bipartition_construct,s-44a4d071e06851bcc4d0dcaad3e60b37,s-44a4d071e06851bcc4d0dcaad3e60b37,classical,20261003,0.0,0.3,,0,0.0003492599353194237
community_bipartition_construct,s-44a4d071e06851bcc4d0dcaad3e60b37,s-44a4d071e06851bcc4d0dcaad3e60b37,degree_balance,20261003,-0.15125,0.45125,,4,0.0019677600357681513
community_bipartition_construct,s-44a4d071e06851bcc4d0dcaad3e60b37,s-44a4d071e06851bcc4d0dcaad3e60b37,greedy_completion,20261003,0.3,0.0,,5,0.0019273089710623026
community_bipartition_construct,s-44a4d071e06851bcc4d0dcaad3e60b37,s-44a4d071e06851bcc4d0dcaad3e60b37,opposite_completion,20261003,0.295,0.0050000000000000044,,6,0.0018332658801227808
community_bipartition_construct,s-44a4d071e06851bcc4d0dcaad3e60b37,s-44a4d071e06851bcc4d0dcaad3e60b37,random_candidate,1101,-0.06125,0.36124999999999996,,3,0.002054002834483981
community_bipartition_construct,s-44a4d071e06851bcc4d0dcaad3e60b37,s-44a4d071e06851bcc4d0dcaad3e60b37,random_candidate,1102,0.1,0.19999999999999998,,6,0.0018260760698467493
community_bipartition_construct,s-44a4d071e06851bcc4d0dcaad3e60b37,s-44a4d071e06851bcc4d0dcaad3e60b37,random_candidate,1103,-0.06125,0.36124999999999996,,3,0.0020882338285446167
community_bipartition_construct,s-44a4d071e06851bcc4d0dcaad3e60b37,s-44a4d071e06851bcc4d0dcaad3e60b37,random_candidate,1104,0.03875,0.26125,,3,0.002043751999735832
community_bipartition_construct,s-44a4d071e06851bcc4d0dcaad3e60b37,s-44a4d071e06851bcc4d0dcaad3e60b37,random_candidate,1105,0.095,0.205,,5,0.001900767907500267
community_bipartition_construct,s-4a7eaac9cef0ee5cb55673dd74b84d26,s-4a7eaac9cef0ee5cb55673dd74b84d26,assigned_gain,20261003,0.2634297520661157,0.05475206611570249,,6,0.0019099481869488955
community_bipartition_construct,s-4a7eaac9cef0ee5cb55673dd74b84d26,s-4a7eaac9cef0ee5cb55673dd74b84d26,classical,20261003,0.0,0.3181818181818182,,0,0.00035737105645239353
community_bipartition_construct,s-4a7eaac9cef0ee5cb55673dd74b84d26,s-4a7eaac9cef0ee5cb55673dd74b84d26,degree_balance,20261003,0.04132231404958678,0.27685950413223137,,6,0.0019334692042320967
community_bipartition_construct,s-4a7eaac9cef0ee5cb55673dd74b84d26,s-4a7eaac9cef0ee5cb55673dd74b84d26,greedy_completion,20261003,0.3181818181818182,0.0,,6,0.0018927978817373514
community_bipartition_construct,s-4a7eaac9cef0ee5cb55673dd74b84d26,s-4a7eaac9cef0ee5cb55673dd74b84d26,opposite_completion,20261003,0.2634297520661157,0.05475206611570249,,6,0.0018779269885271788
community_bipartition_construct,s-4a7eaac9cef0ee5cb55673dd74b84d26,s-4a7eaac9cef0ee5cb55673dd74b84d26,random_candidate,1101,0.1322314049586777,0.1859504132231405,,7,0.0018589259125292301
community_bipartition_construct,s-4a7eaac9cef0ee5cb55673dd74b84d26,s-4a7eaac9cef0ee5cb55673dd74b84d26,random_candidate,1102,0.08161157024793389,0.2365702479338843,,6,0.0019017180893570185
community_bipartition_construct,s-4a7eaac9cef0ee5cb55673dd74b84d26,s-4a7eaac9cef0ee5cb55673dd74b84d26,random_candidate,1103,0.1322314049586777,0.1859504132231405,,7,0.001842716010287404
community_bipartition_construct,s-4a7eaac9cef0ee5cb55673dd74b84d26,s-4a7eaac9cef0ee5cb55673dd74b84d26,random_candidate,1104,0.2231404958677686,0.09504132231404958,,7,0.0018131060060113668
community_bipartition_construct,s-4a7eaac9cef0ee5cb55673dd74b84d26,s-4a7eaac9cef0ee5cb55673dd74b84d26,random_candidate,1105,0.1559917355371901,0.1621900826446281,,6,0.0018976880237460136
community_bipartition_construct,s-57fbe4c977c46813024a77f835045f9e,s-57fbe4c977c46813024a77f835045f9e,assigned_gain,20261003,0.30357142857142855,0.0,,4,0.002033072058111429
community_bipartition_construct,s-57fbe4c977c46813024a77f835045f9e,s-57fbe4c977c46813024a77f835045f9e,classical,20261003,0.0,0.30357142857142855,,0,0.0003344810102134943
community_bipartition_construct,s-57fbe4c977c46813024a77f835045f9e,s-57fbe4c977c46813024a77f835045f9e,degree_balance,20261003,-0.07142857142857142,0.375,,3,0.0020369431003928185
community_bipartition_construct,s-57fbe4c977c46813024a77f835045f9e,s-57fbe4c977c46813024a77f835045f9e,greedy_completion,20261003,0.30357142857142855,0.0,,4,0.001958840060979128
community_bipartition_construct,s-57fbe4c977c46813024a77f835045f9e,s-57fbe4c977c46813024a77f835045f9e,opposite_completion,20261003,0.17346938775510204,0.1301020408163265,,4,0.0019534090533852577
community_bipartition_construct,s-57fbe4c977c46813024a77f835045f9e,s-57fbe4c977c46813024a77f835045f9e,random_candidate,1101,0.17346938775510204,0.1301020408163265,,4,0.0019592889584600925
community_bipartition_construct,s-57fbe4c977c46813024a77f835045f9e,s-57fbe4c977c46813024a77f835045f9e,random_candidate,1102,0.19834183673469388,0.10522959183673466,,4,0.0019438301678746939
community_bipartition_construct,s-57fbe4c977c46813024a77f835045f9e,s-57fbe4c977c46813024a77f835045f9e,random_candidate,1103,0.10140306122448979,0.20216836734693877,,4,0.0019313490483909845
community_bipartition_construct,s-57fbe4c977c46813024a77f835045f9e,s-57fbe4c977c46813024a77f835045f9e,random_candidate,1104,0.10140306122448979,0.20216836734693877,,4,0.0019463999196887016
community_bipartition_construct,s-57fbe4c977c46813024a77f835045f9e,s-57fbe4c977c46813024a77f835045f9e,random_candidate,1105,0.10140306122448979,0.20216836734693877,,4,0.0019820111338049173
community_bipartition_construct,s-580374321117891f36a4ea3783abaf8f,s-580374321117891f36a4ea3783abaf8f,assigned_gain,20261003,0.03333333333333333,0.04666666666666667,,3,0.0010757329873740673
community_bipartition_construct,s-580374321117891f36a4ea3783abaf8f,s-580374321117891f36a4ea3783abaf8f,classical,20261003,0.0,0.08,,0,0.00020972592756152153
community_bipartition_construct,s-580374321117891f36a4ea3783abaf8f,s-580374321117891f36a4ea3783abaf8f,degree_balance,20261003,-0.1,0.18,,2,0.0011186939664185047
community_bipartition_construct,s-580374321117891f36a4ea3783abaf8f,s-580374321117891f36a4ea3783abaf8f,greedy_completion,20261003,0.07777777777777778,0.0022222222222222227,,2,0.0011433949694037437
community_bipartition_construct,s-580374321117891f36a4ea3783abaf8f,s-580374321117891f36a4ea3783abaf8f,opposite_completion,20261003,0.024444444444444446,0.05555555555555555,,3,0.0010604429990053177
community_bipartition_construct,s-580374321117891f36a4ea3783abaf8f,s-580374321117891f36a4ea3783abaf8f,random_candidate,1101,0.03333333333333333,0.04666666666666667,,3,0.0010596229694783688
community_bipartition_construct,s-580374321117891f36a4ea3783abaf8f,s-580374321117891f36a4ea3783abaf8f,random_candidate,1102,-0.0022222222222222222,0.08222222222222222,,2,0.0011168040800839663
community_bipartition_construct,s-580374321117891f36a4ea3783abaf8f,s-580374321117891f36a4ea3783abaf8f,random_candidate,1103,0.03333333333333333,0.04666666666666667,,3,0.001061132876202464
community_bipartition_construct,s-580374321117891f36a4ea3783abaf8f,s-580374321117891f36a4ea3783abaf8f,random_candidate,1104,-0.035555555555555556,0.11555555555555555,,2,0.0011245750356465578
community_bipartition_construct,s-580374321117891f36a4ea3783abaf8f,s-580374321117891f36a4ea3783abaf8f,random_candidate,1105,-0.035555555555555556,0.11555555555555555,,3,0.001053021987900138
community_bipartition_construct,s-5a5f784985bdb253f1405d3d4e3d4693,s-5a5f784985bdb253f1405d3d4e3d4693,assigned_gain,20261003,0.22189349112426035,0.05029585798816569,,2,0.0012658480554819107
community_bipartition_construct,s-5a5f784985bdb253f1405d3d4e3d4693,s-5a5f784985bdb253f1405d3d4e3d4693,classical,20261003,0.0,0.27218934911242604,,0,0.00023893709294497967
community_bipartition_construct,s-5a5f784985bdb253f1405d3d4e3d4693,s-5a5f784985bdb253f1405d3d4e3d4693,degree_balance,20261003,-0.19230769230769232,0.4644970414201184,,1,0.0013188209850341082
community_bipartition_construct,s-5a5f784985bdb253f1405d3d4e3d4693,s-5a5f784985bdb253f1405d3d4e3d4693,greedy_completion,20261003,0.27218934911242604,0.0,,3,0.0012194670271128416
community_bipartition_construct,s-5a5f784985bdb253f1405d3d4e3d4693,s-5a5f784985bdb253f1405d3d4e3d4693,opposite_completion,20261003,0.03550295857988166,0.23668639053254437,,3,0.0011969469487667084
community_bipartition_construct,s-5a5f784985bdb253f1405d3d4e3d4693,s-5a5f784985bdb253f1405d3d4e3d4693,random_candidate,1101,0.06804733727810651,0.20414201183431951,,3,0.0012601488269865513
community_bipartition_construct,s-5a5f784985bdb253f1405d3d4e3d4693,s-5a5f784985bdb253f1405d3d4e3d4693,random_candidate,1102,-0.038461538461538464,0.31065088757396453,,2,0.0012607190292328596
community_bipartition_construct,s-5a5f784985bdb253f1405d3d4e3d4693,s-5a5f784985bdb253f1405d3d4e3d4693,random_candidate,1103,0.06804733727810651,0.20414201183431951,,3,0.0011980659328401089
community_bipartition_construct,s-5a5f784985bdb253f1405d3d4e3d4693,s-5a5f784985bdb253f1405d3d4e3d4693,random_candidate,1104,0.03550295857988166,0.23668639053254437,,3,0.0011980968993157148
community_bipartition_construct,s-5a5f784985bdb253f1405d3d4e3d4693,s-5a5f784985bdb253f1405d3d4e3d4693,random_candidate,1105,0.03550295857988166,0.23668639053254437,,3,0.0012031968217343092
community_bipartition_construct,s-5a9d2c21115f44bd17027bbd5b08e36c,s-5a9d2c21115f44bd17027bbd5b08e36c,assigned_gain,20261003,0.3165680473372781,0.00295857988165682,,6,0.001227026805281639
community_bipartition_construct,s-5a9d2c21115f44bd17027bbd5b08e36c,s-5a9d2c21115f44bd17027bbd5b08e36c,classical,20261003,0.0,0.31952662721893493,,0,0.000298237893730402
community_bipartition_construct,s-5a9d2c21115f44bd17027bbd5b08e36c,s-5a9d2c21115f44bd17027bbd5b08e36c,degree_balance,20261003,0.2692307692307692,0.050295857988165715,,8,0.0011073541827499866
community_bipartition_construct,s-5a9d2c21115f44bd17027bbd5b08e36c,s-5a9d2c21115f44bd17027bbd5b08e36c,greedy_completion,20261003,0.31952662721893493,0.0,,6,0.0012407379690557718
community_bipartition_construct,s-5a9d2c21115f44bd17027bbd5b08e36c,s-5a9d2c21115f44bd17027bbd5b08e36c,opposite_completion,20261003,0.2692307692307692,0.050295857988165715,,8,0.0011163440067321062
community_bipartition_construct,s-5a9d2c21115f44bd17027bbd5b08e36c,s-5a9d2c21115f44bd17027bbd5b08e36c,random_candidate,1101,0.2692307692307692,0.050295857988165715,,8,0.0010965929832309484
community_bipartition_construct,s-5a9d2c21115f44bd17027bbd5b08e36c,s-5a9d2c21115f44bd17027bbd5b08e36c,random_candidate,1102,0.3165680473372781,0.00295857988165682,,6,0.0012239080388098955
community_bipartition_construct,s-5a9d2c21115f44bd17027bbd5b08e36c,s-5a9d2c21115f44bd17027bbd5b08e36c,random_candidate,1103,0.2692307692307692,0.050295857988165715,,8,0.0010926430113613605
community_bipartition_construct,s-5a9d2c21115f44bd17027bbd5b08e36c,s-5a9d2c21115f44bd17027bbd5b08e36c,random_candidate,1104,0.2692307692307692,0.050295857988165715,,8,0.0011218339204788208
community_bipartition_construct,s-5a9d2c21115f44bd17027bbd5b08e36c,s-5a9d2c21115f44bd17027bbd5b08e36c,random_candidate,1105,0.2692307692307692,0.050295857988165715,,8,0.001109604025259614
community_bipartition_construct,s-64e07bd222aa47e9b45d3c1c162449c5,s-64e07bd222aa47e9b45d3c1c162449c5,assigned_gain,20261003,0.35714285714285715,0.0,,4,0.0013770121149718761
community_bipartition_construct,s-64e07bd222aa47e9b45d3c1c162449c5,s-64e07bd222aa47e9b45d3c1c162449c5,classical,20261003,0.0,0.35714285714285715,,0,0.0002693580463528633
community_bipartition_construct,s-64e07bd222aa47e9b45d3c1c162449c5,s-64e07bd222aa47e9b45d3c1c162449c5,degree_balance,20261003,-0.07142857142857142,0.4285714285714286,,4,0.0013528610579669476
community_bipartition_construct,s-64e07bd222aa47e9b45d3c1c162449c5,s-64e07bd222aa47e9b45d3c1c162449c5,greedy_completion,20261003,0.35714285714285715,0.0,,4,0.0013441110495477915
community_bipartition_construct,s-64e07bd222aa47e9b45d3c1c162449c5,s-64e07bd222aa47e9b45d3c1c162449c5,opposite_completion,20261003,0.12244897959183673,0.23469387755102042,,4,0.0013457410968840122
community_bipartition_construct,s-64e07bd222aa47e9b45d3c1c162449c5,s-64e07bd222aa47e9b45d3c1c162449c5,random_candidate,1101,-0.02295918367346939,0.38010204081632654,,3,0.0014165330212563276
community_bipartition_construct,s-64e07bd222aa47e9b45d3c1c162449c5,s-64e07bd222aa47e9b45d3c1c162449c5,random_candidate,1102,0.20408163265306123,0.15306122448979592,,3,0.001442153938114643
community_bipartition_construct,s-64e07bd222aa47e9b45d3c1c162449c5,s-64e07bd222aa47e9b45d3c1c162449c5,random_candidate,1103,-0.02295918367346939,0.38010204081632654,,3,0.001416684128344059
community_bipartition_construct,s-64e07bd222aa47e9b45d3c1c162449c5,s-64e07bd222aa47e9b45d3c1c162449c5,random_candidate,1104,-0.06377551020408163,0.42091836734693877,,2,0.0014965359587222338
community_bipartition_construct,s-64e07bd222aa47e9b45d3c1c162449c5,s-64e07bd222aa47e9b45d3c1c162449c5,random_candidate,1105,0.07142857142857142,0.2857142857142857,,3,0.0014180128928273916
community_bipartition_construct,s-672d018e6478f8eedd90d9eefb805ef7,s-672d018e6478f8eedd90d9eefb805ef7,assigned_gain,20261003,0.1111111111111111,0.024305555555555552,,3,0.0019969309214502573
community_bipartition_construct,s-672d018e6478f8eedd90d9eefb805ef7,s-672d018e6478f8eedd90d9eefb805ef7,classical,20261003,0.0,0.13541666666666666,,0,0.00032584997825324535
community_bipartition_construct,s-672d018e6478f8eedd90d9eefb805ef7,s-672d018e6478f8eedd90d9eefb805ef7,degree_balance,20261003,-0.08680555555555555,0.2222222222222222,,2,0.0020281821489334106
community_bipartition_construct,s-672d018e6478f8eedd90d9eefb805ef7,s-672d018e6478f8eedd90d9eefb805ef7,greedy_completion,20261003,0.125,0.010416666666666657,,3,0.0019638999365270138
community_bipartition_construct,s-672d018e6478f8eedd90d9eefb805ef7,s-672d018e6478f8eedd90d9eefb805ef7,opposite_completion,20261003,0.04079861111111111,0.09461805555555555,,3,0.001971280202269554
community_bipartition_construct,s-672d018e6478f8eedd90d9eefb805ef7,s-672d018e6478f8eedd90d9eefb805ef7,random_candidate,1101,0.0798611111111111,0.05555555555555555,,3,0.0019736699759960175
community_bipartition_construct,s-672d018e6478f8eedd90d9eefb805ef7,s-672d018e6478f8eedd90d9eefb805ef7,random_candidate,1102,0.033854166666666664,0.1015625,,4,0.0019117488991469145
community_bipartition_construct,s-672d018e6478f8eedd90d9eefb805ef7,s-672d018e6478f8eedd90d9eefb805ef7,random_candidate,1103,0.1111111111111111,0.024305555555555552,,3,0.0019498101901262999
community_bipartition_construct,s-672d018e6478f8eedd90d9eefb805ef7,s-672d018e6478f8eedd90d9eefb805ef7,random_candidate,1104,0.04079861111111111,0.09461805555555555,,3,0.001953910104930401
community_bipartition_construct,s-672d018e6478f8eedd90d9eefb805ef7,s-672d018e6478f8eedd90d9eefb805ef7,random_candidate,1105,0.033854166666666664,0.1015625,,2,0.002039422979578376
community_bipartition_construct,s-6a7165faf2507301e0ffe49b41df16c9,s-6a7165faf2507301e0ffe49b41df16c9,assigned_gain,20261003,0.12444444444444444,0.04222222222222222,,3,0.0012550191022455692
community_bipartition_construct,s-6a7165faf2507301e0ffe49b41df16c9,s-6a7165faf2507301e0ffe49b41df16c9,classical,20261003,0.0,0.16666666666666666,,0,0.00023865792900323868
community_bipartition_construct,s-6a7165faf2507301e0ffe49b41df16c9,s-6a7165faf2507301e0ffe49b41df16c9,degree_balance,20261003,-0.035555555555555556,0.20222222222222222,,3,0.0012624990195035934
community_bipartition_construct,s-6a7165faf2507301e0ffe49b41df16c9,s-6a7165faf2507301e0ffe49b41df16c9,greedy_completion,20261003,0.16666666666666666,0.0,,6,0.001048192149028182
community_bipartition_construct,s-6a7165faf2507301e0ffe49b41df16c9,s-6a7165faf2507301e0ffe49b41df16c9,opposite_completion,20261003,0.16666666666666666,0.0,,6,0.0010388919617980719
community_bipartition_construct,s-6a7165faf2507301e0ffe49b41df16c9,s-6a7165faf2507301e0ffe49b41df16c9,random_candidate,1101,0.08666666666666667,0.07999999999999999,,2,0.0013182698749005795
community_bipartition_construct,s-6a7165faf2507301e0ffe49b41df16c9,s-6a7165faf2507301e0ffe49b41df16c9,random_candidate,1102,0.16666666666666666,0.0,,6,0.0010421420447528362
community_bipartition_construct,s-6a7165faf2507301e0ffe49b41df16c9,s-6a7165faf2507301e0ffe49b41df16c9,random_candidate,1103,0.08666666666666667,0.07999999999999999,,2,0.0013443219941109419
community_bipartition_construct,s-6a7165faf2507301e0ffe49b41df16c9,s-6a7165faf2507301e0ffe49b41df16c9,random_candidate,1104,-0.035555555555555556,0.20222222222222222,,3,0.0012484679464250803
community_bipartition_construct,s-6a7165faf2507301e0ffe49b41df16c9,s-6a7165faf2507301e0ffe49b41df16c9,random_candidate,1105,0.08,0.08666666666666666,,2,0.0013448907993733883
community_bipartition_construct,s-6c1414599913552df0302c6bab2c8c31,s-6c1414599913552df0302c6bab2c8c31,assigned_gain,20261003,0.20408163265306123,0.10430839002267572,,5,0.0016917018219828606
community_bipartition_construct,s-6c1414599913552df0302c6bab2c8c31,s-6c1414599913552df0302c6bab2c8c31,classical,20261003,0.0,0.30839002267573695,,0,0.00032798992469906807
community_bipartition_construct,s-6c1414599913552df0302c6bab2c8c31,s-6c1414599913552df0302c6bab2c8c31,degree_balance,20261003,0.11791383219954649,0.19047619047619047,,6,0.0016042201314121485
community_bipartition_construct,s-6c1414599913552df0302c6bab2c8c31,s-6c1414599913552df0302c6bab2c8c31,greedy_completion,20261003,0.20408163265306123,0.10430839002267572,,6,0.001607198966667056
community_bipartition_construct,s-6c1414599913552df0302c6bab2c8c31,s-6c1414599913552df0302c6bab2c8c31,opposite_completion,20261003,0.16666666666666666,0.1417233560090703,,6,0.0015936398413032293
community_bipartition_construct,s-6c1414599913552df0302c6bab2c8c31,s-6c1414599913552df0302c6bab2c8c31,random_candidate,1101,0.11791383219954649,0.19047619047619047,,5,0.0016935020685195923
community_bipartition_construct,s-6c1414599913552df0302c6bab2c8c31,s-6c1414599913552df0302c6bab2c8c31,random_candidate,1102,0.16666666666666666,0.1417233560090703,,6,0.0016745210159569979
community_bipartition_construct,s-6c1414599913552df0302c6bab2c8c31,s-6c1414599913552df0302c6bab2c8c31,random_candidate,1103,0.1621315192743764,0.14625850340136054,,5,0.001718592131510377
community_bipartition_construct,s-6c1414599913552df0302c6bab2c8c31,s-6c1414599913552df0302c6bab2c8c31,random_candidate,1104,0.30839002267573695,0.0,,6,0.0016730909701436758
community_bipartition_construct,s-6c1414599913552df0302c6bab2c8c31,s-6c1414599913552df0302c6bab2c8c31,random_candidate,1105,0.16666666666666666,0.1417233560090703,,7,0.001542106969282031
community_bipartition_construct,s-6ea0fc250c85b6cc2a755a33adfa1ef2,s-6ea0fc250c85b6cc2a755a33adfa1ef2,assigned_gain,20261003,0.36419753086419754,0.0,,5,0.0008350461721420288
community_bipartition_construct,s-6ea0fc250c85b6cc2a755a33adfa1ef2,s-6ea0fc250c85b6cc2a755a33adfa1ef2,classical,20261003,0.0,0.36419753086419754,,0,0.00019868602976202965
community_bipartition_construct,s-6ea0fc250c85b6cc2a755a33adfa1ef2,s-6ea0fc250c85b6cc2a755a33adfa1ef2,degree_balance,20261003,-0.1728395061728395,0.537037037037037,,4,0.0008842768147587776
community_bipartition_construct,s-6ea0fc250c85b6cc2a755a33adfa1ef2,s-6ea0fc250c85b6cc2a755a33adfa1ef2,greedy_completion,20261003,0.36419753086419754,0.0,,5,0.0008183950558304787
community_bipartition_construct,s-6ea0fc250c85b6cc2a755a33adfa1ef2,s-6ea0fc250c85b6cc2a755a33adfa1ef2,opposite_completion,20261003,0.36419753086419754,0.0,,5,0.000821324996650219
community_bipartition_construct,s-6ea0fc250c85b6cc2a755a33adfa1ef2,s-6ea0fc250c85b6cc2a755a33adfa1ef2,random_candidate,1101,0.16666666666666666,0.19753086419753088,,5,0.0008285159710794687
community_bipartition_construct,s-6ea0fc250c85b6cc2a755a33adfa1ef2,s-6ea0fc250c85b6cc2a755a33adfa1ef2,random_candidate,1102,0.16666666666666666,0.19753086419753088,,5,0.0008284260984510183
community_bipartition_construct,s-6ea0fc250c85b6cc2a755a33adfa1ef2,s-6ea0fc250c85b6cc2a755a33adfa1ef2,random_candidate,1103,0.16666666666666666,0.19753086419753088,,5,0.0008324659429490566
community_bipartition_construct,s-6ea0fc250c85b6cc2a755a33adfa1ef2,s-6ea0fc250c85b6cc2a755a33adfa1ef2,random_candidate,1104,0.36419753086419754,0.0,,5,0.0008295150473713875
community_bipartition_construct,s-6ea0fc250c85b6cc2a755a33adfa1ef2,s-6ea0fc250c85b6cc2a755a33adfa1ef2,random_candidate,1105,0.16666666666666666,0.19753086419753088,,5,0.0008325851522386074
community_bipartition_construct,s-6ed829cbd823f1c8985f12bf494ae8b8,s-6ed829cbd823f1c8985f12bf494ae8b8,assigned_gain,20261003,0.17793367346938777,0.056122448979591816,,2,0.002400084165856242
community_bipartition_construct,s-6ed829cbd823f1c8985f12bf494ae8b8,s-6ed829cbd823f1c8985f12bf494ae8b8,classical,20261003,0.0,0.23405612244897958,,0,0.0003777621313929558
community_bipartition_construct,s-6ed829cbd823f1c8985f12bf494ae8b8,s-6ed829cbd823f1c8985f12bf494ae8b8,degree_balance,20261003,0.029974489795918366,0.20408163265306123,,3,0.0023156600072979927
community_bipartition_construct,s-6ed829cbd823f1c8985f12bf494ae8b8,s-6ed829cbd823f1c8985f12bf494ae8b8,greedy_completion,20261003,0.17793367346938777,0.056122448979591816,,4,0.0022344181779772043
community_bipartition_construct,s-6ed829cbd823f1c8985f12bf494ae8b8,s-6ed829cbd823f1c8985f12bf494ae8b8,opposite_completion,20261003,0.017857142857142856,0.21619897959183673,,2,0.00237900298088789
community_bipartition_construct,s-6ed829cbd823f1c8985f12bf494ae8b8,s-6ed829cbd823f1c8985f12bf494ae8b8,random_candidate,1101,0.0,0.23405612244897958,,2,0.0024411350023001432
community_bipartition_construct,s-6ed829cbd823f1c8985f12bf494ae8b8,s-6ed829cbd823f1c8985f12bf494ae8b8,random_candidate,1102,0.029974489795918366,0.20408163265306123,,4,0.002235177904367447
community_bipartition_construct,s-6ed829cbd823f1c8985f12bf494ae8b8,s-6ed829cbd823f1c8985f12bf494ae8b8,random_candidate,1103,-0.002551020408163265,0.23660714285714285,,2,0.002379752928391099
community_bipartition_construct,s-6ed829cbd823f1c8985f12bf494ae8b8,s-6ed829cbd823f1c8985f12bf494ae8b8,random_candidate,1104,-0.14285714285714285,0.37691326530612246,,0,0.0025613780599087477
community_bipartition_construct,s-6ed829cbd823f1c8985f12bf494ae8b8,s-6ed829cbd823f1c8985f12bf494ae8b8,random_candidate,1105,0.10204081632653061,0.13201530612244897,,4,0.002229508012533188
community_bipartition_construct,s-777e74ef803c3322105ed2446ea50576,s-777e74ef803c3322105ed2446ea50576,assigned_gain,20261003,0.08823529411764706,0.09169550173010381,,3,0.0013037698809057474
community_bipartition_construct,s-777e74ef803c3322105ed2446ea50576,s-777e74ef803c3322105ed2446ea50576,classical,20261003,0.0,0.17993079584775087,,0,0.0002540578134357929
community_bipartition_construct,s-777e74ef803c3322105ed2446ea50576,s-777e74ef803c3322105ed2446ea50576,degree_balance,20261003,-0.03633217993079585,0.21626297577854672,,3,0.0012895099353045225
community_bipartition_construct,s-777e74ef803c3322105ed2446ea50576,s-777e74ef803c3322105ed2446ea50576,greedy_completion,20261003,0.09515570934256055,0.08477508650519032,,3,0.0013135611079633236
community_bipartition_construct,s-777e74ef803c3322105ed2446ea50576,s-777e74ef803c3322105ed2446ea50576,opposite_completion,20261003,0.06055363321799308,0.1193771626297578,,2,0.0013603121042251587
community_bipartition_construct,s-777e74ef803c3322105ed2446ea50576,s-777e74ef803c3322105ed2446ea50576,random_candidate,1101,0.01384083044982699,0.1660899653979239,,3,0.0013429210521280766
community_bipartition_construct,s-777e74ef803c3322105ed2446ea50576,s-777e74ef803c3322105ed2446ea50576,random_candidate,1102,-0.03633217993079585,0.21626297577854672,,3,0.0012879688292741776
community_bipartition_construct,s-777e74ef803c3322105ed2446ea50576,s-777e74ef803c3322105ed2446ea50576,random_candidate,1103,0.01384083044982699,0.1660899653979239,,3,0.0012994699645787477
community_bipartition_construct,s-777e74ef803c3322105ed2446ea50576,s-777e74ef803c3322105ed2446ea50576,random_candidate,1104,0.08131487889273356,0.09861591695501731,,2,0.0013721620198339224
community_bipartition_construct,s-777e74ef803c3322105ed2446ea50576,s-777e74ef803c3322105ed2446ea50576,random_candidate,1105,-0.03633217993079585,0.21626297577854672,,2,0.0013945831451565027
community_bipartition_construct,s-7b4064e0cb3ad0f1c850996086f67aa6,s-7b4064e0cb3ad0f1c850996086f67aa6,assigned_gain,20261003,0.36678200692041524,0.0,,4,0.001228927867487073
community_bipartition_construct,s-7b4064e0cb3ad0f1c850996086f67aa6,s-7b4064e0cb3ad0f1c850996086f67aa6,classical,20261003,0.0,0.36678200692041524,,0,0.0002457269001752138
community_bipartition_construct,s-7b4064e0cb3ad0f1c850996086f67aa6,s-7b4064e0cb3ad0f1c850996086f67aa6,degree_balance,20261003,0.02768166089965398,0.3391003460207613,,6,0.00107625313103199
community_bipartition_construct,s-7b4064e0cb3ad0f1c850996086f67aa6,s-7b4064e0cb3ad0f1c850996086f67aa6,greedy_completion,20261003,0.36678200692041524,0.0,,4,0.001225017011165619
community_bipartition_construct,s-7b4064e0cb3ad0f1c850996086f67aa6,s-7b4064e0cb3ad0f1c850996086f67aa6,opposite_completion,20261003,0.36678200692041524,0.0,,4,0.0012162970378994942
community_bipartition_construct,s-7b4064e0cb3ad0f1c850996086f67aa6,s-7b4064e0cb3ad0f1c850996086f67aa6,random_candidate,1101,0.02768166089965398,0.3391003460207613,,6,0.0010816429276019335
community_bipartition_construct,s-7b4064e0cb3ad0f1c850996086f67aa6,s-7b4064e0cb3ad0f1c850996086f67aa6,random_candidate,1102,0.20588235294117646,0.16089965397923878,,4,0.001244348008185625
community_bipartition_construct,s-7b4064e0cb3ad0f1c850996086f67aa6,s-7b4064e0cb3ad0f1c850996086f67aa6,random_candidate,1103,0.02768166089965398,0.3391003460207613,,6,0.001080953050404787
community_bipartition_construct,s-7b4064e0cb3ad0f1c850996086f67aa6,s-7b4064e0cb3ad0f1c850996086f67aa6,random_candidate,1104,0.02768166089965398,0.3391003460207613,,6,0.001132293837144971
community_bipartition_construct,s-7b4064e0cb3ad0f1c850996086f67aa6,s-7b4064e0cb3ad0f1c850996086f67aa6,random_candidate,1105,0.20588235294117646,0.16089965397923878,,6,0.0010818028822541237
community_bipartition_construct,s-8558d8afb80e09b53cc729bddfd06079,s-8558d8afb80e09b53cc729bddfd06079,assigned_gain,20261003,0.21428571428571427,0.06887755102040818,,5,0.0013186510186642408
community_bipartition_construct,s-8558d8afb80e09b53cc729bddfd06079,s-8558d8afb80e09b53cc729bddfd06079,classical,20261003,0.0,0.28316326530612246,,0,0.0002785290125757456
community_bipartition_construct,s-8558d8afb80e09b53cc729bddfd06079,s-8558d8afb80e09b53cc729bddfd06079,degree_balance,20261003,0.14030612244897958,0.14285714285714288,,6,0.0012179380282759666
community_bipartition_construct,s-8558d8afb80e09b53cc729bddfd06079,s-8558d8afb80e09b53cc729bddfd06079,greedy_completion,20261003,0.2627551020408163,0.020408163265306145,,3,0.0014348041731864214
community_bipartition_construct,s-8558d8afb80e09b53cc729bddfd06079,s-8558d8afb80e09b53cc729bddfd06079,opposite_completion,20261003,0.16071428571428573,0.12244897959183673,,3,0.001432894030585885
community_bipartition_construct,s-8558d8afb80e09b53cc729bddfd06079,s-8558d8afb80e09b53cc729bddfd06079,random_candidate,1101,0.061224489795918366,0.22193877551020408,,4,0.0013613118790090084
community_bipartition_construct,s-8558d8afb80e09b53cc729bddfd06079,s-8558d8afb80e09b53cc729bddfd06079,random_candidate,1102,-0.02040816326530612,0.3035714285714286,,2,0.001520985970273614
community_bipartition_construct,s-8558d8afb80e09b53cc729bddfd06079,s-8558d8afb80e09b53cc729bddfd06079,random_candidate,1103,0.061224489795918366,0.22193877551020408,,4,0.0013784021139144897
community_bipartition_construct,s-8558d8afb80e09b53cc729bddfd06079,s-8558d8afb80e09b53cc729bddfd06079,random_candidate,1104,-0.002551020408163265,0.2857142857142857,,6,0.001264398917555809
community_bipartition_construct,s-8558d8afb80e09b53cc729bddfd06079,s-8558d8afb80e09b53cc729bddfd06079,random_candidate,1105,-0.02295918367346939,0.30612244897959184,,3,0.0014346139505505562
community_bipartition_construct,s-875a5d74e52c91fc3d7a86e12cc3b001,s-875a5d74e52c91fc3d7a86e12cc3b001,assigned_gain,20261003,0.13636363636363635,0.03615702479338845,,2,0.001959070097655058
community_bipartition_construct,s-875a5d74e52c91fc3d7a86e12cc3b001,s-875a5d74e52c91fc3d7a86e12cc3b001,classical,20261003,0.0,0.1725206611570248,,0,0.0003287200815975666
community_bipartition_construct,s-875a5d74e52c91fc3d7a86e12cc3b001,s-875a5d74e52c91fc3d7a86e12cc3b001,degree_balance,20261003,-0.09194214876033058,0.2644628099173554,,4,0.0017865151166915894
community_bipartition_construct,s-875a5d74e52c91fc3d7a86e12cc3b001,s-875a5d74e52c91fc3d7a86e12cc3b001,greedy_completion,20261003,0.1725206611570248,0.0,,2,0.0019711710046976805
community_bipartition_construct,s-875a5d74e52c91fc3d7a86e12cc3b001,s-875a5d74e52c91fc3d7a86e12cc3b001,opposite_completion,20261003,0.007231404958677686,0.1652892561983471,,2,0.0019657600205391645
community_bipartition_construct,s-875a5d74e52c91fc3d7a86e12cc3b001,s-875a5d74e52c91fc3d7a86e12cc3b001,random_candidate,1101,0.04132231404958678,0.13119834710743802,,5,0.0017147418111562729
community_bipartition_construct,s-875a5d74e52c91fc3d7a86e12cc3b001,s-875a5d74e52c91fc3d7a86e12cc3b001,random_candidate,1102,0.007231404958677686,0.1652892561983471,,5,0.0017172228544950485
community_bipartition_construct,s-875a5d74e52c91fc3d7a86e12cc3b001,s-875a5d74e52c91fc3d7a86e12cc3b001,random_candidate,1103,0.04132231404958678,0.13119834710743802,,5,0.0017147220205515623
community_bipartition_construct,s-875a5d74e52c91fc3d7a86e12cc3b001,s-875a5d74e52c91fc3d7a86e12cc3b001,random_candidate,1104,0.008264462809917356,0.16425619834710745,,4,0.001788934925571084
community_bipartition_construct,s-875a5d74e52c91fc3d7a86e12cc3b001,s-875a5d74e52c91fc3d7a86e12cc3b001,random_candidate,1105,0.045454545454545456,0.12706611570247933,,2,0.0019551890436559916
community_bipartition_construct,s-962dbe718ef1f0afdb50669b6c2b27f6,s-962dbe718ef1f0afdb50669b6c2b27f6,assigned_gain,20261003,0.25,0.0,,3,0.0009192079305648804
community_bipartition_construct,s-962dbe718ef1f0afdb50669b6c2b27f6,s-962dbe718ef1f0afdb50669b6c2b27f6,classical,20261003,0.0,0.25,,0,0.0001955160405486822
community_bipartition_construct,s-962dbe718ef1f0afdb50669b6c2b27f6,s-962dbe718ef1f0afdb50669b6c2b27f6,degree_balance,20261003,0.0,0.25,,3,0.0009399489499628544
community_bipartition_construct,s-962dbe718ef1f0afdb50669b6c2b27f6,s-962dbe718ef1f0afdb50669b6c2b27f6,greedy_completion,20261003,0.25,0.0,,3,0.0009099771268665791
community_bipartition_construct,s-962dbe718ef1f0afdb50669b6c2b27f6,s-962dbe718ef1f0afdb50669b6c2b27f6,opposite_completion,20261003,0.21875,0.03125,,3,0.0009113980922847986
community_bipartition_construct,s-962dbe718ef1f0afdb50669b6c2b27f6,s-962dbe718ef1f0afdb50669b6c2b27f6,random_candidate,1101,0.0,0.25,,2,0.000975609989836812
community_bipartition_construct,s-962dbe718ef1f0afdb50669b6c2b27f6,s-962dbe718ef1f0afdb50669b6c2b27f6,random_candidate,1102,0.1171875,0.1328125,,5,0.0007986340206116438
community_bipartition_construct,s-962dbe718ef1f0afdb50669b6c2b27f6,s-962dbe718ef1f0afdb50669b6c2b27f6,random_candidate,1103,0.0,0.25,,2,0.0009680299554020166
community_bipartition_construct,s-962dbe718ef1f0afdb50669b6c2b27f6,s-962dbe718ef1f0afdb50669b6c2b27f6,random_candidate,1104,-0.03125,0.28125,,2,0.001000880030915141
community_bipartition_construct,s-962dbe718ef1f0afdb50669b6c2b27f6,s-962dbe718ef1f0afdb50669b6c2b27f6,random_candidate,1105,0.1171875,0.1328125,,5,0.000803475035354495
community_bipartition_construct,s-a0c142e2222a74bcbe02d60e4522940a,s-a0c142e2222a74bcbe02d60e4522940a,assigned_gain,20261003,0.46875,0.0,,4,0.0008691670373082161
community_bipartition_construct,s-a0c142e2222a74bcbe02d60e4522940a,s-a0c142e2222a74bcbe02d60e4522940a,classical,20261003,0.0,0.46875,,0,0.00019926601089537144
community_bipartition_construct,s-a0c142e2222a74bcbe02d60e4522940a,s-a0c142e2222a74bcbe02d60e4522940a,degree_balance,20261003,-0.1328125,0.6015625,,4,0.0008542358409613371
community_bipartition_construct,s-a0c142e2222a74bcbe02d60e4522940a,s-a0c142e2222a74bcbe02d60e4522940a,greedy_completion,20261003,0.46875,0.0,,4,0.0008935178630053997
community_bipartition_construct,s-a0c142e2222a74bcbe02d60e4522940a,s-a0c142e2222a74bcbe02d60e4522940a,opposite_completion,20261003,0.3671875,0.1015625,,5,0.0008056249935179949
community_bipartition_construct,s-a0c142e2222a74bcbe02d60e4522940a,s-a0c142e2222a74bcbe02d60e4522940a,random_candidate,1101,0.3671875,0.1015625,,5,0.0008020750246942043
community_bipartition_construct,s-a0c142e2222a74bcbe02d60e4522940a,s-a0c142e2222a74bcbe02d60e4522940a,random_candidate,1102,0.46875,0.0,,4,0.0008578570559620857
community_bipartition_construct,s-a0c142e2222a74bcbe02d60e4522940a,s-a0c142e2222a74bcbe02d60e4522940a,random_candidate,1103,0.3671875,0.1015625,,5,0.0008313350845128298
community_bipartition_construct,s-a0c142e2222a74bcbe02d60e4522940a,s-a0c142e2222a74bcbe02d60e4522940a,random_candidate,1104,-0.1328125,0.6015625,,4,0.0008551462087780237
community_bipartition_construct,s-a0c142e2222a74bcbe02d60e4522940a,s-a0c142e2222a74bcbe02d60e4522940a,random_candidate,1105,0.3671875,0.1015625,,5,0.0008235650602728128
community_bipartition_construct,s-ba70c26531cfdb81df60659235df7a01,s-ba70c26531cfdb81df60659235df7a01,assigned_gain,20261003,0.1095679012345679,0.12499999999999999,,2,0.0014264238998293877
community_bipartition_construct,s-ba70c26531cfdb81df60659235df7a01,s-ba70c26531cfdb81df60659235df7a01,classical,20261003,0.0,0.2345679012345679,,0,0.0002475080545991659
community_bipartition_construct,s-ba70c26531cfdb81df60659235df7a01,s-ba70c26531cfdb81df60659235df7a01,degree_balance,20261003,0.04938271604938271,0.18518518518518517,,3,0.0012981200125068426
community_bipartition_construct,s-ba70c26531cfdb81df60659235df7a01,s-ba70c26531cfdb81df60659235df7a01,greedy_completion,20261003,0.2345679012345679,0.0,,2,0.0014309638645499945
community_bipartition_construct,s-ba70c26531cfdb81df60659235df7a01,s-ba70c26531cfdb81df60659235df7a01,opposite_completion,20261003,0.0,0.2345679012345679,,0,0.0015164061915129423
community_bipartition_construct,s-ba70c26531cfdb81df60659235df7a01,s-ba70c26531cfdb81df60659235df7a01,random_candidate,1101,-0.06172839506172839,0.2962962962962963,,3,0.0013449620455503464
community_bipartition_construct,s-ba70c26531cfdb81df60659235df7a01,s-ba70c26531cfdb81df60659235df7a01,random_candidate,1102,0.030864197530864196,0.2037037037037037,,2,0.0013846629299223423
community_bipartition_construct,s-ba70c26531cfdb81df60659235df7a01,s-ba70c26531cfdb81df60659235df7a01,random_candidate,1103,-0.06172839506172839,0.2962962962962963,,3,0.0013097000773996115
community_bipartition_construct,s-ba70c26531cfdb81df60659235df7a01,s-ba70c26531cfdb81df60659235df7a01,random_candidate,1104,-0.06172839506172839,0.2962962962962963,,3,0.0013361310120671988
community_bipartition_construct,s-ba70c26531cfdb81df60659235df7a01,s-ba70c26531cfdb81df60659235df7a01,random_candidate,1105,-0.05555555555555555,0.2901234567901234,,2,0.0013706220779567957
community_bipartition_construct,s-c0ac6ceaf021c85cb22cb9fa77427c68,s-c0ac6ceaf021c85cb22cb9fa77427c68,assigned_gain,20261003,0.19896193771626297,0.0,,2,0.0015834181103855371
community_bipartition_construct,s-c0ac6ceaf021c85cb22cb9fa77427c68,s-c0ac6ceaf021c85cb22cb9fa77427c68,classical,20261003,0.0,0.19896193771626297,,0,0.0002762279473245144
community_bipartition_construct,s-c0ac6ceaf021c85cb22cb9fa77427c68,s-c0ac6ceaf021c85cb22cb9fa77427c68,degree_balance,20261003,0.08823529411764706,0.1107266435986159,,6,0.0013076600152999163
community_bipartition_construct,s-c0ac6ceaf021c85cb22cb9fa77427c68,s-c0ac6ceaf021c85cb22cb9fa77427c68,greedy_completion,20261003,0.19896193771626297,0.0,,2,0.0016032189596444368
community_bipartition_construct,s-c0ac6ceaf021c85cb22cb9fa77427c68,s-c0ac6ceaf021c85cb22cb9fa77427c68,opposite_completion,20261003,0.09515570934256055,0.10380622837370242,,3,0.0015372969210147858
community_bipartition_construct,s-c0ac6ceaf021c85cb22cb9fa77427c68,s-c0ac6ceaf021c85cb22cb9fa77427c68,random_candidate,1101,0.06055363321799308,0.1384083044982699,,3,0.001530077075585723
community_bipartition_construct,s-c0ac6ceaf021c85cb22cb9fa77427c68,s-c0ac6ceaf021c85cb22cb9fa77427c68,random_candidate,1102,-0.08996539792387544,0.2889273356401384,,5,0.001362101873382926
community_bipartition_construct,s-c0ac6ceaf021c85cb22cb9fa77427c68,s-c0ac6ceaf021c85cb22cb9fa77427c68,random_candidate,1103,0.06055363321799308,0.1384083044982699,,3,0.0015038959681987762
community_bipartition_construct,s-c0ac6ceaf021c85cb22cb9fa77427c68,s-c0ac6ceaf021c85cb22cb9fa77427c68,random_candidate,1104,0.10380622837370242,0.09515570934256055,,3,0.0015095758717507124
community_bipartition_construct,s-c0ac6ceaf021c85cb22cb9fa77427c68,s-c0ac6ceaf021c85cb22cb9fa77427c68,random_candidate,1105,0.08823529411764706,0.1107266435986159,,6,0.0013008499518036842
community_bipartition_construct,s-c5dcb1e5aca367c2fd64bad585c3dfb1,s-c5dcb1e5aca367c2fd64bad585c3dfb1,assigned_gain,20261003,0.20118343195266272,0.0,,3,0.0010636320803314447
community_bipartition_construct,s-c5dcb1e5aca367c2fd64bad585c3dfb1,s-c5dcb1e5aca367c2fd64bad585c3dfb1,classical,20261003,0.0,0.20118343195266272,,0,0.00020635593682527542
community_bipartition_construct,s-c5dcb1e5aca367c2fd64bad585c3dfb1,s-c5dcb1e5aca367c2fd64bad585c3dfb1,degree_balance,20261003,-0.11834319526627218,0.3195266272189349,,3,0.0010114109609276056
community_bipartition_construct,s-c5dcb1e5aca367c2fd64bad585c3dfb1,s-c5dcb1e5aca367c2fd64bad585c3dfb1,greedy_completion,20261003,0.20118343195266272,0.0,,3,0.0010175409261137247
community_bipartition_construct,s-c5dcb1e5aca367c2fd64bad585c3dfb1,s-c5dcb1e5aca367c2fd64bad585c3dfb1,opposite_completion,20261003,0.06804733727810651,0.13313609467455623,,3,0.0010116910561919212
community_bipartition_construct,s-c5dcb1e5aca367c2fd64bad585c3dfb1,s-c5dcb1e5aca367c2fd64bad585c3dfb1,random_candidate,1101,0.06804733727810651,0.13313609467455623,,3,0.0010326020419597626
community_bipartition_construct,s-c5dcb1e5aca367c2fd64bad585c3dfb1,s-c5dcb1e5aca367c2fd64bad585c3dfb1,random_candidate,1102,-0.038461538461538464,0.23964497041420119,,3,0.0010296308901160955
community_bipartition_construct,s-c5dcb1e5aca367c2fd64bad585c3dfb1,s-c5dcb1e5aca367c2fd64bad585c3dfb1,random_candidate,1103,0.06804733727810651,0.13313609467455623,,3,0.0010072409640997648
community_bipartition_construct,s-c5dcb1e5aca367c2fd64bad585c3dfb1,s-c5dcb1e5aca367c2fd64bad585c3dfb1,random_candidate,1104,0.06804733727810651,0.13313609467455623,,3,0.0010074400343000889
community_bipartition_construct,s-c5dcb1e5aca367c2fd64bad585c3dfb1,s-c5dcb1e5aca367c2fd64bad585c3dfb1,random_candidate,1105,-0.038461538461538464,0.23964497041420119,,3,0.0010083408560603857
community_bipartition_construct,s-c62fbfb81d1742c312634637fbb6e6f1,s-c62fbfb81d1742c312634637fbb6e6f1,assigned_gain,20261003,0.1728,0.0184,,4,0.002135575981810689
community_bipartition_construct,s-c62fbfb81d1742c312634637fbb6e6f1,s-c62fbfb81d1742c312634637fbb6e6f1,classical,20261003,0.0,0.1912,,0,0.0003756911028176546
community_bipartition_construct,s-c62fbfb81d1742c312634637fbb6e6f1,s-c62fbfb81d1742c312634637fbb6e6f1,degree_balance,20261003,-0.1032,0.2944,,4,0.0021182650234550238
community_bipartition_construct,s-c62fbfb81d1742c312634637fbb6e6f1,s-c62fbfb81d1742c312634637fbb6e6f1,greedy_completion,20261003,0.1912,0.0,,5,0.002038463018834591
community_bipartition_construct,s-c62fbfb81d1742c312634637fbb6e6f1,s-c62fbfb81d1742c312634637fbb6e6f1,opposite_completion,20261003,0.1912,0.0,,5,0.002035172190517187
community_bipartition_construct,s-c62fbfb81d1742c312634637fbb6e6f1,s-c62fbfb81d1742c312634637fbb6e6f1,random_candidate,1101,-0.1032,0.2944,,5,0.0020427920389920473
community_bipartition_construct,s-c62fbfb81d1742c312634637fbb6e6f1,s-c62fbfb81d1742c312634637fbb6e6f1,random_candidate,1102,0.0992,0.09200000000000001,,5,0.0020537429954856634
community_bipartition_construct,s-c62fbfb81d1742c312634637fbb6e6f1,s-c62fbfb81d1742c312634637fbb6e6f1,random_candidate,1103,0.0128,0.1784,,5,0.0020370918791741133
community_bipartition_construct,s-c62fbfb81d1742c312634637fbb6e6f1,s-c62fbfb81d1742c312634637fbb6e6f1,random_candidate,1104,0.1368,0.054400000000000004,,5,0.0020385519601404667
community_bipartition_construct,s-c62fbfb81d1742c312634637fbb6e6f1,s-c62fbfb81d1742c312634637fbb6e6f1,random_candidate,1105,0.0128,0.1784,,4,0.002177376998588443
community_bipartition_construct,s-cb3fefaaf4dbcb9c613c8bf7ce784a5e,s-cb3fefaaf4dbcb9c613c8bf7ce784a5e,assigned_gain,20261003,0.3466666666666667,0.0,,4,0.0013986530248075724
community_bipartition_construct,s-cb3fefaaf4dbcb9c613c8bf7ce784a5e,s-cb3fefaaf4dbcb9c613c8bf7ce784a5e,classical,20261003,0.0,0.3466666666666667,,0,0.00027039810083806515
community_bipartition_construct,s-cb3fefaaf4dbcb9c613c8bf7ce784a5e,s-cb3fefaaf4dbcb9c613c8bf7ce784a5e,degree_balance,20261003,-0.24222222222222223,0.5888888888888889,,3,0.0014695350546389818
community_bipartition_construct,s-cb3fefaaf4dbcb9c613c8bf7ce784a5e,s-cb3fefaaf4dbcb9c613c8bf7ce784a5e,greedy_completion,20261003,0.3466666666666667,0.0,,4,0.0013999231159687042
community_bipartition_construct,s-cb3fefaaf4dbcb9c613c8bf7ce784a5e,s-cb3fefaaf4dbcb9c613c8bf7ce784a5e,opposite_completion,20261003,0.2311111111111111,0.11555555555555558,,5,0.0013227809686213732
community_bipartition_construct,s-cb3fefaaf4dbcb9c613c8bf7ce784a5e,s-cb3fefaaf4dbcb9c613c8bf7ce784a5e,random_candidate,1101,0.15777777777777777,0.1888888888888889,,4,0.0014009231235831976
community_bipartition_construct,s-cb3fefaaf4dbcb9c613c8bf7ce784a5e,s-cb3fefaaf4dbcb9c613c8bf7ce784a5e,random_candidate,1102,-0.10888888888888888,0.45555555555555555,,4,0.0014021529350429773
community_bipartition_construct,s-cb3fefaaf4dbcb9c613c8bf7ce784a5e,s-cb3fefaaf4dbcb9c613c8bf7ce784a5e,random_candidate,1103,0.15777777777777777,0.1888888888888889,,4,0.0014065341092646122
community_bipartition_construct,s-cb3fefaaf4dbcb9c613c8bf7ce784a5e,s-cb3fefaaf4dbcb9c613c8bf7ce784a5e,random_candidate,1104,0.024444444444444446,0.32222222222222224,,3,0.001467155059799552
community_bipartition_construct,s-cb3fefaaf4dbcb9c613c8bf7ce784a5e,s-cb3fefaaf4dbcb9c613c8bf7ce784a5e,random_candidate,1105,-0.1,0.44666666666666666,,3,0.0014772249851375818
community_bipartition_construct,s-d422a0ecd9ea4757425df1a6a837dffb,s-d422a0ecd9ea4757425df1a6a837dffb,assigned_gain,20261003,0.23130193905817176,0.0055401662049861244,,4,0.0015118359588086605
community_bipartition_construct,s-d422a0ecd9ea4757425df1a6a837dffb,s-d422a0ecd9ea4757425df1a6a837dffb,classical,20261003,0.0,0.23684210526315788,,0,0.0002852492034435272
community_bipartition_construct,s-d422a0ecd9ea4757425df1a6a837dffb,s-d422a0ecd9ea4757425df1a6a837dffb,degree_balance,20261003,0.02631578947368421,0.21052631578947367,,6,0.0013346809428185225
community_bipartition_construct,s-d422a0ecd9ea4757425df1a6a837dffb,s-d422a0ecd9ea4757425df1a6a837dffb,greedy_completion,20261003,0.23684210526315788,0.0,,5,0.0014458941295742989
community_bipartition_construct,s-d422a0ecd9ea4757425df1a6a837dffb,s-d422a0ecd9ea4757425df1a6a837dffb,opposite_completion,20261003,0.14958448753462603,0.08725761772853186,,5,0.001400412991642952
community_bipartition_construct,s-d422a0ecd9ea4757425df1a6a837dffb,s-d422a0ecd9ea4757425df1a6a837dffb,random_candidate,1101,0.02631578947368421,0.21052631578947367,,6,0.0013468510005623102
community_bipartition_construct,s-d422a0ecd9ea4757425df1a6a837dffb,s-d422a0ecd9ea4757425df1a6a837dffb,random_candidate,1102,0.02631578947368421,0.21052631578947367,,6,0.0013333710376173258
community_bipartition_construct,s-d422a0ecd9ea4757425df1a6a837dffb,s-d422a0ecd9ea4757425df1a6a837dffb,random_candidate,1103,0.02631578947368421,0.21052631578947367,,6,0.0013447010423988104
community_bipartition_construct,s-d422a0ecd9ea4757425df1a6a837dffb,s-d422a0ecd9ea4757425df1a6a837dffb,random_candidate,1104,0.1260387811634349,0.11080332409972299,,5,0.0014107930473983288
community_bipartition_construct,s-d422a0ecd9ea4757425df1a6a837dffb,s-d422a0ecd9ea4757425df1a6a837dffb,random_candidate,1105,0.02631578947368421,0.21052631578947367,,6,0.0013801120221614838
community_bipartition_construct,s-d5a82684939b0f34ac08e76edc501e66,s-d5a82684939b0f34ac08e76edc501e66,assigned_gain,20261003,0.20833333333333334,0.0,,4,0.0009464290924370289
community_bipartition_construct,s-d5a82684939b0f34ac08e76edc501e66,s-d5a82684939b0f34ac08e76edc501e66,classical,20261003,0.0,0.20833333333333334,,0,0.0002023859415203333
community_bipartition_construct,s-d5a82684939b0f34ac08e76edc501e66,s-d5a82684939b0f34ac08e76edc501e66,degree_balance,20261003,-0.18055555555555555,0.3888888888888889,,2,0.0011014740448445082
community_bipartition_construct,s-d5a82684939b0f34ac08e76edc501e66,s-d5a82684939b0f34ac08e76edc501e66,greedy_completion,20261003,0.20833333333333334,0.0,,4,0.0009377780370414257
community_bipartition_construct,s-d5a82684939b0f34ac08e76edc501e66,s-d5a82684939b0f34ac08e76edc501e66,opposite_completion,20261003,0.20833333333333334,0.0,,4,0.0009354290086776018
community_bipartition_construct,s-d5a82684939b0f34ac08e76edc501e66,s-d5a82684939b0f34ac08e76edc501e66,random_candidate,1101,0.20833333333333334,0.0,,4,0.0009419990237802267
community_bipartition_construct,s-d5a82684939b0f34ac08e76edc501e66,s-d5a82684939b0f34ac08e76edc501e66,random_candidate,1102,0.041666666666666664,0.16666666666666669,,2,0.0010557221248745918
community_bipartition_construct,s-d5a82684939b0f34ac08e76edc501e66,s-d5a82684939b0f34ac08e76edc501e66,random_candidate,1103,0.20833333333333334,0.0,,4,0.0009305691346526146
community_bipartition_construct,s-d5a82684939b0f34ac08e76edc501e66,s-d5a82684939b0f34ac08e76edc501e66,random_candidate,1104,0.052083333333333336,0.15625,,5,0.000871327007189393
community_bipartition_construct,s-d5a82684939b0f34ac08e76edc501e66,s-d5a82684939b0f34ac08e76edc501e66,random_candidate,1105,0.1527777777777778,0.05555555555555555,,4,0.0009296981152147055
community_bipartition_construct,s-dc67c302b75141992c0a979961070d8a,s-dc67c302b75141992c0a979961070d8a,assigned_gain,20261003,0.16666666666666666,0.10493827160493827,,1,0.00108053395524621
community_bipartition_construct,s-dc67c302b75141992c0a979961070d8a,s-dc67c302b75141992c0a979961070d8a,classical,20261003,0.0,0.2716049382716049,,0,0.00020310585387051105
community_bipartition_construct,s-dc67c302b75141992c0a979961070d8a,s-dc67c302b75141992c0a979961070d8a,degree_balance,20261003,0.04938271604938271,0.2222222222222222,,3,0.0009481690358370543
community_bipartition_construct,s-dc67c302b75141992c0a979961070d8a,s-dc67c302b75141992c0a979961070d8a,greedy_completion,20261003,0.2716049382716049,0.0,,4,0.0008891168981790543
community_bipartition_construct,s-dc67c302b75141992c0a979961070d8a,s-dc67c302b75141992c0a979961070d8a,opposite_completion,20261003,0.06790123456790123,0.2037037037037037,,2,0.0010033408179879189
community_bipartition_construct,s-dc67c302b75141992c0a979961070d8a,s-dc67c302b75141992c0a979961070d8a,random_candidate,1101,0.04938271604938271,0.2222222222222222,,1,0.0010618718806654215
community_bipartition_construct,s-dc67c302b75141992c0a979961070d8a,s-dc67c302b75141992c0a979961070d8a,random_candidate,1102,0.04938271604938271,0.2222222222222222,,3,0.0009438288398087025
community_bipartition_construct,s-dc67c302b75141992c0a979961070d8a,s-dc67c302b75141992c0a979961070d8a,random_candidate,1103,0.04938271604938271,0.2222222222222222,,1,0.0010678130201995373
community_bipartition_construct,s-dc67c302b75141992c0a979961070d8a,s-dc67c302b75141992c0a979961070d8a,random_candidate,1104,0.06790123456790123,0.2037037037037037,,1,0.0010624330025166273
community_bipartition_construct,s-dc67c302b75141992c0a979961070d8a,s-dc67c302b75141992c0a979961070d8a,random_candidate,1105,0.04938271604938271,0.2222222222222222,,3,0.0009758099913597107
community_bipartition_construct,s-e09a139815703541e7def0bbb1f846ee,s-e09a139815703541e7def0bbb1f846ee,assigned_gain,20261003,0.14030612244897958,0.0580357142857143,,3,0.002348872134461999
community_bipartition_construct,s-e09a139815703541e7def0bbb1f846ee,s-e09a139815703541e7def0bbb1f846ee,classical,20261003,0.0,0.19834183673469388,,0,0.00037352112121880054
community_bipartition_construct,s-e09a139815703541e7def0bbb1f846ee,s-e09a139815703541e7def0bbb1f846ee,degree_balance,20261003,-0.14285714285714285,0.34119897959183676,,3,0.0023165808524936438
community_bipartition_construct,s-e09a139815703541e7def0bbb1f846ee,s-e09a139815703541e7def0bbb1f846ee,greedy_completion,20261003,0.17793367346938777,0.020408163265306117,,1,0.0024514549877494574
community_bipartition_construct,s-e09a139815703541e7def0bbb1f846ee,s-e09a139815703541e7def0bbb1f846ee,opposite_completion,20261003,0.0,0.19834183673469388,,0,0.002531857928261161
community_bipartition_construct,s-e09a139815703541e7def0bbb1f846ee,s-e09a139815703541e7def0bbb1f846ee,random_candidate,1101,0.10650510204081633,0.09183673469387756,,3,0.002360242884606123
community_bipartition_construct,s-e09a139815703541e7def0bbb1f846ee,s-e09a139815703541e7def0bbb1f846ee,random_candidate,1102,0.019770408163265307,0.17857142857142858,,3,0.0023297721054404974
community_bipartition_construct,s-e09a139815703541e7def0bbb1f846ee,s-e09a139815703541e7def0bbb1f846ee,random_candidate,1103,0.10650510204081633,0.09183673469387756,,3,0.002307591028511524
community_bipartition_construct,s-e09a139815703541e7def0bbb1f846ee,s-e09a139815703541e7def0bbb1f846ee,random_candidate,1104,0.035076530612244895,0.163265306122449,,1,0.0025068570394068956
community_bipartition_construct,s-e09a139815703541e7def0bbb1f846ee,s-e09a139815703541e7def0bbb1f846ee,random_candidate,1105,0.035076530612244895,0.163265306122449,,2,0.002422783989459276
community_bipartition_construct,s-ec4e8f37bb79713701c2632eac0872bd,s-ec4e8f37bb79713701c2632eac0872bd,assigned_gain,20261003,0.17777777777777778,0.1222222222222222,,4,0.0014278239104896784
community_bipartition_construct,s-ec4e8f37bb79713701c2632eac0872bd,s-ec4e8f37bb79713701c2632eac0872bd,classical,20261003,0.0,0.3,,0,0.00028211786411702633
community_bipartition_construct,s-ec4e8f37bb79713701c2632eac0872bd,s-ec4e8f37bb79713701c2632eac0872bd,degree_balance,20261003,-0.035555555555555556,0.33555555555555555,,3,0.0014927559532225132
community_bipartition_construct,s-ec4e8f37bb79713701c2632eac0872bd,s-ec4e8f37bb79713701c2632eac0872bd,greedy_completion,20261003,0.3,0.0,,4,0.001430012984201312
community_bipartition_construct,s-ec4e8f37bb79713701c2632eac0872bd,s-ec4e8f37bb79713701c2632eac0872bd,opposite_completion,20261003,0.17777777777777778,0.1222222222222222,,4,0.001435374142602086
community_bipartition_construct,s-ec4e8f37bb79713701c2632eac0872bd,s-ec4e8f37bb79713701c2632eac0872bd,random_candidate,1101,-0.035555555555555556,0.33555555555555555,,3,0.00149752595461905
community_bipartition_construct,s-ec4e8f37bb79713701c2632eac0872bd,s-ec4e8f37bb79713701c2632eac0872bd,random_candidate,1102,-0.035555555555555556,0.33555555555555555,,3,0.001489114947617054
community_bipartition_construct,s-ec4e8f37bb79713701c2632eac0872bd,s-ec4e8f37bb79713701c2632eac0872bd,random_candidate,1103,-0.035555555555555556,0.33555555555555555,,3,0.0014951159246265888
community_bipartition_construct,s-ec4e8f37bb79713701c2632eac0872bd,s-ec4e8f37bb79713701c2632eac0872bd,random_candidate,1104,0.03333333333333333,0.26666666666666666,,3,0.0014759660698473454
community_bipartition_construct,s-ec4e8f37bb79713701c2632eac0872bd,s-ec4e8f37bb79713701c2632eac0872bd,random_candidate,1105,-0.035555555555555556,0.33555555555555555,,1,0.0016502200160175562
community_bipartition_construct,s-ed19747f378879105ed02cfb68c144d4,s-ed19747f378879105ed02cfb68c144d4,assigned_gain,20261003,0.09375,0.01513671875,,2,0.0022827801294624805
community_bipartition_construct,s-ed19747f378879105ed02cfb68c144d4,s-ed19747f378879105ed02cfb68c144d4,classical,20261003,0.0,0.10888671875,,0,0.0003441309090703726
community_bipartition_construct,s-ed19747f378879105ed02cfb68c144d4,s-ed19747f378879105ed02cfb68c144d4,degree_balance,20261003,-0.064453125,0.17333984375,,6,0.0018533761613070965
community_bipartition_construct,s-ed19747f378879105ed02cfb68c144d4,s-ed19747f378879105ed02cfb68c144d4,greedy_completion,20261003,0.10888671875,0.0,,2,0.002221688162535429
community_bipartition_construct,s-ed19747f378879105ed02cfb68c144d4,s-ed19747f378879105ed02cfb68c144d4,opposite_completion,20261003,0.044921875,0.06396484375,,4,0.0020322930067777634
community_bipartition_construct,s-ed19747f378879105ed02cfb68c144d4,s-ed19747f378879105ed02cfb68c144d4,random_candidate,1101,-0.03173828125,0.140625,,2,0.0022185479756444693
community_bipartition_construct,s-ed19747f378879105ed02cfb68c144d4,s-ed19747f378879105ed02cfb68c144d4,random_candidate,1102,-0.00830078125,0.1171875,,2,0.0022347490303218365
community_bipartition_construct,s-ed19747f378879105ed02cfb68c144d4,s-ed19747f378879105ed02cfb68c144d4,random_candidate,1103,-0.03173828125,0.140625,,2,0.002264849841594696
community_bipartition_construct,s-ed19747f378879105ed02cfb68c144d4,s-ed19747f378879105ed02cfb68c144d4,random_candidate,1104,0.03076171875,0.078125,,4,0.002105815103277564
community_bipartition_construct,s-ed19747f378879105ed02cfb68c144d4,s-ed19747f378879105ed02cfb68c144d4,random_candidate,1105,-0.064453125,0.17333984375,,2,0.0022602989338338375
community_bipartition_construct,s-efd17b910cf9c64bcfbc761a85cf6d6c,s-efd17b910cf9c64bcfbc761a85cf6d6c,assigned_gain,20261003,0.3166089965397924,0.05017301038062283,,5,0.0016434700228273869
community_bipartition_construct,s-efd17b910cf9c64bcfbc761a85cf6d6c,s-efd17b910cf9c64bcfbc761a85cf6d6c,classical,20261003,0.0,0.36678200692041524,,0,0.0003075988497585058
community_bipartition_construct,s-efd17b910cf9c64bcfbc761a85cf6d6c,s-efd17b910cf9c64bcfbc761a85cf6d6c,degree_balance,20261003,0.1453287197231834,0.22145328719723184,,7,0.0014435350894927979
community_bipartition_construct,s-efd17b910cf9c64bcfbc761a85cf6d6c,s-efd17b910cf9c64bcfbc761a85cf6d6c,greedy_completion,20261003,0.36678200692041524,0.0,,5,0.0016252801287919283
community_bipartition_construct,s-efd17b910cf9c64bcfbc761a85cf6d6c,s-efd17b910cf9c64bcfbc761a85cf6d6c,opposite_completion,20261003,0.1453287197231834,0.22145328719723184,,3,0.0017673550173640251
community_bipartition_construct,s-efd17b910cf9c64bcfbc761a85cf6d6c,s-efd17b910cf9c64bcfbc761a85cf6d6c,random_candidate,1101,0.20588235294117646,0.16089965397923878,,6,0.0015115570276975632
community_bipartition_construct,s-efd17b910cf9c64bcfbc761a85cf6d6c,s-efd17b910cf9c64bcfbc761a85cf6d6c,random_candidate,1102,-0.08996539792387544,0.45674740484429066,,2,0.0018544569611549377
community_bipartition_construct,s-efd17b910cf9c64bcfbc761a85cf6d6c,s-efd17b910cf9c64bcfbc761a85cf6d6c,random_candidate,1103,0.20588235294117646,0.16089965397923878,,6,0.0015186769887804985
community_bipartition_construct,s-efd17b910cf9c64bcfbc761a85cf6d6c,s-efd17b910cf9c64bcfbc761a85cf6d6c,random_candidate,1104,0.36678200692041524,0.0,,5,0.001579588046297431
community_bipartition_construct,s-efd17b910cf9c64bcfbc761a85cf6d6c,s-efd17b910cf9c64bcfbc761a85cf6d6c,random_candidate,1105,0.1453287197231834,0.22145328719723184,,7,0.0014498040545731783
community_bipartition_construct,s-fd98b82be1b39efd3011d322c365b0b2,s-fd98b82be1b39efd3011d322c365b0b2,assigned_gain,20261003,0.29012345679012347,0.0,,4,0.0009461590088903904
community_bipartition_construct,s-fd98b82be1b39efd3011d322c365b0b2,s-fd98b82be1b39efd3011d322c365b0b2,classical,20261003,0.0,0.29012345679012347,,0,0.00020819599740207195
community_bipartition_construct,s-fd98b82be1b39efd3011d322c365b0b2,s-fd98b82be1b39efd3011d322c365b0b2,degree_balance,20261003,-0.2777777777777778,0.5679012345679013,,2,0.0010030698031187057
community_bipartition_construct,s-fd98b82be1b39efd3011d322c365b0b2,s-fd98b82be1b39efd3011d322c365b0b2,greedy_completion,20261003,0.29012345679012347,0.0,,4,0.0008870670571923256
community_bipartition_construct,s-fd98b82be1b39efd3011d322c365b0b2,s-fd98b82be1b39efd3011d322c365b0b2,opposite_completion,20261003,0.16666666666666666,0.12345679012345681,,5,0.0008170751389116049
community_bipartition_construct,s-fd98b82be1b39efd3011d322c365b0b2,s-fd98b82be1b39efd3011d322c365b0b2,random_candidate,1101,-0.05555555555555555,0.345679012345679,,2,0.0010066209360957146
community_bipartition_construct,s-fd98b82be1b39efd3011d322c365b0b2,s-fd98b82be1b39efd3011d322c365b0b2,random_candidate,1102,0.16666666666666666,0.12345679012345681,,5,0.0008245061617344618
community_bipartition_construct,s-fd98b82be1b39efd3011d322c365b0b2,s-fd98b82be1b39efd3011d322c365b0b2,random_candidate,1103,-0.05555555555555555,0.345679012345679,,2,0.001016600988805294
community_bipartition_construct,s-fd98b82be1b39efd3011d322c365b0b2,s-fd98b82be1b39efd3011d322c365b0b2,random_candidate,1104,0.06790123456790123,0.22222222222222224,,2,0.0010102810338139534
community_bipartition_construct,s-fd98b82be1b39efd3011d322c365b0b2,s-fd98b82be1b39efd3011d322c365b0b2,random_candidate,1105,0.16666666666666666,0.12345679012345681,,5,0.0008222649339586496
lt_influence_construct,s-0c19c9896a834361f0ed07f36bb42a79,s-0c19c9896a834361f0ed07f36bb42a79,classical,20261003,6,0,,0,4.629185423254967e-05
lt_influence_construct,s-0c19c9896a834361f0ed07f36bb42a79,s-0c19c9896a834361f0ed07f36bb42a79,marginal_cascade,20261003,6,0,,2,0.00036501185968518257
lt_influence_construct,s-0c19c9896a834361f0ed07f36bb42a79,s-0c19c9896a834361f0ed07f36bb42a79,outdegree,20261003,6,0,,2,0.0003552509006112814
lt_influence_construct,s-0c19c9896a834361f0ed07f36bb42a79,s-0c19c9896a834361f0ed07f36bb42a79,random_candidate,1101,6,0,,2,0.00035429117269814014
lt_influence_construct,s-0c19c9896a834361f0ed07f36bb42a79,s-0c19c9896a834361f0ed07f36bb42a79,random_candidate,1102,6,0,,2,0.0003584108781069517
lt_influence_construct,s-0c19c9896a834361f0ed07f36bb42a79,s-0c19c9896a834361f0ed07f36bb42a79,random_candidate,1103,6,0,,2,0.00034811091609299183
lt_influence_construct,s-0c19c9896a834361f0ed07f36bb42a79,s-0c19c9896a834361f0ed07f36bb42a79,random_candidate,1104,6,0,,2,0.000345500186085701
lt_influence_construct,s-0c19c9896a834361f0ed07f36bb42a79,s-0c19c9896a834361f0ed07f36bb42a79,random_candidate,1105,6,0,,2,0.0003520611207932234
lt_influence_construct,s-0c19c9896a834361f0ed07f36bb42a79,s-0c19c9896a834361f0ed07f36bb42a79,threshold_deficit,20261003,6,0,,2,0.0003583109937608242
lt_influence_construct,s-0c19c9896a834361f0ed07f36bb42a79,s-0c19c9896a834361f0ed07f36bb42a79,two_hop_reach,20261003,6,0,,2,0.00034963106736540794
lt_influence_construct,s-0d168173692e33ff45deebb1c92340f7,s-0d168173692e33ff45deebb1c92340f7,classical,20261003,4,1,,0,6.0282181948423386e-05
lt_influence_construct,s-0d168173692e33ff45deebb1c92340f7,s-0d168173692e33ff45deebb1c92340f7,marginal_cascade,20261003,4,1,,0,0.0007928649429231882
lt_influence_construct,s-0d168173692e33ff45deebb1c92340f7,s-0d168173692e33ff45deebb1c92340f7,outdegree,20261003,5,0,,0,0.0008208251092582941
lt_influence_construct,s-0d168173692e33ff45deebb1c92340f7,s-0d168173692e33ff45deebb1c92340f7,random_candidate,1101,5,0,,1,0.0006735809147357941
lt_influence_construct,s-0d168173692e33ff45deebb1c92340f7,s-0d168173692e33ff45deebb1c92340f7,random_candidate,1102,5,0,,0,0.00079685403034091
lt_influence_construct,s-0d168173692e33ff45deebb1c92340f7,s-0d168173692e33ff45deebb1c92340f7,random_candidate,1103,5,0,,1,0.0006713399197906256
lt_influence_construct,s-0d168173692e33ff45deebb1c92340f7,s-0d168173692e33ff45deebb1c92340f7,random_candidate,1104,5,0,,1,0.000694050919264555
lt_influence_construct,s-0d168173692e33ff45deebb1c92340f7,s-0d168173692e33ff45deebb1c92340f7,random_candidate,1105,3,2,,0,0.0007852038834244013
lt_influence_construct,s-0d168173692e33ff45deebb1c92340f7,s-0d168173692e33ff45deebb1c92340f7,threshold_deficit,20261003,4,1,,0,0.0007814040873199701
lt_influence_construct,s-0d168173692e33ff45deebb1c92340f7,s-0d168173692e33ff45deebb1c92340f7,two_hop_reach,20261003,5,0,,1,0.0006673899479210377
lt_influence_construct,s-0d5c95d5e88675188b67df13c7222275,s-0d5c95d5e88675188b67df13c7222275,classical,20261003,6,0,,0,5.458202213048935e-05
lt_influence_construct,s-0d5c95d5e88675188b67df13c7222275,s-0d5c95d5e88675188b67df13c7222275,marginal_cascade,20261003,6,0,,1,0.0005179659929126501
lt_influence_construct,s-0d5c95d5e88675188b67df13c7222275,s-0d5c95d5e88675188b67df13c7222275,outdegree,20261003,6,0,,1,0.0005147159099578857
lt_influence_construct,s-0d5c95d5e88675188b67df13c7222275,s-0d5c95d5e88675188b67df13c7222275,random_candidate,1101,6,0,,1,0.000506906071677804
lt_influence_construct,s-0d5c95d5e88675188b67df13c7222275,s-0d5c95d5e88675188b67df13c7222275,random_candidate,1102,6,0,,1,0.0005239669699221849
lt_influence_construct,s-0d5c95d5e88675188b67df13c7222275,s-0d5c95d5e88675188b67df13c7222275,random_candidate,1103,6,0,,1,0.000539666973054409
lt_influence_construct,s-0d5c95d5e88675188b67df13c7222275,s-0d5c95d5e88675188b67df13c7222275,random_candidate,1104,6,0,,1,0.0005045149009674788
lt_influence_construct,s-0d5c95d5e88675188b67df13c7222275,s-0d5c95d5e88675188b67df13c7222275,random_candidate,1105,6,0,,1,0.0004934149328619242
lt_influence_construct,s-0d5c95d5e88675188b67df13c7222275,s-0d5c95d5e88675188b67df13c7222275,threshold_deficit,20261003,6,0,,1,0.0005017961375415325
lt_influence_construct,s-0d5c95d5e88675188b67df13c7222275,s-0d5c95d5e88675188b67df13c7222275,two_hop_reach,20261003,6,0,,1,0.0005153859965503216
lt_influence_construct,s-0ea7fb01d262f1e8371bd6cbcbd2d025,s-0ea7fb01d262f1e8371bd6cbcbd2d025,classical,20261003,6,0,,0,6.31019938737154e-05
lt_influence_construct,s-0ea7fb01d262f1e8371bd6cbcbd2d025,s-0ea7fb01d262f1e8371bd6cbcbd2d025,marginal_cascade,20261003,6,0,,1,0.0005496079102158546
lt_influence_construct,s-0ea7fb01d262f1e8371bd6cbcbd2d025,s-0ea7fb01d262f1e8371bd6cbcbd2d025,outdegree,20261003,6,0,,1,0.0005199359729886055
lt_influence_construct,s-0ea7fb01d262f1e8371bd6cbcbd2d025,s-0ea7fb01d262f1e8371bd6cbcbd2d025,random_candidate,1101,6,0,,1,0.0005023060366511345
lt_influence_construct,s-0ea7fb01d262f1e8371bd6cbcbd2d025,s-0ea7fb01d262f1e8371bd6cbcbd2d025,random_candidate,1102,6,0,,1,0.000500416150316596
lt_influence_construct,s-0ea7fb01d262f1e8371bd6cbcbd2d025,s-0ea7fb01d262f1e8371bd6cbcbd2d025,random_candidate,1103,6,0,,1,0.0005496670491993427
lt_influence_construct,s-0ea7fb01d262f1e8371bd6cbcbd2d025,s-0ea7fb01d262f1e8371bd6cbcbd2d025,random_candidate,1104,6,0,,1,0.0005000850651413202
lt_influence_construct,s-0ea7fb01d262f1e8371bd6cbcbd2d025,s-0ea7fb01d262f1e8371bd6cbcbd2d025,random_candidate,1105,6,0,,1,0.0005123859737068415
lt_influence_construct,s-0ea7fb01d262f1e8371bd6cbcbd2d025,s-0ea7fb01d262f1e8371bd6cbcbd2d025,threshold_deficit,20261003,6,0,,1,0.000510126119479537
lt_influence_construct,s-0ea7fb01d262f1e8371bd6cbcbd2d025,s-0ea7fb01d262f1e8371bd6cbcbd2d025,two_hop_reach,20261003,6,0,,1,0.0005254270508885384
lt_influence_construct,s-2d48a15e97dc3416fbb15e7a60145557,s-2d48a15e97dc3416fbb15e7a60145557,classical,20261003,5,1,,0,5.501089617609978e-05
lt_influence_construct,s-2d48a15e97dc3416fbb15e7a60145557,s-2d48a15e97dc3416fbb15e7a60145557,marginal_cascade,20261003,5,1,,0,0.0006142589263617992
lt_influence_construct,s-2d48a15e97dc3416fbb15e7a60145557,s-2d48a15e97dc3416fbb15e7a60145557,outdegree,20261003,5,1,,0,0.0005939279217272997
lt_influence_construct,s-2d48a15e97dc3416fbb15e7a60145557,s-2d48a15e97dc3416fbb15e7a60145557,random_candidate,1101,6,0,,0,0.0006281090900301933
lt_influence_construct,s-2d48a15e97dc3416fbb15e7a60145557,s-2d48a15e97dc3416fbb15e7a60145557,random_candidate,1102,5,1,,0,0.000600907951593399
lt_influence_construct,s-2d48a15e97dc3416fbb15e7a60145557,s-2d48a15e97dc3416fbb15e7a60145557,random_candidate,1103,6,0,,0,0.0006066581699997187
lt_influence_construct,s-2d48a15e97dc3416fbb15e7a60145557,s-2d48a15e97dc3416fbb15e7a60145557,random_candidate,1104,6,0,,0,0.0006113890558481216
lt_influence_construct,s-2d48a15e97dc3416fbb15e7a60145557,s-2d48a15e97dc3416fbb15e7a60145557,random_candidate,1105,5,1,,0,0.000587827991694212
lt_influence_construct,s-2d48a15e97dc3416fbb15e7a60145557,s-2d48a15e97dc3416fbb15e7a60145557,threshold_deficit,20261003,4,2,,0,0.0005976788233965635
lt_influence_construct,s-2d48a15e97dc3416fbb15e7a60145557,s-2d48a15e97dc3416fbb15e7a60145557,two_hop_reach,20261003,6,0,,0,0.0006163991056382656
lt_influence_construct,s-2f2e472f16b3987be03c0890d806ca40,s-2f2e472f16b3987be03c0890d806ca40,classical,20261003,9,0,,0,0.00011323299258947372
lt_influence_construct,s-2f2e472f16b3987be03c0890d806ca40,s-2f2e472f16b3987be03c0890d806ca40,marginal_cascade,20261003,9,0,,2,0.0007447618991136551
lt_influence_construct,s-2f2e472f16b3987be03c0890d806ca40,s-2f2e472f16b3987be03c0890d806ca40,outdegree,20261003,9,0,,2,0.0007730741053819656
lt_influence_construct,s-2f2e472f16b3987be03c0890d806ca40,s-2f2e472f16b3987be03c0890d806ca40,random_candidate,1101,9,0,,2,0.0007482229266315699
lt_influence_construct,s-2f2e472f16b3987be03c0890d806ca40,s-2f2e472f16b3987be03c0890d806ca40,random_candidate,1102,9,0,,2,0.0007146219722926617
lt_influence_construct,s-2f2e472f16b3987be03c0890d806ca40,s-2f2e472f16b3987be03c0890d806ca40,random_candidate,1103,9,0,,2,0.0007144019473344088
lt_influence_construct,s-2f2e472f16b3987be03c0890d806ca40,s-2f2e472f16b3987be03c0890d806ca40,random_candidate,1104,9,0,,2,0.0007581741083413363
lt_influence_construct,s-2f2e472f16b3987be03c0890d806ca40,s-2f2e472f16b3987be03c0890d806ca40,random_candidate,1105,9,0,,2,0.0007226020097732544
lt_influence_construct,s-2f2e472f16b3987be03c0890d806ca40,s-2f2e472f16b3987be03c0890d806ca40,threshold_deficit,20261003,9,0,,2,0.0007179719395935535
lt_influence_construct,s-2f2e472f16b3987be03c0890d806ca40,s-2f2e472f16b3987be03c0890d806ca40,two_hop_reach,20261003,9,0,,2,0.0007844239007681608
lt_influence_construct,s-420740246b98084467fe13742257dc18,s-420740246b98084467fe13742257dc18,classical,20261003,9,0,,0,0.00010452303104102612
lt_influence_construct,s-420740246b98084467fe13742257dc18,s-420740246b98084467fe13742257dc18,marginal_cascade,20261003,9,0,,2,0.0005294959992170334
lt_influence_construct,s-420740246b98084467fe13742257dc18,s-420740246b98084467fe13742257dc18,outdegree,20261003,9,0,,2,0.0005220358725637197
lt_influence_construct,s-420740246b98084467fe13742257dc18,s-420740246b98084467fe13742257dc18,random_candidate,1101,9,0,,2,0.0005144758615642786
lt_influence_construct,s-420740246b98084467fe13742257dc18,s-420740246b98084467fe13742257dc18,random_candidate,1102,9,0,,2,0.0005210558883845806
lt_influence_construct,s-420740246b98084467fe13742257dc18,s-420740246b98084467fe13742257dc18,random_candidate,1103,9,0,,2,0.0005259260069578886
lt_influence_construct,s-420740246b98084467fe13742257dc18,s-420740246b98084467fe13742257dc18,random_candidate,1104,9,0,,2,0.0005212060641497374
lt_influence_construct,s-420740246b98084467fe13742257dc18,s-420740246b98084467fe13742257dc18,random_candidate,1105,9,0,,2,0.0005123061127960682
lt_influence_construct,s-420740246b98084467fe13742257dc18,s-420740246b98084467fe13742257dc18,threshold_deficit,20261003,9,0,,2,0.0005206649657338858
lt_influence_construct,s-420740246b98084467fe13742257dc18,s-420740246b98084467fe13742257dc18,two_hop_reach,20261003,9,0,,2,0.0005258959718048573
lt_influence_construct,s-4bd3e3488d96d1af5c88a6a8f2cef94f,s-4bd3e3488d96d1af5c88a6a8f2cef94f,classical,20261003,9,0,,0,8.280202746391296e-05
lt_influence_construct,s-4bd3e3488d96d1af5c88a6a8f2cef94f,s-4bd3e3488d96d1af5c88a6a8f2cef94f,marginal_cascade,20261003,9,0,,0,0.0007335632108151913
lt_influence_construct,s-4bd3e3488d96d1af5c88a6a8f2cef94f,s-4bd3e3488d96d1af5c88a6a8f2cef94f,outdegree,20261003,7,2,,0,0.0006807011086493731
lt_influence_construct,s-4bd3e3488d96d1af5c88a6a8f2cef94f,s-4bd3e3488d96d1af5c88a6a8f2cef94f,random_candidate,1101,7,2,,0,0.0006902911700308323
lt_influence_construct,s-4bd3e3488d96d1af5c88a6a8f2cef94f,s-4bd3e3488d96d1af5c88a6a8f2cef94f,random_candidate,1102,8,1,,0,0.000670730834826827
lt_influence_construct,s-4bd3e3488d96d1af5c88a6a8f2cef94f,s-4bd3e3488d96d1af5c88a6a8f2cef94f,random_candidate,1103,7,2,,0,0.0006735599599778652
lt_influence_construct,s-4bd3e3488d96d1af5c88a6a8f2cef94f,s-4bd3e3488d96d1af5c88a6a8f2cef94f,random_candidate,1104,7,2,,0,0.0006919109728187323
lt_influence_construct,s-4bd3e3488d96d1af5c88a6a8f2cef94f,s-4bd3e3488d96d1af5c88a6a8f2cef94f,random_candidate,1105,7,2,,0,0.0006767709273844957
lt_influence_construct,s-4bd3e3488d96d1af5c88a6a8f2cef94f,s-4bd3e3488d96d1af5c88a6a8f2cef94f,threshold_deficit,20261003,8,1,,0,0.0006877609994262457
lt_influence_construct,s-4bd3e3488d96d1af5c88a6a8f2cef94f,s-4bd3e3488d96d1af5c88a6a8f2cef94f,two_hop_reach,20261003,9,0,,0,0.000682770973071456
lt_influence_construct,s-549c1054c9c329302a40dd8780686734,s-549c1054c9c329302a40dd8780686734,classical,20261003,8,0,,0,0.00010181311517953873
lt_influence_construct,s-549c1054c9c329302a40dd8780686734,s-549c1054c9c329302a40dd8780686734,marginal_cascade,20261003,8,0,,1,0.0008672061376273632
lt_influence_construct,s-549c1054c9c329302a40dd8780686734,s-549c1054c9c329302a40dd8780686734,outdegree,20261003,8,0,,1,0.0008484760764986277
lt_influence_construct,s-549c1054c9c329302a40dd8780686734,s-549c1054c9c329302a40dd8780686734,random_candidate,1101,8,0,,1,0.000841435045003891
lt_influence_construct,s-549c1054c9c329302a40dd8780686734,s-549c1054c9c329302a40dd8780686734,random_candidate,1102,8,0,,1,0.000878277001902461
lt_influence_construct,s-549c1054c9c329302a40dd8780686734,s-549c1054c9c329302a40dd8780686734,random_candidate,1103,8,0,,1,0.0008439761586487293
lt_influence_construct,s-549c1054c9c329302a40dd8780686734,s-549c1054c9c329302a40dd8780686734,random_candidate,1104,8,0,,1,0.0008492458146065474
lt_influence_construct,s-549c1054c9c329302a40dd8780686734,s-549c1054c9c329302a40dd8780686734,random_candidate,1105,8,0,,1,0.000843405956402421
lt_influence_construct,s-549c1054c9c329302a40dd8780686734,s-549c1054c9c329302a40dd8780686734,threshold_deficit,20261003,8,0,,1,0.0008490560576319695
lt_influence_construct,s-549c1054c9c329302a40dd8780686734,s-549c1054c9c329302a40dd8780686734,two_hop_reach,20261003,8,0,,1,0.0008580659050494432
lt_influence_construct,s-55d7c34866e4b0aef1248758feffdeb7,s-55d7c34866e4b0aef1248758feffdeb7,classical,20261003,11,0,,0,0.00012409291230142117
lt_influence_construct,s-55d7c34866e4b0aef1248758feffdeb7,s-55d7c34866e4b0aef1248758feffdeb7,marginal_cascade,20261003,11,0,,1,0.0008409959264099598
lt_influence_construct,s-55d7c34866e4b0aef1248758feffdeb7,s-55d7c34866e4b0aef1248758feffdeb7,outdegree,20261003,10,1,,1,0.0008337858598679304
lt_influence_construct,s-55d7c34866e4b0aef1248758feffdeb7,s-55d7c34866e4b0aef1248758feffdeb7,random_candidate,1101,11,0,,1,0.0008469459135085344
lt_influence_construct,s-55d7c34866e4b0aef1248758feffdeb7,s-55d7c34866e4b0aef1248758feffdeb7,random_candidate,1102,10,1,,1,0.000842174980789423
lt_influence_construct,s-55d7c34866e4b0aef1248758feffdeb7,s-55d7c34866e4b0aef1248758feffdeb7,random_candidate,1103,10,1,,1,0.0008246949873864651
lt_influence_construct,s-55d7c34866e4b0aef1248758feffdeb7,s-55d7c34866e4b0aef1248758feffdeb7,random_candidate,1104,11,0,,1,0.0008252649568021297
lt_influence_construct,s-55d7c34866e4b0aef1248758feffdeb7,s-55d7c34866e4b0aef1248758feffdeb7,random_candidate,1105,10,1,,1,0.0008248158264905214
lt_influence_construct,s-55d7c34866e4b0aef1248758feffdeb7,s-55d7c34866e4b0aef1248758feffdeb7,threshold_deficit,20261003,10,1,,1,0.0008263550698757172
lt_influence_construct,s-55d7c34866e4b0aef1248758feffdeb7,s-55d7c34866e4b0aef1248758feffdeb7,two_hop_reach,20261003,10,1,,1,0.0008247250225394964
lt_influence_construct,s-6f4701c7c6d9dc535ef039ceca66d005,s-6f4701c7c6d9dc535ef039ceca66d005,classical,20261003,9,0,,0,9.449198842048645e-05
lt_influence_construct,s-6f4701c7c6d9dc535ef039ceca66d005,s-6f4701c7c6d9dc535ef039ceca66d005,marginal_cascade,20261003,9,0,,0,0.0009416490793228149
lt_influence_construct,s-6f4701c7c6d9dc535ef039ceca66d005,s-6f4701c7c6d9dc535ef039ceca66d005,outdegree,20261003,9,0,,1,0.0007752440869808197
lt_influence_construct,s-6f4701c7c6d9dc535ef039ceca66d005,s-6f4701c7c6d9dc535ef039ceca66d005,random_candidate,1101,9,0,,1,0.0008024950511753559
lt_influence_construct,s-6f4701c7c6d9dc535ef039ceca66d005,s-6f4701c7c6d9dc535ef039ceca66d005,random_candidate,1102,9,0,,1,0.0007743730675429106
lt_influence_construct,s-6f4701c7c6d9dc535ef039ceca66d005,s-6f4701c7c6d9dc535ef039ceca66d005,random_candidate,1103,9,0,,1,0.0007710629142820835
lt_influence_construct,s-6f4701c7c6d9dc535ef039ceca66d005,s-6f4701c7c6d9dc535ef039ceca66d005,random_candidate,1104,9,0,,1,0.0007724629249423742
lt_influence_construct,s-6f4701c7c6d9dc535ef039ceca66d005,s-6f4701c7c6d9dc535ef039ceca66d005,random_candidate,1105,9,0,,0,0.0009419790003448725
lt_influence_construct,s-6f4701c7c6d9dc535ef039ceca66d005,s-6f4701c7c6d9dc535ef039ceca66d005,threshold_deficit,20261003,7,2,,0,0.0009242589585483074
lt_influence_construct,s-6f4701c7c6d9dc535ef039ceca66d005,s-6f4701c7c6d9dc535ef039ceca66d005,two_hop_reach,20261003,9,0,,0,0.0009282277897000313
lt_influence_construct,s-6f79f998d5e422ee7ca0545975f6c9bb,s-6f79f998d5e422ee7ca0545975f6c9bb,classical,20261003,8,0,,0,8.934200741350651e-05
lt_influence_construct,s-6f79f998d5e422ee7ca0545975f6c9bb,s-6f79f998d5e422ee7ca0545975f6c9bb,marginal_cascade,20261003,8,0,,0,0.0007874551229178905
lt_influence_construct,s-6f79f998d5e422ee7ca0545975f6c9bb,s-6f79f998d5e422ee7ca0545975f6c9bb,outdegree,20261003,7,1,,1,0.0006622809451073408
lt_influence_construct,s-6f79f998d5e422ee7ca0545975f6c9bb,s-6f79f998d5e422ee7ca0545975f6c9bb,random_candidate,1101,5,3,,0,0.0007689339108765125
lt_influence_construct,s-6f79f998d5e422ee7ca0545975f6c9bb,s-6f79f998d5e422ee7ca0545975f6c9bb,random_candidate,1102,7,1,,1,0.0006743809208273888
lt_influence_construct,s-6f79f998d5e422ee7ca0545975f6c9bb,s-6f79f998d5e422ee7ca0545975f6c9bb,random_candidate,1103,5,3,,0,0.0007766729686409235
lt_influence_construct,s-6f79f998d5e422ee7ca0545975f6c9bb,s-6f79f998d5e422ee7ca0545975f6c9bb,random_candidate,1104,5,3,,0,0.0007704240269958973
lt_influence_construct,s-6f79f998d5e422ee7ca0545975f6c9bb,s-6f79f998d5e422ee7ca0545975f6c9bb,random_candidate,1105,5,3,,0,0.0008025350980460644
lt_influence_construct,s-6f79f998d5e422ee7ca0545975f6c9bb,s-6f79f998d5e422ee7ca0545975f6c9bb,threshold_deficit,20261003,7,1,,1,0.0006577800959348679
lt_influence_construct,s-6f79f998d5e422ee7ca0545975f6c9bb,s-6f79f998d5e422ee7ca0545975f6c9bb,two_hop_reach,20261003,8,0,,0,0.0007764738984405994
lt_influence_construct,s-6fca7dd364a46e9d60f169bca70278ac,s-6fca7dd364a46e9d60f169bca70278ac,classical,20261003,10,0,,0,0.00011914316564798355
lt_influence_construct,s-6fca7dd364a46e9d60f169bca70278ac,s-6fca7dd364a46e9d60f169bca70278ac,marginal_cascade,20261003,10,0,,1,0.0008288060780614614
lt_influence_construct,s-6fca7dd364a46e9d60f169bca70278ac,s-6fca7dd364a46e9d60f169bca70278ac,outdegree,20261003,8,2,,1,0.0008189950603991747
lt_influence_construct,s-6fca7dd364a46e9d60f169bca70278ac,s-6fca7dd364a46e9d60f169bca70278ac,random_candidate,1101,10,0,,1,0.0007872940041124821
lt_influence_construct,s-6fca7dd364a46e9d60f169bca70278ac,s-6fca7dd364a46e9d60f169bca70278ac,random_candidate,1102,8,2,,1,0.0007920640055090189
lt_influence_construct,s-6fca7dd364a46e9d60f169bca70278ac,s-6fca7dd364a46e9d60f169bca70278ac,random_candidate,1103,10,0,,1,0.0007830550894141197
lt_influence_construct,s-6fca7dd364a46e9d60f169bca70278ac,s-6fca7dd364a46e9d60f169bca70278ac,random_candidate,1104,10,0,,1,0.0007856041193008423
lt_influence_construct,s-6fca7dd364a46e9d60f169bca70278ac,s-6fca7dd364a46e9d60f169bca70278ac,random_candidate,1105,8,2,,1,0.0007998039945960045
lt_influence_construct,s-6fca7dd364a46e9d60f169bca70278ac,s-6fca7dd364a46e9d60f169bca70278ac,threshold_deficit,20261003,10,0,,1,0.0007875950541347265
lt_influence_construct,s-6fca7dd364a46e9d60f169bca70278ac,s-6fca7dd364a46e9d60f169bca70278ac,two_hop_reach,20261003,10,0,,1,0.0007831540424376726
lt_influence_construct,s-7c25907db44e977cd1725dd27587d14c,s-7c25907db44e977cd1725dd27587d14c,classical,20261003,11,0,,0,0.00011812406592071056
lt_influence_construct,s-7c25907db44e977cd1725dd27587d14c,s-7c25907db44e977cd1725dd27587d14c,marginal_cascade,20261003,11,0,,0,0.001129993936046958
lt_influence_construct,s-7c25907db44e977cd1725dd27587d14c,s-7c25907db44e977cd1725dd27587d14c,outdegree,20261003,11,0,,1,0.0009411489591002464
lt_influence_construct,s-7c25907db44e977cd1725dd27587d14c,s-7c25907db44e977cd1725dd27587d14c,random_candidate,1101,11,0,,1,0.0009556792210787535
lt_influence_construct,s-7c25907db44e977cd1725dd27587d14c,s-7c25907db44e977cd1725dd27587d14c,random_candidate,1102,11,0,,1,0.0009296480566263199
lt_influence_construct,s-7c25907db44e977cd1725dd27587d14c,s-7c25907db44e977cd1725dd27587d14c,random_candidate,1103,11,0,,1,0.0009295179042965174
lt_influence_construct,s-7c25907db44e977cd1725dd27587d14c,s-7c25907db44e977cd1725dd27587d14c,random_candidate,1104,11,0,,1,0.0009346590377390385
lt_influence_construct,s-7c25907db44e977cd1725dd27587d14c,s-7c25907db44e977cd1725dd27587d14c,random_candidate,1105,10,1,,0,0.001074481988325715
lt_influence_construct,s-7c25907db44e977cd1725dd27587d14c,s-7c25907db44e977cd1725dd27587d14c,threshold_deficit,20261003,10,1,,0,0.0011085239239037037
lt_influence_construct,s-7c25907db44e977cd1725dd27587d14c,s-7c25907db44e977cd1725dd27587d14c,two_hop_reach,20261003,10,1,,0,0.0011329250410199165
lt_influence_construct,s-8374c80b70d9deff23730db881d47a34,s-8374c80b70d9deff23730db881d47a34,classical,20261003,8,0,,0,0.00010811397805809975
lt_influence_construct,s-8374c80b70d9deff23730db881d47a34,s-8374c80b70d9deff23730db881d47a34,marginal_cascade,20261003,8,0,,0,0.0007420629262924194
lt_influence_construct,s-8374c80b70d9deff23730db881d47a34,s-8374c80b70d9deff23730db881d47a34,outdegree,20261003,6,2,,0,0.0007219519466161728
lt_influence_construct,s-8374c80b70d9deff23730db881d47a34,s-8374c80b70d9deff23730db881d47a34,random_candidate,1101,7,1,,0,0.0007158820517361164
lt_influence_construct,s-8374c80b70d9deff23730db881d47a34,s-8374c80b70d9deff23730db881d47a34,random_candidate,1102,6,2,,0,0.0007054908201098442
lt_influence_construct,s-8374c80b70d9deff23730db881d47a34,s-8374c80b70d9deff23730db881d47a34,random_candidate,1103,7,1,,0,0.0007012919522821903
lt_influence_construct,s-8374c80b70d9deff23730db881d47a34,s-8374c80b70d9deff23730db881d47a34,random_candidate,1104,7,1,,0,0.000705961138010025
lt_influence_construct,s-8374c80b70d9deff23730db881d47a34,s-8374c80b70d9deff23730db881d47a34,random_candidate,1105,5,3,,0,0.0007542718667536974
lt_influence_construct,s-8374c80b70d9deff23730db881d47a34,s-8374c80b70d9deff23730db881d47a34,threshold_deficit,20261003,7,1,,0,0.0007156908977776766
lt_influence_construct,s-8374c80b70d9deff23730db881d47a34,s-8374c80b70d9deff23730db881d47a34,two_hop_reach,20261003,8,0,,0,0.0007297620177268982
lt_influence_construct,s-863fe811a193f3f8f23c4811dd0c96a4,s-863fe811a193f3f8f23c4811dd0c96a4,classical,20261003,5,2,,0,5.797180347144604e-05
lt_influence_construct,s-863fe811a193f3f8f23c4811dd0c96a4,s-863fe811a193f3f8f23c4811dd0c96a4,marginal_cascade,20261003,5,2,,0,0.0007068819832056761
lt_influence_construct,s-863fe811a193f3f8f23c4811dd0c96a4,s-863fe811a193f3f8f23c4811dd0c96a4,outdegree,20261003,7,0,,1,0.0005918480455875397
lt_influence_construct,s-863fe811a193f3f8f23c4811dd0c96a4,s-863fe811a193f3f8f23c4811dd0c96a4,random_candidate,1101,5,2,,0,0.0006844301242381334
lt_influence_construct,s-863fe811a193f3f8f23c4811dd0c96a4,s-863fe811a193f3f8f23c4811dd0c96a4,random_candidate,1102,5,2,,0,0.0006829509511590004
lt_influence_construct,s-863fe811a193f3f8f23c4811dd0c96a4,s-863fe811a193f3f8f23c4811dd0c96a4,random_candidate,1103,5,2,,0,0.0006797211244702339
lt_influence_construct,s-863fe811a193f3f8f23c4811dd0c96a4,s-863fe811a193f3f8f23c4811dd0c96a4,random_candidate,1104,5,2,,0,0.0006822110153734684
lt_influence_construct,s-863fe811a193f3f8f23c4811dd0c96a4,s-863fe811a193f3f8f23c4811dd0c96a4,random_candidate,1105,7,0,,1,0.0005784579552710056
lt_influence_construct,s-863fe811a193f3f8f23c4811dd0c96a4,s-863fe811a193f3f8f23c4811dd0c96a4,threshold_deficit,20261003,5,2,,0,0.0006768808234483004
lt_influence_construct,s-863fe811a193f3f8f23c4811dd0c96a4,s-863fe811a193f3f8f23c4811dd0c96a4,two_hop_reach,20261003,7,0,,1,0.0005798779893666506
lt_influence_construct,s-89267de22c9ad4abded5bb78bce70b2a,s-89267de22c9ad4abded5bb78bce70b2a,classical,20261003,3,0,,0,4.832213744521141e-05
lt_influence_construct,s-89267de22c9ad4abded5bb78bce70b2a,s-89267de22c9ad4abded5bb78bce70b2a,marginal_cascade,20261003,3,0,,0,0.000545817194506526
lt_influence_construct,s-89267de22c9ad4abded5bb78bce70b2a,s-89267de22c9ad4abded5bb78bce70b2a,outdegree,20261003,3,0,,1,0.0004220630507916212
lt_influence_construct,s-89267de22c9ad4abded5bb78bce70b2a,s-89267de22c9ad4abded5bb78bce70b2a,random_candidate,1101,3,0,,1,0.0004262931179255247
lt_influence_construct,s-89267de22c9ad4abded5bb78bce70b2a,s-89267de22c9ad4abded5bb78bce70b2a,random_candidate,1102,3,0,,1,0.00045388401485979557
lt_influence_construct,s-89267de22c9ad4abded5bb78bce70b2a,s-89267de22c9ad4abded5bb78bce70b2a,random_candidate,1103,3,0,,1,0.00042759301140904427
lt_influence_construct,s-89267de22c9ad4abded5bb78bce70b2a,s-89267de22c9ad4abded5bb78bce70b2a,random_candidate,1104,3,0,,1,0.00041756313294172287
lt_influence_construct,s-89267de22c9ad4abded5bb78bce70b2a,s-89267de22c9ad4abded5bb78bce70b2a,random_candidate,1105,3,0,,0,0.0005034550558775663
lt_influence_construct,s-89267de22c9ad4abded5bb78bce70b2a,s-89267de22c9ad4abded5bb78bce70b2a,threshold_deficit,20261003,3,0,,0,0.0005249760579317808
lt_influence_construct,s-89267de22c9ad4abded5bb78bce70b2a,s-89267de22c9ad4abded5bb78bce70b2a,two_hop_reach,20261003,3,0,,1,0.0004279930144548416
lt_influence_construct,s-8be15b9e8281a7cc1ad9430b7ea66951,s-8be15b9e8281a7cc1ad9430b7ea66951,classical,20261003,7,0,,0,9.854300878942013e-05
lt_influence_construct,s-8be15b9e8281a7cc1ad9430b7ea66951,s-8be15b9e8281a7cc1ad9430b7ea66951,marginal_cascade,20261003,7,0,,1,0.0006762710399925709
lt_influence_construct,s-8be15b9e8281a7cc1ad9430b7ea66951,s-8be15b9e8281a7cc1ad9430b7ea66951,outdegree,20261003,7,0,,1,0.0006619999185204506
lt_influence_construct,s-8be15b9e8281a7cc1ad9430b7ea66951,s-8be15b9e8281a7cc1ad9430b7ea66951,random_candidate,1101,7,0,,1,0.0006652399897575378
lt_influence_construct,s-8be15b9e8281a7cc1ad9430b7ea66951,s-8be15b9e8281a7cc1ad9430b7ea66951,random_candidate,1102,7,0,,1,0.0006630800198763609
lt_influence_construct,s-8be15b9e8281a7cc1ad9430b7ea66951,s-8be15b9e8281a7cc1ad9430b7ea66951,random_candidate,1103,7,0,,1,0.0006563800852745771
lt_influence_construct,s-8be15b9e8281a7cc1ad9430b7ea66951,s-8be15b9e8281a7cc1ad9430b7ea66951,random_candidate,1104,7,0,,1,0.000658760778605938
lt_influence_construct,s-8be15b9e8281a7cc1ad9430b7ea66951,s-8be15b9e8281a7cc1ad9430b7ea66951,random_candidate,1105,7,0,,1,0.0006571500562131405
lt_influence_construct,s-8be15b9e8281a7cc1ad9430b7ea66951,s-8be15b9e8281a7cc1ad9430b7ea66951,threshold_deficit,20261003,7,0,,1,0.0006815611850470304
lt_influence_construct,s-8be15b9e8281a7cc1ad9430b7ea66951,s-8be15b9e8281a7cc1ad9430b7ea66951,two_hop_reach,20261003,7,0,,1,0.0006691508460789919
lt_influence_construct,s-95c3b9b4137157429b2ff865d081f06c,s-95c3b9b4137157429b2ff865d081f06c,classical,20261003,5,0,,0,4.955194890499115e-05
lt_influence_construct,s-95c3b9b4137157429b2ff865d081f06c,s-95c3b9b4137157429b2ff865d081f06c,marginal_cascade,20261003,5,0,,1,0.0004388929810374975
lt_influence_construct,s-95c3b9b4137157429b2ff865d081f06c,s-95c3b9b4137157429b2ff865d081f06c,outdegree,20261003,5,0,,1,0.0004161931574344635
lt_influence_construct,s-95c3b9b4137157429b2ff865d081f06c,s-95c3b9b4137157429b2ff865d081f06c,random_candidate,1101,5,0,,1,0.00041640293784439564
lt_influence_construct,s-95c3b9b4137157429b2ff865d081f06c,s-95c3b9b4137157429b2ff865d081f06c,random_candidate,1102,5,0,,1,0.00043109292164444923
lt_influence_construct,s-95c3b9b4137157429b2ff865d081f06c,s-95c3b9b4137157429b2ff865d081f06c,random_candidate,1103,4,1,,1,0.00041775312274694443
lt_influence_construct,s-95c3b9b4137157429b2ff865d081f06c,s-95c3b9b4137157429b2ff865d081f06c,random_candidate,1104,5,0,,1,0.0004290130455046892
lt_influence_construct,s-95c3b9b4137157429b2ff865d081f06c,s-95c3b9b4137157429b2ff865d081f06c,random_candidate,1105,5,0,,1,0.00041561294347047806
lt_influence_construct,s-95c3b9b4137157429b2ff865d081f06c,s-95c3b9b4137157429b2ff865d081f06c,threshold_deficit,20261003,4,1,,1,0.00040942197665572166
lt_influence_construct,s-95c3b9b4137157429b2ff865d081f06c,s-95c3b9b4137157429b2ff865d081f06c,two_hop_reach,20261003,4,1,,1,0.0004202229902148247
lt_influence_construct,s-96099035924f6512e2e23fff89d527a1,s-96099035924f6512e2e23fff89d527a1,classical,20261003,10,0,,0,9.365309961140156e-05
lt_influence_construct,s-96099035924f6512e2e23fff89d527a1,s-96099035924f6512e2e23fff89d527a1,marginal_cascade,20261003,10,0,,1,0.0007979050278663635
lt_influence_construct,s-96099035924f6512e2e23fff89d527a1,s-96099035924f6512e2e23fff89d527a1,outdegree,20261003,9,1,,1,0.0008115340024232864
lt_influence_construct,s-96099035924f6512e2e23fff89d527a1,s-96099035924f6512e2e23fff89d527a1,random_candidate,1101,9,1,,1,0.0007856742013245821
lt_influence_construct,s-96099035924f6512e2e23fff89d527a1,s-96099035924f6512e2e23fff89d527a1,random_candidate,1102,10,0,,1,0.0007770638912916183
lt_influence_construct,s-96099035924f6512e2e23fff89d527a1,s-96099035924f6512e2e23fff89d527a1,random_candidate,1103,9,1,,1,0.0007817540317773819
lt_influence_construct,s-96099035924f6512e2e23fff89d527a1,s-96099035924f6512e2e23fff89d527a1,random_candidate,1104,9,1,,1,0.0007752941455692053
lt_influence_construct,s-96099035924f6512e2e23fff89d527a1,s-96099035924f6512e2e23fff89d527a1,random_candidate,1105,10,0,,1,0.0007768231444060802
lt_influence_construct,s-96099035924f6512e2e23fff89d527a1,s-96099035924f6512e2e23fff89d527a1,threshold_deficit,20261003,10,0,,1,0.0007786441128700972
lt_influence_construct,s-96099035924f6512e2e23fff89d527a1,s-96099035924f6512e2e23fff89d527a1,two_hop_reach,20261003,10,0,,1,0.0007791039533913136
lt_influence_construct,s-99a885cd159a3ad00a186a66ab9d449e,s-99a885cd159a3ad00a186a66ab9d449e,classical,20261003,5,0,,0,9.311293251812458e-05
lt_influence_construct,s-99a885cd159a3ad00a186a66ab9d449e,s-99a885cd159a3ad00a186a66ab9d449e,marginal_cascade,20261003,5,0,,0,0.0009386390447616577
lt_influence_construct,s-99a885cd159a3ad00a186a66ab9d449e,s-99a885cd159a3ad00a186a66ab9d449e,outdegree,20261003,3,2,,0,0.0009227190166711807
lt_influence_construct,s-99a885cd159a3ad00a186a66ab9d449e,s-99a885cd159a3ad00a186a66ab9d449e,random_candidate,1101,5,0,,0,0.0009082381147891283
lt_influence_construct,s-99a885cd159a3ad00a186a66ab9d449e,s-99a885cd159a3ad00a186a66ab9d449e,random_candidate,1102,5,0,,0,0.0009390688501298428
lt_influence_construct,s-99a885cd159a3ad00a186a66ab9d449e,s-99a885cd159a3ad00a186a66ab9d449e,random_candidate,1103,5,0,,0,0.0009052278473973274
lt_influence_construct,s-99a885cd159a3ad00a186a66ab9d449e,s-99a885cd159a3ad00a186a66ab9d449e,random_candidate,1104,5,0,,0,0.0009020471479743719
lt_influence_construct,s-99a885cd159a3ad00a186a66ab9d449e,s-99a885cd159a3ad00a186a66ab9d449e,random_candidate,1105,3,2,,0,0.000918748090043664
lt_influence_construct,s-99a885cd159a3ad00a186a66ab9d449e,s-99a885cd159a3ad00a186a66ab9d449e,threshold_deficit,20261003,5,0,,0,0.0009108080994337797
lt_influence_construct,s-99a885cd159a3ad00a186a66ab9d449e,s-99a885cd159a3ad00a186a66ab9d449e,two_hop_reach,20261003,5,0,,0,0.000918437959626317
lt_influence_construct,s-b24a9d04fc3cb1ef8f0fb949b5010e07,s-b24a9d04fc3cb1ef8f0fb949b5010e07,classical,20261003,8,0,,0,6.25120010226965e-05
lt_influence_construct,s-b24a9d04fc3cb1ef8f0fb949b5010e07,s-b24a9d04fc3cb1ef8f0fb949b5010e07,marginal_cascade,20261003,8,0,,0,0.0006580010522156954
lt_influence_construct,s-b24a9d04fc3cb1ef8f0fb949b5010e07,s-b24a9d04fc3cb1ef8f0fb949b5010e07,outdegree,20261003,8,0,,1,0.000533596845343709
lt_influence_construct,s-b24a9d04fc3cb1ef8f0fb949b5010e07,s-b24a9d04fc3cb1ef8f0fb949b5010e07,random_candidate,1101,8,0,,1,0.000526475952938199
lt_influence_construct,s-b24a9d04fc3cb1ef8f0fb949b5010e07,s-b24a9d04fc3cb1ef8f0fb949b5010e07,random_candidate,1102,8,0,,1,0.0005614380352199078
lt_influence_construct,s-b24a9d04fc3cb1ef8f0fb949b5010e07,s-b24a9d04fc3cb1ef8f0fb949b5010e07,random_candidate,1103,8,0,,1,0.0005350969731807709
lt_influence_construct,s-b24a9d04fc3cb1ef8f0fb949b5010e07,s-b24a9d04fc3cb1ef8f0fb949b5010e07,random_candidate,1104,8,0,,1,0.000531855970621109
lt_influence_construct,s-b24a9d04fc3cb1ef8f0fb949b5010e07,s-b24a9d04fc3cb1ef8f0fb949b5010e07,random_candidate,1105,7,1,,0,0.0006333088967949152
lt_influence_construct,s-b24a9d04fc3cb1ef8f0fb949b5010e07,s-b24a9d04fc3cb1ef8f0fb949b5010e07,threshold_deficit,20261003,8,0,,1,0.0005364071112126112
lt_influence_construct,s-b24a9d04fc3cb1ef8f0fb949b5010e07,s-b24a9d04fc3cb1ef8f0fb949b5010e07,two_hop_reach,20261003,7,1,,0,0.000633748946711421
lt_influence_construct,s-b7fe53dd1f3bbcbeda0fe0b895ce5fe6,s-b7fe53dd1f3bbcbeda0fe0b895ce5fe6,classical,20261003,9,0,,0,8.246302604675293e-05
lt_influence_construct,s-b7fe53dd1f3bbcbeda0fe0b895ce5fe6,s-b7fe53dd1f3bbcbeda0fe0b895ce5fe6,marginal_cascade,20261003,9,0,,1,0.0005780970677733421
lt_influence_construct,s-b7fe53dd1f3bbcbeda0fe0b895ce5fe6,s-b7fe53dd1f3bbcbeda0fe0b895ce5fe6,outdegree,20261003,8,1,,1,0.000565387075766921
lt_influence_construct,s-b7fe53dd1f3bbcbeda0fe0b895ce5fe6,s-b7fe53dd1f3bbcbeda0fe0b895ce5fe6,random_candidate,1101,9,0,,1,0.0005655970890074968
lt_influence_construct,s-b7fe53dd1f3bbcbeda0fe0b895ce5fe6,s-b7fe53dd1f3bbcbeda0fe0b895ce5fe6,random_candidate,1102,8,1,,1,0.0005502470303326845
lt_influence_construct,s-b7fe53dd1f3bbcbeda0fe0b895ce5fe6,s-b7fe53dd1f3bbcbeda0fe0b895ce5fe6,random_candidate,1103,9,0,,1,0.0005661670584231615
lt_influence_construct,s-b7fe53dd1f3bbcbeda0fe0b895ce5fe6,s-b7fe53dd1f3bbcbeda0fe0b895ce5fe6,random_candidate,1104,9,0,,1,0.0005632070824503899
lt_influence_construct,s-b7fe53dd1f3bbcbeda0fe0b895ce5fe6,s-b7fe53dd1f3bbcbeda0fe0b895ce5fe6,random_candidate,1105,8,1,,1,0.000594218960031867
lt_influence_construct,s-b7fe53dd1f3bbcbeda0fe0b895ce5fe6,s-b7fe53dd1f3bbcbeda0fe0b895ce5fe6,threshold_deficit,20261003,9,0,,1,0.0005622268654406071
lt_influence_construct,s-b7fe53dd1f3bbcbeda0fe0b895ce5fe6,s-b7fe53dd1f3bbcbeda0fe0b895ce5fe6,two_hop_reach,20261003,9,0,,1,0.0005559870041906834
lt_influence_construct,s-baeeeeca8e686d61f82984aa5ca479d2,s-baeeeeca8e686d61f82984aa5ca479d2,classical,20261003,8,0,,0,8.024205453693867e-05
lt_influence_construct,s-baeeeeca8e686d61f82984aa5ca479d2,s-baeeeeca8e686d61f82984aa5ca479d2,marginal_cascade,20261003,8,0,,0,0.000814356142655015
lt_influence_construct,s-baeeeeca8e686d61f82984aa5ca479d2,s-baeeeeca8e686d61f82984aa5ca479d2,outdegree,20261003,7,1,,0,0.0008091649506241083
lt_influence_construct,s-baeeeeca8e686d61f82984aa5ca479d2,s-baeeeeca8e686d61f82984aa5ca479d2,random_candidate,1101,6,2,,0,0.0007846241351217031
lt_influence_construct,s-baeeeeca8e686d61f82984aa5ca479d2,s-baeeeeca8e686d61f82984aa5ca479d2,random_candidate,1102,8,0,,0,0.0007987949065864086
lt_influence_construct,s-baeeeeca8e686d61f82984aa5ca479d2,s-baeeeeca8e686d61f82984aa5ca479d2,random_candidate,1103,6,2,,0,0.0007821239996701479
lt_influence_construct,s-baeeeeca8e686d61f82984aa5ca479d2,s-baeeeeca8e686d61f82984aa5ca479d2,random_candidate,1104,6,2,,0,0.000779374036937952
lt_influence_construct,s-baeeeeca8e686d61f82984aa5ca479d2,s-baeeeeca8e686d61f82984aa5ca479d2,random_candidate,1105,7,1,,0,0.0008020040113478899
lt_influence_construct,s-baeeeeca8e686d61f82984aa5ca479d2,s-baeeeeca8e686d61f82984aa5ca479d2,threshold_deficit,20261003,5,3,,0,0.0008296561427414417
lt_influence_construct,s-baeeeeca8e686d61f82984aa5ca479d2,s-baeeeeca8e686d61f82984aa5ca479d2,two_hop_reach,20261003,7,1,,0,0.0008120851125568151
lt_influence_construct,s-bc521abbb0721dd677ad6ddf766d7d0a,s-bc521abbb0721dd677ad6ddf766d7d0a,classical,20261003,8,0,,0,7.219216786324978e-05
lt_influence_construct,s-bc521abbb0721dd677ad6ddf766d7d0a,s-bc521abbb0721dd677ad6ddf766d7d0a,marginal_cascade,20261003,8,0,,1,0.0006513108965009451
lt_influence_construct,s-bc521abbb0721dd677ad6ddf766d7d0a,s-bc521abbb0721dd677ad6ddf766d7d0a,outdegree,20261003,7,1,,1,0.0005995889659970999
lt_influence_construct,s-bc521abbb0721dd677ad6ddf766d7d0a,s-bc521abbb0721dd677ad6ddf766d7d0a,random_candidate,1101,7,1,,1,0.0005751179996877909
lt_influence_construct,s-bc521abbb0721dd677ad6ddf766d7d0a,s-bc521abbb0721dd677ad6ddf766d7d0a,random_candidate,1102,8,0,,1,0.0005796670448035002
lt_influence_construct,s-bc521abbb0721dd677ad6ddf766d7d0a,s-bc521abbb0721dd677ad6ddf766d7d0a,random_candidate,1103,7,1,,1,0.0005831078160554171
lt_influence_construct,s-bc521abbb0721dd677ad6ddf766d7d0a,s-bc521abbb0721dd677ad6ddf766d7d0a,random_candidate,1104,7,1,,1,0.0005940392147749662
lt_influence_construct,s-bc521abbb0721dd677ad6ddf766d7d0a,s-bc521abbb0721dd677ad6ddf766d7d0a,random_candidate,1105,8,0,,1,0.0005711868871003389
lt_influence_construct,s-bc521abbb0721dd677ad6ddf766d7d0a,s-bc521abbb0721dd677ad6ddf766d7d0a,threshold_deficit,20261003,7,1,,1,0.0005852680187672377
lt_influence_construct,s-bc521abbb0721dd677ad6ddf766d7d0a,s-bc521abbb0721dd677ad6ddf766d7d0a,two_hop_reach,20261003,7,1,,1,0.000604239059612155
lt_influence_construct,s-bc98ff2d2ee40b5f844bed73126dd199,s-bc98ff2d2ee40b5f844bed73126dd199,classical,20261003,9,2,,0,0.0001293439418077469
lt_influence_construct,s-bc98ff2d2ee40b5f844bed73126dd199,s-bc98ff2d2ee40b5f844bed73126dd199,marginal_cascade,20261003,9,2,,0,0.0012029060162603855
lt_influence_construct,s-bc98ff2d2ee40b5f844bed73126dd199,s-bc98ff2d2ee40b5f844bed73126dd199,outdegree,20261003,8,3,,0,0.001157216029241681
lt_influence_construct,s-bc98ff2d2ee40b5f844bed73126dd199,s-bc98ff2d2ee40b5f844bed73126dd199,random_candidate,1101,9,2,,0,0.001146265072748065
lt_influence_construct,s-bc98ff2d2ee40b5f844bed73126dd199,s-bc98ff2d2ee40b5f844bed73126dd199,random_candidate,1102,9,2,,0,0.001155775971710682
lt_influence_construct,s-bc98ff2d2ee40b5f844bed73126dd199,s-bc98ff2d2ee40b5f844bed73126dd199,random_candidate,1103,8,3,,0,0.001146094873547554
lt_influence_construct,s-bc98ff2d2ee40b5f844bed73126dd199,s-bc98ff2d2ee40b5f844bed73126dd199,random_candidate,1104,9,2,,0,0.0011666850186884403
lt_influence_construct,s-bc98ff2d2ee40b5f844bed73126dd199,s-bc98ff2d2ee40b5f844bed73126dd199,random_candidate,1105,11,0,,0,0.001196257071569562
lt_influence_construct,s-bc98ff2d2ee40b5f844bed73126dd199,s-bc98ff2d2ee40b5f844bed73126dd199,threshold_deficit,20261003,9,2,,0,0.0011431148741394281
lt_influence_construct,s-bc98ff2d2ee40b5f844bed73126dd199,s-bc98ff2d2ee40b5f844bed73126dd199,two_hop_reach,20261003,11,0,,0,0.0012248370330780745
lt_influence_construct,s-c144bf379c98c83dc4eb85d0fab49b3c,s-c144bf379c98c83dc4eb85d0fab49b3c,classical,20261003,6,1,,0,7.079192437231541e-05
lt_influence_construct,s-c144bf379c98c83dc4eb85d0fab49b3c,s-c144bf379c98c83dc4eb85d0fab49b3c,marginal_cascade,20261003,6,1,,0,0.000675140880048275
lt_influence_construct,s-c144bf379c98c83dc4eb85d0fab49b3c,s-c144bf379c98c83dc4eb85d0fab49b3c,outdegree,20261003,7,0,,1,0.0005860480014234781
lt_influence_construct,s-c144bf379c98c83dc4eb85d0fab49b3c,s-c144bf379c98c83dc4eb85d0fab49b3c,random_candidate,1101,7,0,,1,0.0005602461751550436
lt_influence_construct,s-c144bf379c98c83dc4eb85d0fab49b3c,s-c144bf379c98c83dc4eb85d0fab49b3c,random_candidate,1102,7,0,,1,0.0005674678832292557
lt_influence_construct,s-c144bf379c98c83dc4eb85d0fab49b3c,s-c144bf379c98c83dc4eb85d0fab49b3c,random_candidate,1103,7,0,,1,0.0005692169070243835
lt_influence_construct,s-c144bf379c98c83dc4eb85d0fab49b3c,s-c144bf379c98c83dc4eb85d0fab49b3c,random_candidate,1104,7,0,,1,0.0005835089832544327
lt_influence_construct,s-c144bf379c98c83dc4eb85d0fab49b3c,s-c144bf379c98c83dc4eb85d0fab49b3c,random_candidate,1105,6,1,,0,0.000654259929433465
lt_influence_construct,s-c144bf379c98c83dc4eb85d0fab49b3c,s-c144bf379c98c83dc4eb85d0fab49b3c,threshold_deficit,20261003,6,1,,0,0.0006642600055783987
lt_influence_construct,s-c144bf379c98c83dc4eb85d0fab49b3c,s-c144bf379c98c83dc4eb85d0fab49b3c,two_hop_reach,20261003,7,0,,1,0.0005686571821570396
lt_influence_construct,s-c51363b1903c0998284acea41dcd6c3d,s-c51363b1903c0998284acea41dcd6c3d,classical,20261003,11,0,,0,0.00012493389658629894
lt_influence_construct,s-c51363b1903c0998284acea41dcd6c3d,s-c51363b1903c0998284acea41dcd6c3d,marginal_cascade,20261003,11,0,,1,0.000949258916079998
lt_influence_construct,s-c51363b1903c0998284acea41dcd6c3d,s-c51363b1903c0998284acea41dcd6c3d,outdegree,20261003,11,0,,1,0.0009189681150019169
lt_influence_construct,s-c51363b1903c0998284acea41dcd6c3d,s-c51363b1903c0998284acea41dcd6c3d,random_candidate,1101,10,1,,1,0.0009254280012100935
lt_influence_construct,s-c51363b1903c0998284acea41dcd6c3d,s-c51363b1903c0998284acea41dcd6c3d,random_candidate,1102,11,0,,1,0.0009336781222373247
lt_influence_construct,s-c51363b1903c0998284acea41dcd6c3d,s-c51363b1903c0998284acea41dcd6c3d,random_candidate,1103,11,0,,1,0.0009258289355784655
lt_influence_construct,s-c51363b1903c0998284acea41dcd6c3d,s-c51363b1903c0998284acea41dcd6c3d,random_candidate,1104,10,1,,1,0.0009155380539596081
lt_influence_construct,s-c51363b1903c0998284acea41dcd6c3d,s-c51363b1903c0998284acea41dcd6c3d,random_candidate,1105,11,0,,1,0.0009262189269065857
lt_influence_construct,s-c51363b1903c0998284acea41dcd6c3d,s-c51363b1903c0998284acea41dcd6c3d,threshold_deficit,20261003,10,1,,1,0.0009727401193231344
lt_influence_construct,s-c51363b1903c0998284acea41dcd6c3d,s-c51363b1903c0998284acea41dcd6c3d,two_hop_reach,20261003,10,1,,1,0.0009271888993680477
lt_influence_construct,s-c52b6f472cd8068af02d728d86371a3d,s-c52b6f472cd8068af02d728d86371a3d,classical,20261003,11,0,,0,0.0001396751031279564
lt_influence_construct,s-c52b6f472cd8068af02d728d86371a3d,s-c52b6f472cd8068af02d728d86371a3d,marginal_cascade,20261003,11,0,,0,0.0011986671015620232
lt_influence_construct,s-c52b6f472cd8068af02d728d86371a3d,s-c52b6f472cd8068af02d728d86371a3d,outdegree,20261003,8,3,,0,0.0011635860428214073
lt_influence_construct,s-c52b6f472cd8068af02d728d86371a3d,s-c52b6f472cd8068af02d728d86371a3d,random_candidate,1101,9,2,,0,0.0011465861462056637
lt_influence_construct,s-c52b6f472cd8068af02d728d86371a3d,s-c52b6f472cd8068af02d728d86371a3d,random_candidate,1102,11,0,,0,0.0011518350802361965
lt_influence_construct,s-c52b6f472cd8068af02d728d86371a3d,s-c52b6f472cd8068af02d728d86371a3d,random_candidate,1103,9,2,,0,0.0011436750646680593
lt_influence_construct,s-c52b6f472cd8068af02d728d86371a3d,s-c52b6f472cd8068af02d728d86371a3d,random_candidate,1104,9,2,,0,0.0011343949008733034
lt_influence_construct,s-c52b6f472cd8068af02d728d86371a3d,s-c52b6f472cd8068af02d728d86371a3d,random_candidate,1105,9,2,,0,0.0011717660818248987
lt_influence_construct,s-c52b6f472cd8068af02d728d86371a3d,s-c52b6f472cd8068af02d728d86371a3d,threshold_deficit,20261003,8,3,,0,0.001192527124658227
lt_influence_construct,s-c52b6f472cd8068af02d728d86371a3d,s-c52b6f472cd8068af02d728d86371a3d,two_hop_reach,20261003,11,0,,0,0.0011365949176251888
lt_influence_construct,s-c8cb057d96aab5ae8af994b857222ba8,s-c8cb057d96aab5ae8af994b857222ba8,classical,20261003,7,0,,0,5.543208681046963e-05
lt_influence_construct,s-c8cb057d96aab5ae8af994b857222ba8,s-c8cb057d96aab5ae8af994b857222ba8,marginal_cascade,20261003,7,0,,1,0.0005422071553766727
lt_influence_construct,s-c8cb057d96aab5ae8af994b857222ba8,s-c8cb057d96aab5ae8af994b857222ba8,outdegree,20261003,7,0,,1,0.000522966030985117
lt_influence_construct,s-c8cb057d96aab5ae8af994b857222ba8,s-c8cb057d96aab5ae8af994b857222ba8,random_candidate,1101,7,0,,1,0.0005234060809016228
lt_influence_construct,s-c8cb057d96aab5ae8af994b857222ba8,s-c8cb057d96aab5ae8af994b857222ba8,random_candidate,1102,6,1,,1,0.0005278759635984898
lt_influence_construct,s-c8cb057d96aab5ae8af994b857222ba8,s-c8cb057d96aab5ae8af994b857222ba8,random_candidate,1103,7,0,,1,0.0005262759514153004
lt_influence_construct,s-c8cb057d96aab5ae8af994b857222ba8,s-c8cb057d96aab5ae8af994b857222ba8,random_candidate,1104,7,0,,1,0.000515814870595932
lt_influence_construct,s-c8cb057d96aab5ae8af994b857222ba8,s-c8cb057d96aab5ae8af994b857222ba8,random_candidate,1105,6,1,,1,0.0005241360049694777
lt_influence_construct,s-c8cb057d96aab5ae8af994b857222ba8,s-c8cb057d96aab5ae8af994b857222ba8,threshold_deficit,20261003,6,1,,1,0.0005263159982860088
lt_influence_construct,s-c8cb057d96aab5ae8af994b857222ba8,s-c8cb057d96aab5ae8af994b857222ba8,two_hop_reach,20261003,6,1,,1,0.0005212861578911543
lt_influence_construct,s-d86d431f5432821b9ea0d2ad60ce6592,s-d86d431f5432821b9ea0d2ad60ce6592,classical,20261003,10,0,,0,0.0001296941190958023
lt_influence_construct,s-d86d431f5432821b9ea0d2ad60ce6592,s-d86d431f5432821b9ea0d2ad60ce6592,marginal_cascade,20261003,10,0,,0,0.0009370280895382166
lt_influence_construct,s-d86d431f5432821b9ea0d2ad60ce6592,s-d86d431f5432821b9ea0d2ad60ce6592,outdegree,20261003,9,1,,0,0.0008764069061726332
lt_influence_construct,s-d86d431f5432821b9ea0d2ad60ce6592,s-d86d431f5432821b9ea0d2ad60ce6592,random_candidate,1101,9,1,,0,0.0009295989293605089
lt_influence_construct,s-d86d431f5432821b9ea0d2ad60ce6592,s-d86d431f5432821b9ea0d2ad60ce6592,random_candidate,1102,10,0,,0,0.0008759668562561274
lt_influence_construct,s-d86d431f5432821b9ea0d2ad60ce6592,s-d86d431f5432821b9ea0d2ad60ce6592,random_candidate,1103,9,1,,0,0.0008645961061120033
lt_influence_construct,s-d86d431f5432821b9ea0d2ad60ce6592,s-d86d431f5432821b9ea0d2ad60ce6592,random_candidate,1104,9,1,,0,0.0008661660831421614
lt_influence_construct,s-d86d431f5432821b9ea0d2ad60ce6592,s-d86d431f5432821b9ea0d2ad60ce6592,random_candidate,1105,9,1,,0,0.0008984168525785208
lt_influence_construct,s-d86d431f5432821b9ea0d2ad60ce6592,s-d86d431f5432821b9ea0d2ad60ce6592,threshold_deficit,20261003,8,2,,0,0.0008702361956238747
lt_influence_construct,s-d86d431f5432821b9ea0d2ad60ce6592,s-d86d431f5432821b9ea0d2ad60ce6592,two_hop_reach,20261003,8,2,,0,0.0008697470184415579
lt_influence_construct,s-de39fc18cde5e68a2ab647c38349a15c,s-de39fc18cde5e68a2ab647c38349a15c,classical,20261003,10,0,,0,9.550200775265694e-05
lt_influence_construct,s-de39fc18cde5e68a2ab647c38349a15c,s-de39fc18cde5e68a2ab647c38349a15c,marginal_cascade,20261003,10,0,,1,0.0007284521125257015
lt_influence_construct,s-de39fc18cde5e68a2ab647c38349a15c,s-de39fc18cde5e68a2ab647c38349a15c,outdegree,20261003,9,1,,1,0.0007101621013134718
lt_influence_construct,s-de39fc18cde5e68a2ab647c38349a15c,s-de39fc18cde5e68a2ab647c38349a15c,random_candidate,1101,10,0,,1,0.0007023620419204235
lt_influence_construct,s-de39fc18cde5e68a2ab647c38349a15c,s-de39fc18cde5e68a2ab647c38349a15c,random_candidate,1102,9,1,,1,0.0007137421052902937
lt_influence_construct,s-de39fc18cde5e68a2ab647c38349a15c,s-de39fc18cde5e68a2ab647c38349a15c,random_candidate,1103,9,1,,1,0.0007095921318978071
lt_influence_construct,s-de39fc18cde5e68a2ab647c38349a15c,s-de39fc18cde5e68a2ab647c38349a15c,random_candidate,1104,10,0,,1,0.0007089620921760798
lt_influence_construct,s-de39fc18cde5e68a2ab647c38349a15c,s-de39fc18cde5e68a2ab647c38349a15c,random_candidate,1105,9,1,,1,0.0007111718878149986
lt_influence_construct,s-de39fc18cde5e68a2ab647c38349a15c,s-de39fc18cde5e68a2ab647c38349a15c,threshold_deficit,20261003,9,1,,1,0.0006986609660089016
lt_influence_construct,s-de39fc18cde5e68a2ab647c38349a15c,s-de39fc18cde5e68a2ab647c38349a15c,two_hop_reach,20261003,9,1,,1,0.0007562129758298397
lt_influence_construct,s-dfc32e25dffc44bbdca4e55ebd7837b6,s-dfc32e25dffc44bbdca4e55ebd7837b6,classical,20261003,9,0,,0,0.0001018329057842493
lt_influence_construct,s-dfc32e25dffc44bbdca4e55ebd7837b6,s-dfc32e25dffc44bbdca4e55ebd7837b6,marginal_cascade,20261003,9,0,,1,0.0007247820030897856
lt_influence_construct,s-dfc32e25dffc44bbdca4e55ebd7837b6,s-dfc32e25dffc44bbdca4e55ebd7837b6,outdegree,20261003,8,1,,1,0.000729922903701663
lt_influence_construct,s-dfc32e25dffc44bbdca4e55ebd7837b6,s-dfc32e25dffc44bbdca4e55ebd7837b6,random_candidate,1101,8,1,,1,0.0007200019899755716
lt_influence_construct,s-dfc32e25dffc44bbdca4e55ebd7837b6,s-dfc32e25dffc44bbdca4e55ebd7837b6,random_candidate,1102,9,0,,1,0.0007154119666665792
lt_influence_construct,s-dfc32e25dffc44bbdca4e55ebd7837b6,s-dfc32e25dffc44bbdca4e55ebd7837b6,random_candidate,1103,8,1,,1,0.0007421430200338364
lt_influence_construct,s-dfc32e25dffc44bbdca4e55ebd7837b6,s-dfc32e25dffc44bbdca4e55ebd7837b6,random_candidate,1104,8,1,,1,0.0007027219980955124
lt_influence_construct,s-dfc32e25dffc44bbdca4e55ebd7837b6,s-dfc32e25dffc44bbdca4e55ebd7837b6,random_candidate,1105,9,0,,1,0.0007075020112097263
lt_influence_construct,s-dfc32e25dffc44bbdca4e55ebd7837b6,s-dfc32e25dffc44bbdca4e55ebd7837b6,threshold_deficit,20261003,9,0,,1,0.000741512980312109
lt_influence_construct,s-dfc32e25dffc44bbdca4e55ebd7837b6,s-dfc32e25dffc44bbdca4e55ebd7837b6,two_hop_reach,20261003,9,0,,1,0.0007217822130769491
lt_influence_construct,s-e824420817f2e8ef01f0ef0d6da9818c,s-e824420817f2e8ef01f0ef0d6da9818c,classical,20261003,5,0,,0,8.173193782567978e-05
lt_influence_construct,s-e824420817f2e8ef01f0ef0d6da9818c,s-e824420817f2e8ef01f0ef0d6da9818c,marginal_cascade,20261003,5,0,,1,0.0006341799162328243
lt_influence_construct,s-e824420817f2e8ef01f0ef0d6da9818c,s-e824420817f2e8ef01f0ef0d6da9818c,outdegree,20261003,5,0,,0,0.0007249230984598398
lt_influence_construct,s-e824420817f2e8ef01f0ef0d6da9818c,s-e824420817f2e8ef01f0ef0d6da9818c,random_candidate,1101,5,0,,1,0.0006310790777206421
lt_influence_construct,s-e824420817f2e8ef01f0ef0d6da9818c,s-e824420817f2e8ef01f0ef0d6da9818c,random_candidate,1102,5,0,,0,0.0007206420414149761
lt_influence_construct,s-e824420817f2e8ef01f0ef0d6da9818c,s-e824420817f2e8ef01f0ef0d6da9818c,random_candidate,1103,5,0,,1,0.000618369085714221
lt_influence_construct,s-e824420817f2e8ef01f0ef0d6da9818c,s-e824420817f2e8ef01f0ef0d6da9818c,random_candidate,1104,5,0,,1,0.0006060181185603142
lt_influence_construct,s-e824420817f2e8ef01f0ef0d6da9818c,s-e824420817f2e8ef01f0ef0d6da9818c,random_candidate,1105,5,0,,1,0.0006070190574973822
lt_influence_construct,s-e824420817f2e8ef01f0ef0d6da9818c,s-e824420817f2e8ef01f0ef0d6da9818c,threshold_deficit,20261003,5,0,,0,0.0007102810777723789
lt_influence_construct,s-e824420817f2e8ef01f0ef0d6da9818c,s-e824420817f2e8ef01f0ef0d6da9818c,two_hop_reach,20261003,5,0,,1,0.0006169090047478676
lt_influence_construct,s-eb42919b66e71591e4fdf0d0de15da05,s-eb42919b66e71591e4fdf0d0de15da05,classical,20261003,12,0,,0,0.00014899508096277714
lt_influence_construct,s-eb42919b66e71591e4fdf0d0de15da05,s-eb42919b66e71591e4fdf0d0de15da05,marginal_cascade,20261003,12,0,,0,0.0012299679219722748
lt_influence_construct,s-eb42919b66e71591e4fdf0d0de15da05,s-eb42919b66e71591e4fdf0d0de15da05,outdegree,20261003,12,0,,1,0.0010258019901812077
lt_influence_construct,s-eb42919b66e71591e4fdf0d0de15da05,s-eb42919b66e71591e4fdf0d0de15da05,random_candidate,1101,12,0,,1,0.001036250963807106
lt_influence_construct,s-eb42919b66e71591e4fdf0d0de15da05,s-eb42919b66e71591e4fdf0d0de15da05,random_candidate,1102,12,0,,1,0.001016722060739994
lt_influence_construct,s-eb42919b66e71591e4fdf0d0de15da05,s-eb42919b66e71591e4fdf0d0de15da05,random_candidate,1103,12,0,,1,0.0010546620469540358
lt_influence_construct,s-eb42919b66e71591e4fdf0d0de15da05,s-eb42919b66e71591e4fdf0d0de15da05,random_candidate,1104,12,0,,1,0.0010160109959542751
lt_influence_construct,s-eb42919b66e71591e4fdf0d0de15da05,s-eb42919b66e71591e4fdf0d0de15da05,random_candidate,1105,12,0,,0,0.0012109868694096804
lt_influence_construct,s-eb42919b66e71591e4fdf0d0de15da05,s-eb42919b66e71591e4fdf0d0de15da05,threshold_deficit,20261003,12,0,,1,0.0010250608902424574
lt_influence_construct,s-eb42919b66e71591e4fdf0d0de15da05,s-eb42919b66e71591e4fdf0d0de15da05,two_hop_reach,20261003,12,0,,0,0.0011871159076690674
lt_influence_construct,s-eb5154746c8006a52bb4033c04cdf45c,s-eb5154746c8006a52bb4033c04cdf45c,classical,20261003,9,0,,0,9.088311344385147e-05
lt_influence_construct,s-eb5154746c8006a52bb4033c04cdf45c,s-eb5154746c8006a52bb4033c04cdf45c,marginal_cascade,20261003,9,0,,0,0.0008778669871389866
lt_influence_construct,s-eb5154746c8006a52bb4033c04cdf45c,s-eb5154746c8006a52bb4033c04cdf45c,outdegree,20261003,8,1,,0,0.0009040378499776125
lt_influence_construct,s-eb5154746c8006a52bb4033c04cdf45c,s-eb5154746c8006a52bb4033c04cdf45c,random_candidate,1101,9,0,,0,0.0008603758178651333
lt_influence_construct,s-eb5154746c8006a52bb4033c04cdf45c,s-eb5154746c8006a52bb4033c04cdf45c,random_candidate,1102,8,1,,0,0.0008681260515004396
lt_influence_construct,s-eb5154746c8006a52bb4033c04cdf45c,s-eb5154746c8006a52bb4033c04cdf45c,random_candidate,1103,9,0,,0,0.0008660159073770046
lt_influence_construct,s-eb5154746c8006a52bb4033c04cdf45c,s-eb5154746c8006a52bb4033c04cdf45c,random_candidate,1104,9,0,,0,0.0008590661454945803
lt_influence_construct,s-eb5154746c8006a52bb4033c04cdf45c,s-eb5154746c8006a52bb4033c04cdf45c,random_candidate,1105,8,1,,0,0.0009101179894059896
lt_influence_construct,s-eb5154746c8006a52bb4033c04cdf45c,s-eb5154746c8006a52bb4033c04cdf45c,threshold_deficit,20261003,8,1,,0,0.0008496260270476341
lt_influence_construct,s-eb5154746c8006a52bb4033c04cdf45c,s-eb5154746c8006a52bb4033c04cdf45c,two_hop_reach,20261003,8,1,,0,0.0008536370005458593
lt_influence_construct,s-ec266044c2e89a885fefde01936ddeb8,s-ec266044c2e89a885fefde01936ddeb8,classical,20261003,11,0,,0,0.00013677403330802917
lt_influence_construct,s-ec266044c2e89a885fefde01936ddeb8,s-ec266044c2e89a885fefde01936ddeb8,marginal_cascade,20261003,11,0,,0,0.0011225240305066109
lt_influence_construct,s-ec266044c2e89a885fefde01936ddeb8,s-ec266044c2e89a885fefde01936ddeb8,outdegree,20261003,9,2,,0,0.0011352349538356066
lt_influence_construct,s-ec266044c2e89a885fefde01936ddeb8,s-ec266044c2e89a885fefde01936ddeb8,random_candidate,1101,9,2,,0,0.0011318051256239414
lt_influence_construct,s-ec266044c2e89a885fefde01936ddeb8,s-ec266044c2e89a885fefde01936ddeb8,random_candidate,1102,10,1,,0,0.001151704927906394
lt_influence_construct,s-ec266044c2e89a885fefde01936ddeb8,s-ec266044c2e89a885fefde01936ddeb8,random_candidate,1103,9,2,,0,0.0011245450004935265
lt_influence_construct,s-ec266044c2e89a885fefde01936ddeb8,s-ec266044c2e89a885fefde01936ddeb8,random_candidate,1104,9,2,,0,0.001142284832894802
lt_influence_construct,s-ec266044c2e89a885fefde01936ddeb8,s-ec266044c2e89a885fefde01936ddeb8,random_candidate,1105,9,2,,0,0.0011036139912903309
lt_influence_construct,s-ec266044c2e89a885fefde01936ddeb8,s-ec266044c2e89a885fefde01936ddeb8,threshold_deficit,20261003,11,0,,0,0.00110159395262599
lt_influence_construct,s-ec266044c2e89a885fefde01936ddeb8,s-ec266044c2e89a885fefde01936ddeb8,two_hop_reach,20261003,11,0,,0,0.0011129539925605059
lt_influence_construct,s-f598d67d4dcb975f1efc341f558cf30a,s-f598d67d4dcb975f1efc341f558cf30a,classical,20261003,6,0,,0,8.119200356304646e-05
lt_influence_construct,s-f598d67d4dcb975f1efc341f558cf30a,s-f598d67d4dcb975f1efc341f558cf30a,marginal_cascade,20261003,6,0,,1,0.0005891278851777315
lt_influence_construct,s-f598d67d4dcb975f1efc341f558cf30a,s-f598d67d4dcb975f1efc341f558cf30a,outdegree,20261003,5,1,,1,0.0005751869175583124
lt_influence_construct,s-f598d67d4dcb975f1efc341f558cf30a,s-f598d67d4dcb975f1efc341f558cf30a,random_candidate,1101,5,1,,1,0.0005688781384378672
lt_influence_construct,s-f598d67d4dcb975f1efc341f558cf30a,s-f598d67d4dcb975f1efc341f558cf30a,random_candidate,1102,6,0,,1,0.0005606471095234156
lt_influence_construct,s-f598d67d4dcb975f1efc341f558cf30a,s-f598d67d4dcb975f1efc341f558cf30a,random_candidate,1103,5,1,,1,0.0005684169009327888
lt_influence_construct,s-f598d67d4dcb975f1efc341f558cf30a,s-f598d67d4dcb975f1efc341f558cf30a,random_candidate,1104,5,1,,1,0.0005678471643477678
lt_influence_construct,s-f598d67d4dcb975f1efc341f558cf30a,s-f598d67d4dcb975f1efc341f558cf30a,random_candidate,1105,6,0,,1,0.0005584568716585636
lt_influence_construct,s-f598d67d4dcb975f1efc341f558cf30a,s-f598d67d4dcb975f1efc341f558cf30a,threshold_deficit,20261003,6,0,,1,0.0005691079422831535
lt_influence_construct,s-f598d67d4dcb975f1efc341f558cf30a,s-f598d67d4dcb975f1efc341f558cf30a,two_hop_reach,20261003,6,0,,1,0.0005664878990501165
lt_influence_construct,s-fd50b98c0c2395d7c73cd64d17cab327,s-fd50b98c0c2395d7c73cd64d17cab327,classical,20261003,4,0,,0,6.874208338558674e-05
lt_influence_construct,s-fd50b98c0c2395d7c73cd64d17cab327,s-fd50b98c0c2395d7c73cd64d17cab327,marginal_cascade,20261003,4,0,,2,0.0006136789452284575
lt_influence_construct,s-fd50b98c0c2395d7c73cd64d17cab327,s-fd50b98c0c2395d7c73cd64d17cab327,outdegree,20261003,4,0,,2,0.000600988045334816
lt_influence_construct,s-fd50b98c0c2395d7c73cd64d17cab327,s-fd50b98c0c2395d7c73cd64d17cab327,random_candidate,1101,4,0,,2,0.0005963081493973732
lt_influence_construct,s-fd50b98c0c2395d7c73cd64d17cab327,s-fd50b98c0c2395d7c73cd64d17cab327,random_candidate,1102,4,0,,2,0.0005974390078336
lt_influence_construct,s-fd50b98c0c2395d7c73cd64d17cab327,s-fd50b98c0c2395d7c73cd64d17cab327,random_candidate,1103,4,0,,2,0.0005841280799359083
lt_influence_construct,s-fd50b98c0c2395d7c73cd64d17cab327,s-fd50b98c0c2395d7c73cd64d17cab327,random_candidate,1104,4,0,,2,0.0005922180134803057
lt_influence_construct,s-fd50b98c0c2395d7c73cd64d17cab327,s-fd50b98c0c2395d7c73cd64d17cab327,random_candidate,1105,4,0,,2,0.0005909779574722052
lt_influence_construct,s-fd50b98c0c2395d7c73cd64d17cab327,s-fd50b98c0c2395d7c73cd64d17cab327,threshold_deficit,20261003,4,0,,2,0.0005846070125699043
lt_influence_construct,s-fd50b98c0c2395d7c73cd64d17cab327,s-fd50b98c0c2395d7c73cd64d17cab327,two_hop_reach,20261003,4,0,,2,0.0005832281894981861
lt_influence_construct,s-fd89e56287fd2341e0bc398cba0a0b47,s-fd89e56287fd2341e0bc398cba0a0b47,classical,20261003,8,0,,0,7.49519094824791e-05
lt_influence_construct,s-fd89e56287fd2341e0bc398cba0a0b47,s-fd89e56287fd2341e0bc398cba0a0b47,marginal_cascade,20261003,8,0,,1,0.000600307947024703
lt_influence_construct,s-fd89e56287fd2341e0bc398cba0a0b47,s-fd89e56287fd2341e0bc398cba0a0b47,outdegree,20261003,8,0,,1,0.0005788879934698343
lt_influence_construct,s-fd89e56287fd2341e0bc398cba0a0b47,s-fd89e56287fd2341e0bc398cba0a0b47,random_candidate,1101,8,0,,1,0.0005537071265280247
lt_influence_construct,s-fd89e56287fd2341e0bc398cba0a0b47,s-fd89e56287fd2341e0bc398cba0a0b47,random_candidate,1102,8,0,,1,0.0005616070702672005
lt_influence_construct,s-fd89e56287fd2341e0bc398cba0a0b47,s-fd89e56287fd2341e0bc398cba0a0b47,random_candidate,1103,8,0,,1,0.0005623470060527325
lt_influence_construct,s-fd89e56287fd2341e0bc398cba0a0b47,s-fd89e56287fd2341e0bc398cba0a0b47,random_candidate,1104,8,0,,1,0.0005528770852833986
lt_influence_construct,s-fd89e56287fd2341e0bc398cba0a0b47,s-fd89e56287fd2341e0bc398cba0a0b47,random_candidate,1105,8,0,,1,0.0005586270708590746
lt_influence_construct,s-fd89e56287fd2341e0bc398cba0a0b47,s-fd89e56287fd2341e0bc398cba0a0b47,threshold_deficit,20261003,8,0,,1,0.0005603879690170288
lt_influence_construct,s-fd89e56287fd2341e0bc398cba0a0b47,s-fd89e56287fd2341e0bc398cba0a0b47,two_hop_reach,20261003,8,0,,1,0.0005689470563083887
maxcut_construct,s-13ebd52c4888692f60b54d08e184aeb4,s-13ebd52c4888692f60b54d08e184aeb4,assigned_gain,20261003,15,0,,4,0.0013946930412203074
maxcut_construct,s-13ebd52c4888692f60b54d08e184aeb4,s-13ebd52c4888692f60b54d08e184aeb4,classical,20261003,15,0,,0,2.1690968424081802e-05
maxcut_construct,s-13ebd52c4888692f60b54d08e184aeb4,s-13ebd52c4888692f60b54d08e184aeb4,degree_balance,20261003,11,4,,3,0.0014693851117044687
maxcut_construct,s-13ebd52c4888692f60b54d08e184aeb4,s-13ebd52c4888692f60b54d08e184aeb4,greedy_completion,20261003,15,0,,2,0.0015403579454869032
maxcut_construct,s-13ebd52c4888692f60b54d08e184aeb4,s-13ebd52c4888692f60b54d08e184aeb4,opposite_completion,20261003,7,8,,2,0.001518766162917018
maxcut_construct,s-13ebd52c4888692f60b54d08e184aeb4,s-13ebd52c4888692f60b54d08e184aeb4,random_candidate,1101,13,2,,1,0.0016284300945699215
maxcut_construct,s-13ebd52c4888692f60b54d08e184aeb4,s-13ebd52c4888692f60b54d08e184aeb4,random_candidate,1102,10,5,,1,0.0016128290444612503
maxcut_construct,s-13ebd52c4888692f60b54d08e184aeb4,s-13ebd52c4888692f60b54d08e184aeb4,random_candidate,1103,13,2,,1,0.0015943690668791533
maxcut_construct,s-13ebd52c4888692f60b54d08e184aeb4,s-13ebd52c4888692f60b54d08e184aeb4,random_candidate,1104,12,3,,1,0.0016099091153591871
maxcut_construct,s-13ebd52c4888692f60b54d08e184aeb4,s-13ebd52c4888692f60b54d08e184aeb4,random_candidate,1105,11,4,,3,0.0014872949104756117
maxcut_construct,s-1408402da6aebaa1bf8148fe8c8199a2,s-1408402da6aebaa1bf8148fe8c8199a2,assigned_gain,20261003,11,0,,3,0.0009825399611145258
maxcut_construct,s-1408402da6aebaa1bf8148fe8c8199a2,s-1408402da6aebaa1bf8148fe8c8199a2,classical,20261003,11,0,,0,1.785997301340103e-05
maxcut_construct,s-1408402da6aebaa1bf8148fe8c8199a2,s-1408402da6aebaa1bf8148fe8c8199a2,degree_balance,20261003,9,2,,3,0.0009612301364541054
maxcut_construct,s-1408402da6aebaa1bf8148fe8c8199a2,s-1408402da6aebaa1bf8148fe8c8199a2,greedy_completion,20261003,11,0,,2,0.001023171003907919
maxcut_construct,s-1408402da6aebaa1bf8148fe8c8199a2,s-1408402da6aebaa1bf8148fe8c8199a2,opposite_completion,20261003,5,6,,2,0.0010224119760096073
maxcut_construct,s-1408402da6aebaa1bf8148fe8c8199a2,s-1408402da6aebaa1bf8148fe8c8199a2,random_candidate,1101,11,0,,3,0.0009731301106512547
maxcut_construct,s-1408402da6aebaa1bf8148fe8c8199a2,s-1408402da6aebaa1bf8148fe8c8199a2,random_candidate,1102,9,2,,2,0.001032042084261775
maxcut_construct,s-1408402da6aebaa1bf8148fe8c8199a2,s-1408402da6aebaa1bf8148fe8c8199a2,random_candidate,1103,11,0,,3,0.0009650599677115679
maxcut_construct,s-1408402da6aebaa1bf8148fe8c8199a2,s-1408402da6aebaa1bf8148fe8c8199a2,random_candidate,1104,10,1,,2,0.0010564131662249565
maxcut_construct,s-1408402da6aebaa1bf8148fe8c8199a2,s-1408402da6aebaa1bf8148fe8c8199a2,random_candidate,1105,10,1,,2,0.0010507919359952211
maxcut_construct,s-18064431636482488408d016d0a6bbfa,s-18064431636482488408d016d0a6bbfa,assigned_gain,20261003,9,1,,0,0.0010933938901871443
maxcut_construct,s-18064431636482488408d016d0a6bbfa,s-18064431636482488408d016d0a6bbfa,classical,20261003,9,1,,0,1.6761012375354767e-05
maxcut_construct,s-18064431636482488408d016d0a6bbfa,s-18064431636482488408d016d0a6bbfa,degree_balance,20261003,4,6,,1,0.0010118510108441114
maxcut_construct,s-18064431636482488408d016d0a6bbfa,s-18064431636482488408d016d0a6bbfa,greedy_completion,20261003,10,0,,1,0.001024510944262147
maxcut_construct,s-18064431636482488408d016d0a6bbfa,s-18064431636482488408d016d0a6bbfa,opposite_completion,20261003,3,7,,1,0.0010149909649044275
maxcut_construct,s-18064431636482488408d016d0a6bbfa,s-18064431636482488408d016d0a6bbfa,random_candidate,1101,9,1,,1,0.0010225609876215458
maxcut_construct,s-18064431636482488408d016d0a6bbfa,s-18064431636482488408d016d0a6bbfa,random_candidate,1102,6,4,,2,0.0009610899724066257
maxcut_construct,s-18064431636482488408d016d0a6bbfa,s-18064431636482488408d016d0a6bbfa,random_candidate,1103,9,1,,1,0.001037481939420104
maxcut_construct,s-18064431636482488408d016d0a6bbfa,s-18064431636482488408d016d0a6bbfa,random_candidate,1104,7,3,,1,0.001017421018332243
maxcut_construct,s-18064431636482488408d016d0a6bbfa,s-18064431636482488408d016d0a6bbfa,random_candidate,1105,8,2,,3,0.0009018280543386936
maxcut_construct,s-18542508a89b1c5d906147da9b6e9781,s-18542508a89b1c5d906147da9b6e9781,assigned_gain,20261003,13,2,,0,0.0016728409100323915
maxcut_construct,s-18542508a89b1c5d906147da9b6e9781,s-18542508a89b1c5d906147da9b6e9781,classical,20261003,13,2,,0,2.18111090362072e-05
maxcut_construct,s-18542508a89b1c5d906147da9b6e9781,s-18542508a89b1c5d906147da9b6e9781,degree_balance,20261003,11,4,,2,0.0015139761380851269
maxcut_construct,s-18542508a89b1c5d906147da9b6e9781,s-18542508a89b1c5d906147da9b6e9781,greedy_completion,20261003,15,0,,1,0.0015787289012223482
maxcut_construct,s-18542508a89b1c5d906147da9b6e9781,s-18542508a89b1c5d906147da9b6e9781,opposite_completion,20261003,4,11,,1,0.0015957588329911232
maxcut_construct,s-18542508a89b1c5d906147da9b6e9781,s-18542508a89b1c5d906147da9b6e9781,random_candidate,1101,12,3,,3,0.0014372440055012703
maxcut_construct,s-18542508a89b1c5d906147da9b6e9781,s-18542508a89b1c5d906147da9b6e9781,random_candidate,1102,14,1,,3,0.001446194015443325
maxcut_construct,s-18542508a89b1c5d906147da9b6e9781,s-18542508a89b1c5d906147da9b6e9781,random_candidate,1103,12,3,,3,0.0014376940671354532
maxcut_construct,s-18542508a89b1c5d906147da9b6e9781,s-18542508a89b1c5d906147da9b6e9781,random_candidate,1104,11,4,,1,0.001587029080837965
maxcut_construct,s-18542508a89b1c5d906147da9b6e9781,s-18542508a89b1c5d906147da9b6e9781,random_candidate,1105,13,2,,3,0.0014639250002801418
maxcut_construct,s-1e535cc33b182b6ba53be1694b51fabf,s-1e535cc33b182b6ba53be1694b51fabf,assigned_gain,20261003,14,2,,1,0.0012850489001721144
maxcut_construct,s-1e535cc33b182b6ba53be1694b51fabf,s-1e535cc33b182b6ba53be1694b51fabf,classical,20261003,14,2,,0,1.9890954717993736e-05
maxcut_construct,s-1e535cc33b182b6ba53be1694b51fabf,s-1e535cc33b182b6ba53be1694b51fabf,degree_balance,20261003,12,4,,1,0.0012713291216641665
maxcut_construct,s-1e535cc33b182b6ba53be1694b51fabf,s-1e535cc33b182b6ba53be1694b51fabf,greedy_completion,20261003,14,2,,1,0.001263087848201394
maxcut_construct,s-1e535cc33b182b6ba53be1694b51fabf,s-1e535cc33b182b6ba53be1694b51fabf,opposite_completion,20261003,11,5,,2,0.0011937369126826525
maxcut_construct,s-1e535cc33b182b6ba53be1694b51fabf,s-1e535cc33b182b6ba53be1694b51fabf,random_candidate,1101,14,2,,2,0.0011836159974336624
maxcut_construct,s-1e535cc33b182b6ba53be1694b51fabf,s-1e535cc33b182b6ba53be1694b51fabf,random_candidate,1102,13,3,,1,0.0012612789869308472
maxcut_construct,s-1e535cc33b182b6ba53be1694b51fabf,s-1e535cc33b182b6ba53be1694b51fabf,random_candidate,1103,14,2,,2,0.0011836369521915913
maxcut_construct,s-1e535cc33b182b6ba53be1694b51fabf,s-1e535cc33b182b6ba53be1694b51fabf,random_candidate,1104,14,2,,3,0.0011114738881587982
maxcut_construct,s-1e535cc33b182b6ba53be1694b51fabf,s-1e535cc33b182b6ba53be1694b51fabf,random_candidate,1105,13,3,,1,0.001273219007998705
maxcut_construct,s-22f2bf15c8091fcc8b75cb2e7ff5debd,s-22f2bf15c8091fcc8b75cb2e7ff5debd,assigned_gain,20261003,9,3,,2,0.0016874221619218588
maxcut_construct,s-22f2bf15c8091fcc8b75cb2e7ff5debd,s-22f2bf15c8091fcc8b75cb2e7ff5debd,classical,20261003,9,3,,0,2.1710991859436035e-05
maxcut_construct,s-22f2bf15c8091fcc8b75cb2e7ff5debd,s-22f2bf15c8091fcc8b75cb2e7ff5debd,degree_balance,20261003,8,4,,4,0.0016032687854021788
maxcut_construct,s-22f2bf15c8091fcc8b75cb2e7ff5debd,s-22f2bf15c8091fcc8b75cb2e7ff5debd,greedy_completion,20261003,10,2,,4,0.0015609471593052149
maxcut_construct,s-22f2bf15c8091fcc8b75cb2e7ff5debd,s-22f2bf15c8091fcc8b75cb2e7ff5debd,opposite_completion,20261003,3,9,,1,0.0017476731445640326
maxcut_construct,s-22f2bf15c8091fcc8b75cb2e7ff5debd,s-22f2bf15c8091fcc8b75cb2e7ff5debd,random_candidate,1101,8,4,,3,0.0016120600048452616
maxcut_construct,s-22f2bf15c8091fcc8b75cb2e7ff5debd,s-22f2bf15c8091fcc8b75cb2e7ff5debd,random_candidate,1102,6,6,,1,0.0017608238849788904
maxcut_construct,s-22f2bf15c8091fcc8b75cb2e7ff5debd,s-22f2bf15c8091fcc8b75cb2e7ff5debd,random_candidate,1103,8,4,,3,0.0016084888484328985
maxcut_construct,s-22f2bf15c8091fcc8b75cb2e7ff5debd,s-22f2bf15c8091fcc8b75cb2e7ff5debd,random_candidate,1104,7,5,,1,0.0017261931207031012
maxcut_construct,s-22f2bf15c8091fcc8b75cb2e7ff5debd,s-22f2bf15c8091fcc8b75cb2e7ff5debd,random_candidate,1105,8,4,,2,0.001680881017819047
maxcut_construct,s-2d4df27e3520e482ba87d60eacf7855f,s-2d4df27e3520e482ba87d60eacf7855f,assigned_gain,20261003,16,1,,1,0.001944629941135645
maxcut_construct,s-2d4df27e3520e482ba87d60eacf7855f,s-2d4df27e3520e482ba87d60eacf7855f,classical,20261003,16,1,,0,2.4100998416543007e-05
maxcut_construct,s-2d4df27e3520e482ba87d60eacf7855f,s-2d4df27e3520e482ba87d60eacf7855f,degree_balance,20261003,11,6,,1,0.0018882181029766798
maxcut_construct,s-2d4df27e3520e482ba87d60eacf7855f,s-2d4df27e3520e482ba87d60eacf7855f,greedy_completion,20261003,17,0,,1,0.0018896579276770353
maxcut_construct,s-2d4df27e3520e482ba87d60eacf7855f,s-2d4df27e3520e482ba87d60eacf7855f,opposite_completion,20261003,9,8,,2,0.0018028251361101866
maxcut_construct,s-2d4df27e3520e482ba87d60eacf7855f,s-2d4df27e3520e482ba87d60eacf7855f,random_candidate,1101,10,7,,1,0.001890548039227724
maxcut_construct,s-2d4df27e3520e482ba87d60eacf7855f,s-2d4df27e3520e482ba87d60eacf7855f,random_candidate,1102,12,5,,2,0.0018545479979366064
maxcut_construct,s-2d4df27e3520e482ba87d60eacf7855f,s-2d4df27e3520e482ba87d60eacf7855f,random_candidate,1103,10,7,,1,0.0018763169646263123
maxcut_construct,s-2d4df27e3520e482ba87d60eacf7855f,s-2d4df27e3520e482ba87d60eacf7855f,random_candidate,1104,11,6,,2,0.001851776847615838
maxcut_construct,s-2d4df27e3520e482ba87d60eacf7855f,s-2d4df27e3520e482ba87d60eacf7855f,random_candidate,1105,14,3,,2,0.0018304160330444574
maxcut_construct,s-2fa8cfe1e5500dbd4580a233a5fa7f9e,s-2fa8cfe1e5500dbd4580a233a5fa7f9e,assigned_gain,20261003,13,0,,4,0.0011917660012841225
maxcut_construct,s-2fa8cfe1e5500dbd4580a233a5fa7f9e,s-2fa8cfe1e5500dbd4580a233a5fa7f9e,classical,20261003,13,0,,0,1.9690021872520447e-05
maxcut_construct,s-2fa8cfe1e5500dbd4580a233a5fa7f9e,s-2fa8cfe1e5500dbd4580a233a5fa7f9e,degree_balance,20261003,9,4,,2,0.0012912799138575792
maxcut_construct,s-2fa8cfe1e5500dbd4580a233a5fa7f9e,s-2fa8cfe1e5500dbd4580a233a5fa7f9e,greedy_completion,20261003,13,0,,4,0.0011223738547414541
maxcut_construct,s-2fa8cfe1e5500dbd4580a233a5fa7f9e,s-2fa8cfe1e5500dbd4580a233a5fa7f9e,opposite_completion,20261003,6,7,,2,0.0012679679784923792
maxcut_construct,s-2fa8cfe1e5500dbd4580a233a5fa7f9e,s-2fa8cfe1e5500dbd4580a233a5fa7f9e,random_candidate,1101,9,4,,2,0.0012646690011024475
maxcut_construct,s-2fa8cfe1e5500dbd4580a233a5fa7f9e,s-2fa8cfe1e5500dbd4580a233a5fa7f9e,random_candidate,1102,11,2,,3,0.0012210579589009285
maxcut_construct,s-2fa8cfe1e5500dbd4580a233a5fa7f9e,s-2fa8cfe1e5500dbd4580a233a5fa7f9e,random_candidate,1103,9,4,,2,0.0012582489289343357
maxcut_construct,s-2fa8cfe1e5500dbd4580a233a5fa7f9e,s-2fa8cfe1e5500dbd4580a233a5fa7f9e,random_candidate,1104,10,3,,3,0.0011977271642535925
maxcut_construct,s-2fa8cfe1e5500dbd4580a233a5fa7f9e,s-2fa8cfe1e5500dbd4580a233a5fa7f9e,random_candidate,1105,11,2,,1,0.0013296410907059908
maxcut_construct,s-37ae8ceb3d0687534c59fe0e08cfd47f,s-37ae8ceb3d0687534c59fe0e08cfd47f,assigned_gain,20261003,16,3,,3,0.001986960880458355
maxcut_construct,s-37ae8ceb3d0687534c59fe0e08cfd47f,s-37ae8ceb3d0687534c59fe0e08cfd47f,classical,20261003,16,3,,0,2.5061191990971565e-05
maxcut_construct,s-37ae8ceb3d0687534c59fe0e08cfd47f,s-37ae8ceb3d0687534c59fe0e08cfd47f,degree_balance,20261003,11,8,,1,0.0021400158293545246
maxcut_construct,s-37ae8ceb3d0687534c59fe0e08cfd47f,s-37ae8ceb3d0687534c59fe0e08cfd47f,greedy_completion,20261003,18,1,,2,0.002039112150669098
maxcut_construct,s-37ae8ceb3d0687534c59fe0e08cfd47f,s-37ae8ceb3d0687534c59fe0e08cfd47f,opposite_completion,20261003,3,16,,1,0.0021184850484132767
maxcut_construct,s-37ae8ceb3d0687534c59fe0e08cfd47f,s-37ae8ceb3d0687534c59fe0e08cfd47f,random_candidate,1101,11,8,,2,0.002091723959892988
maxcut_construct,s-37ae8ceb3d0687534c59fe0e08cfd47f,s-37ae8ceb3d0687534c59fe0e08cfd47f,random_candidate,1102,13,6,,2,0.0020481629762798548
maxcut_construct,s-37ae8ceb3d0687534c59fe0e08cfd47f,s-37ae8ceb3d0687534c59fe0e08cfd47f,random_candidate,1103,12,7,,2,0.0020740439649671316
maxcut_construct,s-37ae8ceb3d0687534c59fe0e08cfd47f,s-37ae8ceb3d0687534c59fe0e08cfd47f,random_candidate,1104,15,4,,2,0.0021163250785320997
maxcut_construct,s-37ae8ceb3d0687534c59fe0e08cfd47f,s-37ae8ceb3d0687534c59fe0e08cfd47f,random_candidate,1105,13,6,,0,0.002253148937597871
maxcut_construct,s-3d9902bc89e2950ef4948da3c479fce6,s-3d9902bc89e2950ef4948da3c479fce6,assigned_gain,20261003,14,0,,0,0.0014306341763585806
maxcut_construct,s-3d9902bc89e2950ef4948da3c479fce6,s-3d9902bc89e2950ef4948da3c479fce6,classical,20261003,14,0,,0,2.0011095330119133e-05
maxcut_construct,s-3d9902bc89e2950ef4948da3c479fce6,s-3d9902bc89e2950ef4948da3c479fce6,degree_balance,20261003,11,3,,4,0.0011468359734863043
maxcut_construct,s-3d9902bc89e2950ef4948da3c479fce6,s-3d9902bc89e2950ef4948da3c479fce6,greedy_completion,20261003,14,0,,1,0.0013687219470739365
maxcut_construct,s-3d9902bc89e2950ef4948da3c479fce6,s-3d9902bc89e2950ef4948da3c479fce6,opposite_completion,20261003,5,9,,2,0.001254368107765913
maxcut_construct,s-3d9902bc89e2950ef4948da3c479fce6,s-3d9902bc89e2950ef4948da3c479fce6,random_candidate,1101,11,3,,4,0.0011516651138663292
maxcut_construct,s-3d9902bc89e2950ef4948da3c479fce6,s-3d9902bc89e2950ef4948da3c479fce6,random_candidate,1102,13,1,,2,0.0013009589165449142
maxcut_construct,s-3d9902bc89e2950ef4948da3c479fce6,s-3d9902bc89e2950ef4948da3c479fce6,random_candidate,1103,11,3,,4,0.0011274139396846294
maxcut_construct,s-3d9902bc89e2950ef4948da3c479fce6,s-3d9902bc89e2950ef4948da3c479fce6,random_candidate,1104,11,3,,4,0.0011226341594010592
maxcut_construct,s-3d9902bc89e2950ef4948da3c479fce6,s-3d9902bc89e2950ef4948da3c479fce6,random_candidate,1105,13,1,,4,0.0011829158756881952
maxcut_construct,s-4219a8a4f3c9f90326b34c675cec992b,s-4219a8a4f3c9f90326b34c675cec992b,assigned_gain,20261003,10,0,,5,0.00128248892724514
maxcut_construct,s-4219a8a4f3c9f90326b34c675cec992b,s-4219a8a4f3c9f90326b34c675cec992b,classical,20261003,10,0,,0,1.9941013306379318e-05
maxcut_construct,s-4219a8a4f3c9f90326b34c675cec992b,s-4219a8a4f3c9f90326b34c675cec992b,degree_balance,20261003,9,1,,7,0.0011428950820118189
maxcut_construct,s-4219a8a4f3c9f90326b34c675cec992b,s-4219a8a4f3c9f90326b34c675cec992b,greedy_completion,20261003,10,0,,5,0.0012834800872951746
maxcut_construct,s-4219a8a4f3c9f90326b34c675cec992b,s-4219a8a4f3c9f90326b34c675cec992b,opposite_completion,20261003,1,9,,1,0.001525726867839694
maxcut_construct,s-4219a8a4f3c9f90326b34c675cec992b,s-4219a8a4f3c9f90326b34c675cec992b,random_candidate,1101,7,3,,4,0.0013387610670179129
maxcut_construct,s-4219a8a4f3c9f90326b34c675cec992b,s-4219a8a4f3c9f90326b34c675cec992b,random_candidate,1102,5,5,,1,0.001554778078570962
maxcut_construct,s-4219a8a4f3c9f90326b34c675cec992b,s-4219a8a4f3c9f90326b34c675cec992b,random_candidate,1103,7,3,,4,0.001336531015112996
maxcut_construct,s-4219a8a4f3c9f90326b34c675cec992b,s-4219a8a4f3c9f90326b34c675cec992b,random_candidate,1104,7,3,,1,0.0015199759509414434
maxcut_construct,s-4219a8a4f3c9f90326b34c675cec992b,s-4219a8a4f3c9f90326b34c675cec992b,random_candidate,1105,9,1,,7,0.0011506350710988045
maxcut_construct,s-446411d282636bcf9249dfaa37ef5dc9,s-446411d282636bcf9249dfaa37ef5dc9,assigned_gain,20261003,24,1,,1,0.0026167300529778004
maxcut_construct,s-446411d282636bcf9249dfaa37ef5dc9,s-446411d282636bcf9249dfaa37ef5dc9,classical,20261003,24,1,,0,2.880091778934002e-05
maxcut_construct,s-446411d282636bcf9249dfaa37ef5dc9,s-446411d282636bcf9249dfaa37ef5dc9,degree_balance,20261003,21,4,,3,0.002324610948562622
maxcut_construct,s-446411d282636bcf9249dfaa37ef5dc9,s-446411d282636bcf9249dfaa37ef5dc9,greedy_completion,20261003,25,0,,3,0.0023607518523931503
maxcut_construct,s-446411d282636bcf9249dfaa37ef5dc9,s-446411d282636bcf9249dfaa37ef5dc9,opposite_completion,20261003,6,19,,1,0.002520438050851226
maxcut_construct,s-446411d282636bcf9249dfaa37ef5dc9,s-446411d282636bcf9249dfaa37ef5dc9,random_candidate,1101,18,7,,1,0.0025400379672646523
maxcut_construct,s-446411d282636bcf9249dfaa37ef5dc9,s-446411d282636bcf9249dfaa37ef5dc9,random_candidate,1102,19,6,,2,0.002440375043079257
maxcut_construct,s-446411d282636bcf9249dfaa37ef5dc9,s-446411d282636bcf9249dfaa37ef5dc9,random_candidate,1103,17,8,,0,0.0026593911461532116
maxcut_construct,s-446411d282636bcf9249dfaa37ef5dc9,s-446411d282636bcf9249dfaa37ef5dc9,random_candidate,1104,20,5,,2,0.002436653943732381
maxcut_construct,s-446411d282636bcf9249dfaa37ef5dc9,s-446411d282636bcf9249dfaa37ef5dc9,random_candidate,1105,22,3,,3,0.0023724930360913277
maxcut_construct,s-5cce2170a759f90c15fed18f3a2a3583,s-5cce2170a759f90c15fed18f3a2a3583,assigned_gain,20261003,15,0,,1,0.001327460864558816
maxcut_construct,s-5cce2170a759f90c15fed18f3a2a3583,s-5cce2170a759f90c15fed18f3a2a3583,classical,20261003,15,0,,0,1.9970117136836052e-05
maxcut_construct,s-5cce2170a759f90c15fed18f3a2a3583,s-5cce2170a759f90c15fed18f3a2a3583,degree_balance,20261003,14,1,,2,0.0011926661245524883
maxcut_construct,s-5cce2170a759f90c15fed18f3a2a3583,s-5cce2170a759f90c15fed18f3a2a3583,greedy_completion,20261003,15,0,,4,0.0010392218828201294
maxcut_construct,s-5cce2170a759f90c15fed18f3a2a3583,s-5cce2170a759f90c15fed18f3a2a3583,opposite_completion,20261003,6,9,,1,0.0012615788727998734
maxcut_construct,s-5cce2170a759f90c15fed18f3a2a3583,s-5cce2170a759f90c15fed18f3a2a3583,random_candidate,1101,15,0,,4,0.001035262132063508
maxcut_construct,s-5cce2170a759f90c15fed18f3a2a3583,s-5cce2170a759f90c15fed18f3a2a3583,random_candidate,1102,13,2,,1,0.0012722290121018887
maxcut_construct,s-5cce2170a759f90c15fed18f3a2a3583,s-5cce2170a759f90c15fed18f3a2a3583,random_candidate,1103,15,0,,4,0.0010377110447734594
maxcut_construct,s-5cce2170a759f90c15fed18f3a2a3583,s-5cce2170a759f90c15fed18f3a2a3583,random_candidate,1104,15,0,,4,0.0010380821768194437
maxcut_construct,s-5cce2170a759f90c15fed18f3a2a3583,s-5cce2170a759f90c15fed18f3a2a3583,random_candidate,1105,12,3,,2,0.0011853259056806564
maxcut_construct,s-61d62d4e54f3c8638d930d695ff5e9e2,s-61d62d4e54f3c8638d930d695ff5e9e2,assigned_gain,20261003,10,1,,2,0.0014886250719428062
maxcut_construct,s-61d62d4e54f3c8638d930d695ff5e9e2,s-61d62d4e54f3c8638d930d695ff5e9e2,classical,20261003,10,1,,0,2.0841136574745178e-05
maxcut_construct,s-61d62d4e54f3c8638d930d695ff5e9e2,s-61d62d4e54f3c8638d930d695ff5e9e2,degree_balance,20261003,7,4,,5,0.001286270096898079
maxcut_construct,s-61d62d4e54f3c8638d930d695ff5e9e2,s-61d62d4e54f3c8638d930d695ff5e9e2,greedy_completion,20261003,11,0,,5,0.0012954901903867722
maxcut_construct,s-61d62d4e54f3c8638d930d695ff5e9e2,s-61d62d4e54f3c8638d930d695ff5e9e2,opposite_completion,20261003,4,7,,1,0.001529337139800191
maxcut_construct,s-61d62d4e54f3c8638d930d695ff5e9e2,s-61d62d4e54f3c8638d930d695ff5e9e2,random_candidate,1101,8,3,,4,0.0013822028413414955
maxcut_construct,s-61d62d4e54f3c8638d930d695ff5e9e2,s-61d62d4e54f3c8638d930d695ff5e9e2,random_candidate,1102,11,0,,5,0.0012947299983352423
maxcut_construct,s-61d62d4e54f3c8638d930d695ff5e9e2,s-61d62d4e54f3c8638d930d695ff5e9e2,random_candidate,1103,8,3,,4,0.0013727620244026184
maxcut_construct,s-61d62d4e54f3c8638d930d695ff5e9e2,s-61d62d4e54f3c8638d930d695ff5e9e2,random_candidate,1104,7,4,,5,0.0013180600944906473
maxcut_construct,s-61d62d4e54f3c8638d930d695ff5e9e2,s-61d62d4e54f3c8638d930d695ff5e9e2,random_candidate,1105,4,7,,0,0.001597628928720951
maxcut_construct,s-6e2b90aea9a031240882fe8f0379b014,s-6e2b90aea9a031240882fe8f0379b014,assigned_gain,20261003,17,0,,1,0.0018992978148162365
maxcut_construct,s-6e2b90aea9a031240882fe8f0379b014,s-6e2b90aea9a031240882fe8f0379b014,classical,20261003,17,0,,0,2.2780848667025566e-05
maxcut_construct,s-6e2b90aea9a031240882fe8f0379b014,s-6e2b90aea9a031240882fe8f0379b014,degree_balance,20261003,11,6,,4,0.0016981118824332952
maxcut_construct,s-6e2b90aea9a031240882fe8f0379b014,s-6e2b90aea9a031240882fe8f0379b014,greedy_completion,20261003,17,0,,1,0.0018730079755187035
maxcut_construct,s-6e2b90aea9a031240882fe8f0379b014,s-6e2b90aea9a031240882fe8f0379b014,opposite_completion,20261003,4,13,,1,0.0018708580173552036
maxcut_construct,s-6e2b90aea9a031240882fe8f0379b014,s-6e2b90aea9a031240882fe8f0379b014,random_candidate,1101,14,3,,5,0.0015471270307898521
maxcut_construct,s-6e2b90aea9a031240882fe8f0379b014,s-6e2b90aea9a031240882fe8f0379b014,random_candidate,1102,14,3,,1,0.0018894278910011053
maxcut_construct,s-6e2b90aea9a031240882fe8f0379b014,s-6e2b90aea9a031240882fe8f0379b014,random_candidate,1103,14,3,,5,0.0015922491438686848
maxcut_construct,s-6e2b90aea9a031240882fe8f0379b014,s-6e2b90aea9a031240882fe8f0379b014,random_candidate,1104,13,4,,3,0.001717451959848404
maxcut_construct,s-6e2b90aea9a031240882fe8f0379b014,s-6e2b90aea9a031240882fe8f0379b014,random_candidate,1105,13,4,,1,0.0018891768995672464
maxcut_construct,s-749cc60dd0735d233b30e02e27ee4c87,s-749cc60dd0735d233b30e02e27ee4c87,assigned_gain,20261003,12,0,,1,0.0010183120612055063
maxcut_construct,s-749cc60dd0735d233b30e02e27ee4c87,s-749cc60dd0735d233b30e02e27ee4c87,classical,20261003,12,0,,0,1.585995778441429e-05
maxcut_construct,s-749cc60dd0735d233b30e02e27ee4c87,s-749cc60dd0735d233b30e02e27ee4c87,degree_balance,20261003,6,6,,3,0.0009139580652117729
maxcut_construct,s-749cc60dd0735d233b30e02e27ee4c87,s-749cc60dd0735d233b30e02e27ee4c87,greedy_completion,20261003,12,0,,1,0.0010544820688664913
maxcut_construct,s-749cc60dd0735d233b30e02e27ee4c87,s-749cc60dd0735d233b30e02e27ee4c87,opposite_completion,20261003,3,9,,1,0.0010033298749476671
maxcut_construct,s-749cc60dd0735d233b30e02e27ee4c87,s-749cc60dd0735d233b30e02e27ee4c87,random_candidate,1101,7,5,,2,0.0009870810899883509
maxcut_construct,s-749cc60dd0735d233b30e02e27ee4c87,s-749cc60dd0735d233b30e02e27ee4c87,random_candidate,1102,8,4,,2,0.0009711198508739471
maxcut_construct,s-749cc60dd0735d233b30e02e27ee4c87,s-749cc60dd0735d233b30e02e27ee4c87,random_candidate,1103,7,5,,2,0.0009499490261077881
maxcut_construct,s-749cc60dd0735d233b30e02e27ee4c87,s-749cc60dd0735d233b30e02e27ee4c87,random_candidate,1104,6,6,,2,0.0009498789440840483
maxcut_construct,s-749cc60dd0735d233b30e02e27ee4c87,s-749cc60dd0735d233b30e02e27ee4c87,random_candidate,1105,6,6,,1,0.0010391119867563248
maxcut_construct,s-804e4a0685a61a1057e61f867ccc5433,s-804e4a0685a61a1057e61f867ccc5433,assigned_gain,20261003,7,0,,4,0.0008157850243151188
maxcut_construct,s-804e4a0685a61a1057e61f867ccc5433,s-804e4a0685a61a1057e61f867ccc5433,classical,20261003,7,0,,0,1.554097980260849e-05
maxcut_construct,s-804e4a0685a61a1057e61f867ccc5433,s-804e4a0685a61a1057e61f867ccc5433,degree_balance,20261003,5,2,,4,0.0007627930026501417
maxcut_construct,s-804e4a0685a61a1057e61f867ccc5433,s-804e4a0685a61a1057e61f867ccc5433,greedy_completion,20261003,7,0,,4,0.0007640239782631397
maxcut_construct,s-804e4a0685a61a1057e61f867ccc5433,s-804e4a0685a61a1057e61f867ccc5433,opposite_completion,20261003,7,0,,4,0.0007632640190422535
maxcut_construct,s-804e4a0685a61a1057e61f867ccc5433,s-804e4a0685a61a1057e61f867ccc5433,random_candidate,1101,6,1,,4,0.0007735530380159616
maxcut_construct,s-804e4a0685a61a1057e61f867ccc5433,s-804e4a0685a61a1057e61f867ccc5433,random_candidate,1102,5,2,,4,0.000787744065746665
maxcut_construct,s-804e4a0685a61a1057e61f867ccc5433,s-804e4a0685a61a1057e61f867ccc5433,random_candidate,1103,6,1,,4,0.0007694840896874666
maxcut_construct,s-804e4a0685a61a1057e61f867ccc5433,s-804e4a0685a61a1057e61f867ccc5433,random_candidate,1104,6,1,,4,0.0007710938807576895
maxcut_construct,s-804e4a0685a61a1057e61f867ccc5433,s-804e4a0685a61a1057e61f867ccc5433,random_candidate,1105,5,2,,4,0.0008035048376768827
maxcut_construct,s-876358c5aa1f4d641acf67f3949d7c24,s-876358c5aa1f4d641acf67f3949d7c24,assigned_gain,20261003,18,2,,1,0.0021789968013763428
maxcut_construct,s-876358c5aa1f4d641acf67f3949d7c24,s-876358c5aa1f4d641acf67f3949d7c24,classical,20261003,18,2,,0,2.4799956008791924e-05
maxcut_construct,s-876358c5aa1f4d641acf67f3949d7c24,s-876358c5aa1f4d641acf67f3949d7c24,degree_balance,20261003,14,6,,4,0.0019620999228209257
maxcut_construct,s-876358c5aa1f4d641acf67f3949d7c24,s-876358c5aa1f4d641acf67f3949d7c24,greedy_completion,20261003,20,0,,1,0.0021601771004498005
maxcut_construct,s-876358c5aa1f4d641acf67f3949d7c24,s-876358c5aa1f4d641acf67f3949d7c24,opposite_completion,20261003,4,16,,1,0.002171696862205863
maxcut_construct,s-876358c5aa1f4d641acf67f3949d7c24,s-876358c5aa1f4d641acf67f3949d7c24,random_candidate,1101,16,4,,6,0.0018001950811594725
maxcut_construct,s-876358c5aa1f4d641acf67f3949d7c24,s-876358c5aa1f4d641acf67f3949d7c24,random_candidate,1102,10,10,,1,0.002161536132916808
maxcut_construct,s-876358c5aa1f4d641acf67f3949d7c24,s-876358c5aa1f4d641acf67f3949d7c24,random_candidate,1103,16,4,,6,0.0017690348904579878
maxcut_construct,s-876358c5aa1f4d641acf67f3949d7c24,s-876358c5aa1f4d641acf67f3949d7c24,random_candidate,1104,14,6,,4,0.0019246689043939114
maxcut_construct,s-876358c5aa1f4d641acf67f3949d7c24,s-876358c5aa1f4d641acf67f3949d7c24,random_candidate,1105,10,10,,2,0.002079332945868373
maxcut_construct,s-8fd6b87f1c398f9485cd76ed6e800395,s-8fd6b87f1c398f9485cd76ed6e800395,assigned_gain,20261003,6,1,,1,0.0009526889771223068
maxcut_construct,s-8fd6b87f1c398f9485cd76ed6e800395,s-8fd6b87f1c398f9485cd76ed6e800395,classical,20261003,6,1,,0,1.5940051525831223e-05
maxcut_construct,s-8fd6b87f1c398f9485cd76ed6e800395,s-8fd6b87f1c398f9485cd76ed6e800395,degree_balance,20261003,5,2,,2,0.0008736271411180496
maxcut_construct,s-8fd6b87f1c398f9485cd76ed6e800395,s-8fd6b87f1c398f9485cd76ed6e800395,greedy_completion,20261003,6,1,,2,0.0008666869252920151
maxcut_construct,s-8fd6b87f1c398f9485cd76ed6e800395,s-8fd6b87f1c398f9485cd76ed6e800395,opposite_completion,20261003,7,0,,3,0.0008457661606371403
maxcut_construct,s-8fd6b87f1c398f9485cd76ed6e800395,s-8fd6b87f1c398f9485cd76ed6e800395,random_candidate,1101,3,4,,1,0.0009370381012558937
maxcut_construct,s-8fd6b87f1c398f9485cd76ed6e800395,s-8fd6b87f1c398f9485cd76ed6e800395,random_candidate,1102,3,4,,2,0.0009249181021004915
maxcut_construct,s-8fd6b87f1c398f9485cd76ed6e800395,s-8fd6b87f1c398f9485cd76ed6e800395,random_candidate,1103,3,4,,1,0.0009387989994138479
maxcut_construct,s-8fd6b87f1c398f9485cd76ed6e800395,s-8fd6b87f1c398f9485cd76ed6e800395,random_candidate,1104,4,3,,0,0.0010134510230273008
maxcut_construct,s-8fd6b87f1c398f9485cd76ed6e800395,s-8fd6b87f1c398f9485cd76ed6e800395,random_candidate,1105,5,2,,2,0.0008900871034711599
maxcut_construct,s-9343efd73a3f2b3f42b9ea84b0797389,s-9343efd73a3f2b3f42b9ea84b0797389,assigned_gain,20261003,9,0,,5,0.0009103880729526281
maxcut_construct,s-9343efd73a3f2b3f42b9ea84b0797389,s-9343efd73a3f2b3f42b9ea84b0797389,classical,20261003,9,0,,0,1.7041107639670372e-05
maxcut_construct,s-9343efd73a3f2b3f42b9ea84b0797389,s-9343efd73a3f2b3f42b9ea84b0797389,degree_balance,20261003,7,2,,4,0.0009576389566063881
maxcut_construct,s-9343efd73a3f2b3f42b9ea84b0797389,s-9343efd73a3f2b3f42b9ea84b0797389,greedy_completion,20261003,9,0,,5,0.0009175781160593033
maxcut_construct,s-9343efd73a3f2b3f42b9ea84b0797389,s-9343efd73a3f2b3f42b9ea84b0797389,opposite_completion,20261003,9,0,,5,0.0009298389777541161
maxcut_construct,s-9343efd73a3f2b3f42b9ea84b0797389,s-9343efd73a3f2b3f42b9ea84b0797389,random_candidate,1101,7,2,,4,0.000984499929472804
maxcut_construct,s-9343efd73a3f2b3f42b9ea84b0797389,s-9343efd73a3f2b3f42b9ea84b0797389,random_candidate,1102,5,4,,4,0.0009903910104185343
maxcut_construct,s-9343efd73a3f2b3f42b9ea84b0797389,s-9343efd73a3f2b3f42b9ea84b0797389,random_candidate,1103,7,2,,4,0.0009819299448281527
maxcut_construct,s-9343efd73a3f2b3f42b9ea84b0797389,s-9343efd73a3f2b3f42b9ea84b0797389,random_candidate,1104,5,4,,4,0.000959879020228982
maxcut_construct,s-9343efd73a3f2b3f42b9ea84b0797389,s-9343efd73a3f2b3f42b9ea84b0797389,random_candidate,1105,7,2,,4,0.000958999851718545
maxcut_construct,s-9401afe3b095d167d1b7f8b57f855342,s-9401afe3b095d167d1b7f8b57f855342,assigned_gain,20261003,22,1,,4,0.0020985740702599287
maxcut_construct,s-9401afe3b095d167d1b7f8b57f855342,s-9401afe3b095d167d1b7f8b57f855342,classical,20261003,22,1,,0,2.8700800612568855e-05
maxcut_construct,s-9401afe3b095d167d1b7f8b57f855342,s-9401afe3b095d167d1b7f8b57f855342,degree_balance,20261003,12,11,,1,0.00237646303139627
maxcut_construct,s-9401afe3b095d167d1b7f8b57f855342,s-9401afe3b095d167d1b7f8b57f855342,greedy_completion,20261003,22,1,,1,0.002329851035028696
maxcut_construct,s-9401afe3b095d167d1b7f8b57f855342,s-9401afe3b095d167d1b7f8b57f855342,opposite_completion,20261003,5,18,,1,0.0023598719853907824
maxcut_construct,s-9401afe3b095d167d1b7f8b57f855342,s-9401afe3b095d167d1b7f8b57f855342,random_candidate,1101,16,7,,1,0.0023655530530959368
maxcut_construct,s-9401afe3b095d167d1b7f8b57f855342,s-9401afe3b095d167d1b7f8b57f855342,random_candidate,1102,15,8,,1,0.0023417919874191284
maxcut_construct,s-9401afe3b095d167d1b7f8b57f855342,s-9401afe3b095d167d1b7f8b57f855342,random_candidate,1103,17,6,,1,0.002329041948541999
maxcut_construct,s-9401afe3b095d167d1b7f8b57f855342,s-9401afe3b095d167d1b7f8b57f855342,random_candidate,1104,18,5,,2,0.002242178888991475
maxcut_construct,s-9401afe3b095d167d1b7f8b57f855342,s-9401afe3b095d167d1b7f8b57f855342,random_candidate,1105,18,5,,2,0.0022569799330085516
maxcut_construct,s-95e582a4aaa07a19a194e14e15a689a8,s-95e582a4aaa07a19a194e14e15a689a8,assigned_gain,20261003,20,2,,2,0.0021553358528763056
maxcut_construct,s-95e582a4aaa07a19a194e14e15a689a8,s-95e582a4aaa07a19a194e14e15a689a8,classical,20261003,20,2,,0,2.6451190933585167e-05
maxcut_construct,s-95e582a4aaa07a19a194e14e15a689a8,s-95e582a4aaa07a19a194e14e15a689a8,degree_balance,20261003,16,6,,4,0.0018889980856329203
maxcut_construct,s-95e582a4aaa07a19a194e14e15a689a8,s-95e582a4aaa07a19a194e14e15a689a8,greedy_completion,20261003,22,0,,1,0.0021654560696333647
maxcut_construct,s-95e582a4aaa07a19a194e14e15a689a8,s-95e582a4aaa07a19a194e14e15a689a8,opposite_completion,20261003,6,16,,1,0.0021551260724663734
maxcut_construct,s-95e582a4aaa07a19a194e14e15a689a8,s-95e582a4aaa07a19a194e14e15a689a8,random_candidate,1101,20,2,,3,0.002039911923930049
maxcut_construct,s-95e582a4aaa07a19a194e14e15a689a8,s-95e582a4aaa07a19a194e14e15a689a8,random_candidate,1102,16,6,,2,0.002086783992126584
maxcut_construct,s-95e582a4aaa07a19a194e14e15a689a8,s-95e582a4aaa07a19a194e14e15a689a8,random_candidate,1103,20,2,,3,0.0020529329776763916
maxcut_construct,s-95e582a4aaa07a19a194e14e15a689a8,s-95e582a4aaa07a19a194e14e15a689a8,random_candidate,1104,18,4,,2,0.0021276851184666157
maxcut_construct,s-95e582a4aaa07a19a194e14e15a689a8,s-95e582a4aaa07a19a194e14e15a689a8,random_candidate,1105,18,4,,1,0.002205957192927599
maxcut_construct,s-9a15f260093a5d859ca8af7592936d4f,s-9a15f260093a5d859ca8af7592936d4f,assigned_gain,20261003,8,0,,1,0.0011572050862014294
maxcut_construct,s-9a15f260093a5d859ca8af7592936d4f,s-9a15f260093a5d859ca8af7592936d4f,classical,20261003,8,0,,0,1.7369864508509636e-05
maxcut_construct,s-9a15f260093a5d859ca8af7592936d4f,s-9a15f260093a5d859ca8af7592936d4f,degree_balance,20261003,6,2,,4,0.0009511299431324005
maxcut_construct,s-9a15f260093a5d859ca8af7592936d4f,s-9a15f260093a5d859ca8af7592936d4f,greedy_completion,20261003,8,0,,1,0.0011336749885231256
maxcut_construct,s-9a15f260093a5d859ca8af7592936d4f,s-9a15f260093a5d859ca8af7592936d4f,opposite_completion,20261003,2,6,,1,0.001120144035667181
maxcut_construct,s-9a15f260093a5d859ca8af7592936d4f,s-9a15f260093a5d859ca8af7592936d4f,random_candidate,1101,6,2,,3,0.001023171003907919
maxcut_construct,s-9a15f260093a5d859ca8af7592936d4f,s-9a15f260093a5d859ca8af7592936d4f,random_candidate,1102,6,2,,1,0.0011344850063323975
maxcut_construct,s-9a15f260093a5d859ca8af7592936d4f,s-9a15f260093a5d859ca8af7592936d4f,random_candidate,1103,6,2,,3,0.0010625829454511404
maxcut_construct,s-9a15f260093a5d859ca8af7592936d4f,s-9a15f260093a5d859ca8af7592936d4f,random_candidate,1104,6,2,,3,0.0010223418939858675
maxcut_construct,s-9a15f260093a5d859ca8af7592936d4f,s-9a15f260093a5d859ca8af7592936d4f,random_candidate,1105,6,2,,4,0.0009822598658502102
maxcut_construct,s-9dc5d8790e84bdeb1259a11f9bfe928b,s-9dc5d8790e84bdeb1259a11f9bfe928b,assigned_gain,20261003,21,0,,1,0.0018905780743807554
maxcut_construct,s-9dc5d8790e84bdeb1259a11f9bfe928b,s-9dc5d8790e84bdeb1259a11f9bfe928b,classical,20261003,21,0,,0,2.4421140551567078e-05
maxcut_construct,s-9dc5d8790e84bdeb1259a11f9bfe928b,s-9dc5d8790e84bdeb1259a11f9bfe928b,degree_balance,20261003,14,7,,1,0.0018553868867456913
maxcut_construct,s-9dc5d8790e84bdeb1259a11f9bfe928b,s-9dc5d8790e84bdeb1259a11f9bfe928b,greedy_completion,20261003,21,0,,1,0.001863816985860467
maxcut_construct,s-9dc5d8790e84bdeb1259a11f9bfe928b,s-9dc5d8790e84bdeb1259a11f9bfe928b,opposite_completion,20261003,7,14,,1,0.0018681571818888187
maxcut_construct,s-9dc5d8790e84bdeb1259a11f9bfe928b,s-9dc5d8790e84bdeb1259a11f9bfe928b,random_candidate,1101,18,3,,1,0.0018981881439685822
maxcut_construct,s-9dc5d8790e84bdeb1259a11f9bfe928b,s-9dc5d8790e84bdeb1259a11f9bfe928b,random_candidate,1102,17,4,,3,0.0016935218591243029
maxcut_construct,s-9dc5d8790e84bdeb1259a11f9bfe928b,s-9dc5d8790e84bdeb1259a11f9bfe928b,random_candidate,1103,18,3,,1,0.0019007879309356213
maxcut_construct,s-9dc5d8790e84bdeb1259a11f9bfe928b,s-9dc5d8790e84bdeb1259a11f9bfe928b,random_candidate,1104,18,3,,2,0.0018184259533882141
maxcut_construct,s-9dc5d8790e84bdeb1259a11f9bfe928b,s-9dc5d8790e84bdeb1259a11f9bfe928b,random_candidate,1105,19,2,,2,0.001802066108211875
maxcut_construct,s-9e8ecf3b10d684c50729424e55d9b6b9,s-9e8ecf3b10d684c50729424e55d9b6b9,assigned_gain,20261003,14,2,,2,0.0015234570018947124
maxcut_construct,s-9e8ecf3b10d684c50729424e55d9b6b9,s-9e8ecf3b10d684c50729424e55d9b6b9,classical,20261003,14,2,,0,2.1551037207245827e-05
maxcut_construct,s-9e8ecf3b10d684c50729424e55d9b6b9,s-9e8ecf3b10d684c50729424e55d9b6b9,degree_balance,20261003,12,4,,3,0.0014388039708137512
maxcut_construct,s-9e8ecf3b10d684c50729424e55d9b6b9,s-9e8ecf3b10d684c50729424e55d9b6b9,greedy_completion,20261003,16,0,,2,0.0015878190752118826
maxcut_construct,s-9e8ecf3b10d684c50729424e55d9b6b9,s-9e8ecf3b10d684c50729424e55d9b6b9,opposite_completion,20261003,4,12,,1,0.0016023789066821337
maxcut_construct,s-9e8ecf3b10d684c50729424e55d9b6b9,s-9e8ecf3b10d684c50729424e55d9b6b9,random_candidate,1101,10,6,,3,0.001479435944929719
maxcut_construct,s-9e8ecf3b10d684c50729424e55d9b6b9,s-9e8ecf3b10d684c50729424e55d9b6b9,random_candidate,1102,12,4,,3,0.0015116070862859488
maxcut_construct,s-9e8ecf3b10d684c50729424e55d9b6b9,s-9e8ecf3b10d684c50729424e55d9b6b9,random_candidate,1103,10,6,,3,0.0014375040773302317
maxcut_construct,s-9e8ecf3b10d684c50729424e55d9b6b9,s-9e8ecf3b10d684c50729424e55d9b6b9,random_candidate,1104,14,2,,4,0.0013789830263704062
maxcut_construct,s-9e8ecf3b10d684c50729424e55d9b6b9,s-9e8ecf3b10d684c50729424e55d9b6b9,random_candidate,1105,10,6,,2,0.0015100061427801847
maxcut_construct,s-a0e4a0c763fc347ac6b2242cd4cf87bc,s-a0e4a0c763fc347ac6b2242cd4cf87bc,assigned_gain,20261003,16,0,,6,0.0012473580427467823
maxcut_construct,s-a0e4a0c763fc347ac6b2242cd4cf87bc,s-a0e4a0c763fc347ac6b2242cd4cf87bc,classical,20261003,16,0,,0,2.2260937839746475e-05
maxcut_construct,s-a0e4a0c763fc347ac6b2242cd4cf87bc,s-a0e4a0c763fc347ac6b2242cd4cf87bc,degree_balance,20261003,15,1,,7,0.001149405026808381
maxcut_construct,s-a0e4a0c763fc347ac6b2242cd4cf87bc,s-a0e4a0c763fc347ac6b2242cd4cf87bc,greedy_completion,20261003,16,0,,6,0.0013286101166158915
maxcut_construct,s-a0e4a0c763fc347ac6b2242cd4cf87bc,s-a0e4a0c763fc347ac6b2242cd4cf87bc,opposite_completion,20261003,4,12,,1,0.0015908489003777504
maxcut_construct,s-a0e4a0c763fc347ac6b2242cd4cf87bc,s-a0e4a0c763fc347ac6b2242cd4cf87bc,random_candidate,1101,15,1,,7,0.0011941369157284498
maxcut_construct,s-a0e4a0c763fc347ac6b2242cd4cf87bc,s-a0e4a0c763fc347ac6b2242cd4cf87bc,random_candidate,1102,16,0,,6,0.0012570491526275873
maxcut_construct,s-a0e4a0c763fc347ac6b2242cd4cf87bc,s-a0e4a0c763fc347ac6b2242cd4cf87bc,random_candidate,1103,15,1,,7,0.0011549759656190872
maxcut_construct,s-a0e4a0c763fc347ac6b2242cd4cf87bc,s-a0e4a0c763fc347ac6b2242cd4cf87bc,random_candidate,1104,15,1,,7,0.001155755016952753
maxcut_construct,s-a0e4a0c763fc347ac6b2242cd4cf87bc,s-a0e4a0c763fc347ac6b2242cd4cf87bc,random_candidate,1105,10,6,,0,0.0016844619531184435
maxcut_construct,s-a396493a9f16e87c3bb2e880a8df9579,s-a396493a9f16e87c3bb2e880a8df9579,assigned_gain,20261003,12,2,,3,0.0011997867841273546
maxcut_construct,s-a396493a9f16e87c3bb2e880a8df9579,s-a396493a9f16e87c3bb2e880a8df9579,classical,20261003,12,2,,0,1.9159866496920586e-05
maxcut_construct,s-a396493a9f16e87c3bb2e880a8df9579,s-a396493a9f16e87c3bb2e880a8df9579,degree_balance,20261003,8,6,,1,0.0013201809488236904
maxcut_construct,s-a396493a9f16e87c3bb2e880a8df9579,s-a396493a9f16e87c3bb2e880a8df9579,greedy_completion,20261003,14,0,,2,0.0012775890063494444
maxcut_construct,s-a396493a9f16e87c3bb2e880a8df9579,s-a396493a9f16e87c3bb2e880a8df9579,opposite_completion,20261003,4,10,,1,0.0013178810477256775
maxcut_construct,s-a396493a9f16e87c3bb2e880a8df9579,s-a396493a9f16e87c3bb2e880a8df9579,random_candidate,1101,10,4,,1,0.001340791117399931
maxcut_construct,s-a396493a9f16e87c3bb2e880a8df9579,s-a396493a9f16e87c3bb2e880a8df9579,random_candidate,1102,14,0,,2,0.0012599991168826818
maxcut_construct,s-a396493a9f16e87c3bb2e880a8df9579,s-a396493a9f16e87c3bb2e880a8df9579,random_candidate,1103,10,4,,1,0.0013213809579610825
maxcut_construct,s-a396493a9f16e87c3bb2e880a8df9579,s-a396493a9f16e87c3bb2e880a8df9579,random_candidate,1104,8,6,,1,0.0013334108516573906
maxcut_construct,s-a396493a9f16e87c3bb2e880a8df9579,s-a396493a9f16e87c3bb2e880a8df9579,random_candidate,1105,10,4,,2,0.0012728190049529076
maxcut_construct,s-ab646b844818c5d4b5a7e7e18ab42d1f,s-ab646b844818c5d4b5a7e7e18ab42d1f,assigned_gain,20261003,12,0,,2,0.0010588618461042643
maxcut_construct,s-ab646b844818c5d4b5a7e7e18ab42d1f,s-ab646b844818c5d4b5a7e7e18ab42d1f,classical,20261003,12,0,,0,1.7561018466949463e-05
maxcut_construct,s-ab646b844818c5d4b5a7e7e18ab42d1f,s-ab646b844818c5d4b5a7e7e18ab42d1f,degree_balance,20261003,10,2,,4,0.0009035780094563961
maxcut_construct,s-ab646b844818c5d4b5a7e7e18ab42d1f,s-ab646b844818c5d4b5a7e7e18ab42d1f,greedy_completion,20261003,12,0,,2,0.0010409820824861526
maxcut_construct,s-ab646b844818c5d4b5a7e7e18ab42d1f,s-ab646b844818c5d4b5a7e7e18ab42d1f,opposite_completion,20261003,4,8,,1,0.0010964542161673307
maxcut_construct,s-ab646b844818c5d4b5a7e7e18ab42d1f,s-ab646b844818c5d4b5a7e7e18ab42d1f,random_candidate,1101,10,2,,4,0.0009038979187607765
maxcut_construct,s-ab646b844818c5d4b5a7e7e18ab42d1f,s-ab646b844818c5d4b5a7e7e18ab42d1f,random_candidate,1102,10,2,,4,0.0009006280452013016
maxcut_construct,s-ab646b844818c5d4b5a7e7e18ab42d1f,s-ab646b844818c5d4b5a7e7e18ab42d1f,random_candidate,1103,10,2,,4,0.0008993567898869514
maxcut_construct,s-ab646b844818c5d4b5a7e7e18ab42d1f,s-ab646b844818c5d4b5a7e7e18ab42d1f,random_candidate,1104,10,2,,4,0.0009001269936561584
maxcut_construct,s-ab646b844818c5d4b5a7e7e18ab42d1f,s-ab646b844818c5d4b5a7e7e18ab42d1f,random_candidate,1105,10,2,,1,0.001143554924055934
maxcut_construct,s-ad2c2bc71df60737310c4aea54de1500,s-ad2c2bc71df60737310c4aea54de1500,assigned_gain,20261003,9,1,,1,0.0015549669042229652
maxcut_construct,s-ad2c2bc71df60737310c4aea54de1500,s-ad2c2bc71df60737310c4aea54de1500,classical,20261003,9,1,,0,2.046092413365841e-05
maxcut_construct,s-ad2c2bc71df60737310c4aea54de1500,s-ad2c2bc71df60737310c4aea54de1500,degree_balance,20261003,9,1,,5,0.0012874689418822527
maxcut_construct,s-ad2c2bc71df60737310c4aea54de1500,s-ad2c2bc71df60737310c4aea54de1500,greedy_completion,20261003,9,1,,3,0.0014151029754430056
maxcut_construct,s-ad2c2bc71df60737310c4aea54de1500,s-ad2c2bc71df60737310c4aea54de1500,opposite_completion,20261003,3,7,,1,0.0015242670197039843
maxcut_construct,s-ad2c2bc71df60737310c4aea54de1500,s-ad2c2bc71df60737310c4aea54de1500,random_candidate,1101,7,3,,2,0.0014934560749679804
maxcut_construct,s-ad2c2bc71df60737310c4aea54de1500,s-ad2c2bc71df60737310c4aea54de1500,random_candidate,1102,7,3,,2,0.0015017660334706306
maxcut_construct,s-ad2c2bc71df60737310c4aea54de1500,s-ad2c2bc71df60737310c4aea54de1500,random_candidate,1103,7,3,,2,0.001498454948887229
maxcut_construct,s-ad2c2bc71df60737310c4aea54de1500,s-ad2c2bc71df60737310c4aea54de1500,random_candidate,1104,7,3,,2,0.0015132459811866283
maxcut_construct,s-ad2c2bc71df60737310c4aea54de1500,s-ad2c2bc71df60737310c4aea54de1500,random_candidate,1105,9,1,,4,0.0013441510964185
maxcut_construct,s-b3639dae4e112a6175c8c702dda3e17c,s-b3639dae4e112a6175c8c702dda3e17c,assigned_gain,20261003,14,2,,3,0.0018017850816249847
maxcut_construct,s-b3639dae4e112a6175c8c702dda3e17c,s-b3639dae4e112a6175c8c702dda3e17c,classical,20261003,14,2,,0,2.343999221920967e-05
maxcut_construct,s-b3639dae4e112a6175c8c702dda3e17c,s-b3639dae4e112a6175c8c702dda3e17c,degree_balance,20261003,12,4,,5,0.0016397000290453434
maxcut_construct,s-b3639dae4e112a6175c8c702dda3e17c,s-b3639dae4e112a6175c8c702dda3e17c,greedy_completion,20261003,16,0,,5,0.0016654410865157843
maxcut_construct,s-b3639dae4e112a6175c8c702dda3e17c,s-b3639dae4e112a6175c8c702dda3e17c,opposite_completion,20261003,3,13,,1,0.0019824609626084566
maxcut_construct,s-b3639dae4e112a6175c8c702dda3e17c,s-b3639dae4e112a6175c8c702dda3e17c,random_candidate,1101,11,5,,4,0.001727283000946045
maxcut_construct,s-b3639dae4e112a6175c8c702dda3e17c,s-b3639dae4e112a6175c8c702dda3e17c,random_candidate,1102,11,5,,1,0.0019338498823344707
maxcut_construct,s-b3639dae4e112a6175c8c702dda3e17c,s-b3639dae4e112a6175c8c702dda3e17c,random_candidate,1103,10,6,,4,0.0017277630977332592
maxcut_construct,s-b3639dae4e112a6175c8c702dda3e17c,s-b3639dae4e112a6175c8c702dda3e17c,random_candidate,1104,13,3,,3,0.0018010949715971947
maxcut_construct,s-b3639dae4e112a6175c8c702dda3e17c,s-b3639dae4e112a6175c8c702dda3e17c,random_candidate,1105,13,3,,2,0.0018628970719873905
maxcut_construct,s-b4f50e81578b6f076e0e4c715e1c761a,s-b4f50e81578b6f076e0e4c715e1c761a,assigned_gain,20261003,20,0,,1,0.001893077977001667
maxcut_construct,s-b4f50e81578b6f076e0e4c715e1c761a,s-b4f50e81578b6f076e0e4c715e1c761a,classical,20261003,20,0,,0,2.467096783220768e-05
maxcut_construct,s-b4f50e81578b6f076e0e4c715e1c761a,s-b4f50e81578b6f076e0e4c715e1c761a,degree_balance,20261003,17,3,,2,0.0017414239700883627
maxcut_construct,s-b4f50e81578b6f076e0e4c715e1c761a,s-b4f50e81578b6f076e0e4c715e1c761a,greedy_completion,20261003,20,0,,1,0.001844167010858655
maxcut_construct,s-b4f50e81578b6f076e0e4c715e1c761a,s-b4f50e81578b6f076e0e4c715e1c761a,opposite_completion,20261003,9,11,,2,0.0018191959243267775
maxcut_construct,s-b4f50e81578b6f076e0e4c715e1c761a,s-b4f50e81578b6f076e0e4c715e1c761a,random_candidate,1101,16,4,,2,0.0017774850130081177
maxcut_construct,s-b4f50e81578b6f076e0e4c715e1c761a,s-b4f50e81578b6f076e0e4c715e1c761a,random_candidate,1102,16,4,,1,0.0018554071430116892
maxcut_construct,s-b4f50e81578b6f076e0e4c715e1c761a,s-b4f50e81578b6f076e0e4c715e1c761a,random_candidate,1103,16,4,,2,0.0017857050988823175
maxcut_construct,s-b4f50e81578b6f076e0e4c715e1c761a,s-b4f50e81578b6f076e0e4c715e1c761a,random_candidate,1104,15,5,,2,0.0017582138534635305
maxcut_construct,s-b4f50e81578b6f076e0e4c715e1c761a,s-b4f50e81578b6f076e0e4c715e1c761a,random_candidate,1105,17,3,,4,0.0015855689998716116
maxcut_construct,s-b757a84ae349f495b3a159efe21a5e26,s-b757a84ae349f495b3a159efe21a5e26,assigned_gain,20261003,14,2,,1,0.0019511501304805279
maxcut_construct,s-b757a84ae349f495b3a159efe21a5e26,s-b757a84ae349f495b3a159efe21a5e26,classical,20261003,14,2,,0,2.2529857233166695e-05
maxcut_construct,s-b757a84ae349f495b3a159efe21a5e26,s-b757a84ae349f495b3a159efe21a5e26,degree_balance,20261003,8,8,,1,0.0019237790256738663
maxcut_construct,s-b757a84ae349f495b3a159efe21a5e26,s-b757a84ae349f495b3a159efe21a5e26,greedy_completion,20261003,16,0,,2,0.0018197759054601192
maxcut_construct,s-b757a84ae349f495b3a159efe21a5e26,s-b757a84ae349f495b3a159efe21a5e26,opposite_completion,20261003,4,12,,1,0.0018922379240393639
maxcut_construct,s-b757a84ae349f495b3a159efe21a5e26,s-b757a84ae349f495b3a159efe21a5e26,random_candidate,1101,12,4,,1,0.0018748468719422817
maxcut_construct,s-b757a84ae349f495b3a159efe21a5e26,s-b757a84ae349f495b3a159efe21a5e26,random_candidate,1102,14,2,,1,0.00186257716268301
maxcut_construct,s-b757a84ae349f495b3a159efe21a5e26,s-b757a84ae349f495b3a159efe21a5e26,random_candidate,1103,12,4,,1,0.00187461799941957
maxcut_construct,s-b757a84ae349f495b3a159efe21a5e26,s-b757a84ae349f495b3a159efe21a5e26,random_candidate,1104,14,2,,1,0.0018862381111830473
maxcut_construct,s-b757a84ae349f495b3a159efe21a5e26,s-b757a84ae349f495b3a159efe21a5e26,random_candidate,1105,12,4,,2,0.001799324993044138
maxcut_construct,s-c9f22afe08ba912ed79364d88040e71e,s-c9f22afe08ba912ed79364d88040e71e,assigned_gain,20261003,8,0,,1,0.0011342349462211132
maxcut_construct,s-c9f22afe08ba912ed79364d88040e71e,s-c9f22afe08ba912ed79364d88040e71e,classical,20261003,8,0,,0,1.6990117728710175e-05
maxcut_construct,s-c9f22afe08ba912ed79364d88040e71e,s-c9f22afe08ba912ed79364d88040e71e,degree_balance,20261003,6,2,,5,0.0008822469972074032
maxcut_construct,s-c9f22afe08ba912ed79364d88040e71e,s-c9f22afe08ba912ed79364d88040e71e,greedy_completion,20261003,8,0,,1,0.001114213839173317
maxcut_construct,s-c9f22afe08ba912ed79364d88040e71e,s-c9f22afe08ba912ed79364d88040e71e,opposite_completion,20261003,2,6,,1,0.0011395348701626062
maxcut_construct,s-c9f22afe08ba912ed79364d88040e71e,s-c9f22afe08ba912ed79364d88040e71e,random_candidate,1101,6,2,,2,0.0010813931003212929
maxcut_construct,s-c9f22afe08ba912ed79364d88040e71e,s-c9f22afe08ba912ed79364d88040e71e,random_candidate,1102,2,6,,1,0.0011127740144729614
maxcut_construct,s-c9f22afe08ba912ed79364d88040e71e,s-c9f22afe08ba912ed79364d88040e71e,random_candidate,1103,6,2,,2,0.001057473011314869
maxcut_construct,s-c9f22afe08ba912ed79364d88040e71e,s-c9f22afe08ba912ed79364d88040e71e,random_candidate,1104,6,2,,3,0.0010015410371124744
maxcut_construct,s-c9f22afe08ba912ed79364d88040e71e,s-c9f22afe08ba912ed79364d88040e71e,random_candidate,1105,4,4,,2,0.00105722201988101
maxcut_construct,s-d1af9e3eb5e86877737c1f6ef5627587,s-d1af9e3eb5e86877737c1f6ef5627587,assigned_gain,20261003,14,0,,2,0.0012855189852416515
maxcut_construct,s-d1af9e3eb5e86877737c1f6ef5627587,s-d1af9e3eb5e86877737c1f6ef5627587,classical,20261003,14,0,,0,2.0020874217152596e-05
maxcut_construct,s-d1af9e3eb5e86877737c1f6ef5627587,s-d1af9e3eb5e86877737c1f6ef5627587,degree_balance,20261003,9,5,,2,0.0012764888815581799
maxcut_construct,s-d1af9e3eb5e86877737c1f6ef5627587,s-d1af9e3eb5e86877737c1f6ef5627587,greedy_completion,20261003,14,0,,2,0.0012659390922635794
maxcut_construct,s-d1af9e3eb5e86877737c1f6ef5627587,s-d1af9e3eb5e86877737c1f6ef5627587,opposite_completion,20261003,4,10,,1,0.001360761933028698
maxcut_construct,s-d1af9e3eb5e86877737c1f6ef5627587,s-d1af9e3eb5e86877737c1f6ef5627587,random_candidate,1101,10,4,,2,0.0012682587839663029
maxcut_construct,s-d1af9e3eb5e86877737c1f6ef5627587,s-d1af9e3eb5e86877737c1f6ef5627587,random_candidate,1102,10,4,,2,0.0012757088989019394
maxcut_construct,s-d1af9e3eb5e86877737c1f6ef5627587,s-d1af9e3eb5e86877737c1f6ef5627587,random_candidate,1103,10,4,,2,0.0012727698776870966
maxcut_construct,s-d1af9e3eb5e86877737c1f6ef5627587,s-d1af9e3eb5e86877737c1f6ef5627587,random_candidate,1104,12,2,,3,0.0012288568541407585
maxcut_construct,s-d1af9e3eb5e86877737c1f6ef5627587,s-d1af9e3eb5e86877737c1f6ef5627587,random_candidate,1105,10,4,,2,0.0012660890351980925
maxcut_construct,s-da0cab6f61834dcf522e8c2fc8f260d4,s-da0cab6f61834dcf522e8c2fc8f260d4,assigned_gain,20261003,15,2,,1,0.0019402289763092995
maxcut_construct,s-da0cab6f61834dcf522e8c2fc8f260d4,s-da0cab6f61834dcf522e8c2fc8f260d4,classical,20261003,15,2,,0,2.405000850558281e-05
maxcut_construct,s-da0cab6f61834dcf522e8c2fc8f260d4,s-da0cab6f61834dcf522e8c2fc8f260d4,degree_balance,20261003,15,2,,5,0.0015570269897580147
maxcut_construct,s-da0cab6f61834dcf522e8c2fc8f260d4,s-da0cab6f61834dcf522e8c2fc8f260d4,greedy_completion,20261003,16,1,,4,0.001643860014155507
maxcut_construct,s-da0cab6f61834dcf522e8c2fc8f260d4,s-da0cab6f61834dcf522e8c2fc8f260d4,opposite_completion,20261003,5,12,,1,0.0018658170010894537
maxcut_construct,s-da0cab6f61834dcf522e8c2fc8f260d4,s-da0cab6f61834dcf522e8c2fc8f260d4,random_candidate,1101,14,3,,2,0.001821415964514017
maxcut_construct,s-da0cab6f61834dcf522e8c2fc8f260d4,s-da0cab6f61834dcf522e8c2fc8f260d4,random_candidate,1102,12,5,,2,0.0018268658313900232
maxcut_construct,s-da0cab6f61834dcf522e8c2fc8f260d4,s-da0cab6f61834dcf522e8c2fc8f260d4,random_candidate,1103,13,4,,2,0.0017994348891079426
maxcut_construct,s-da0cab6f61834dcf522e8c2fc8f260d4,s-da0cab6f61834dcf522e8c2fc8f260d4,random_candidate,1104,12,5,,3,0.0017484938725829124
maxcut_construct,s-da0cab6f61834dcf522e8c2fc8f260d4,s-da0cab6f61834dcf522e8c2fc8f260d4,random_candidate,1105,14,3,,5,0.0015950389206409454
maxcut_construct,s-e199ea94ccc01410f5bee3163c52153e,s-e199ea94ccc01410f5bee3163c52153e,assigned_gain,20261003,26,0,,5,0.0021850469056516886
maxcut_construct,s-e199ea94ccc01410f5bee3163c52153e,s-e199ea94ccc01410f5bee3163c52153e,classical,20261003,26,0,,0,2.961093559861183e-05
maxcut_construct,s-e199ea94ccc01410f5bee3163c52153e,s-e199ea94ccc01410f5bee3163c52153e,degree_balance,20261003,20,6,,4,0.002290549920871854
maxcut_construct,s-e199ea94ccc01410f5bee3163c52153e,s-e199ea94ccc01410f5bee3163c52153e,greedy_completion,20261003,26,0,,4,0.002278219908475876
maxcut_construct,s-e199ea94ccc01410f5bee3163c52153e,s-e199ea94ccc01410f5bee3163c52153e,opposite_completion,20261003,6,20,,1,0.0025547179393470287
maxcut_construct,s-e199ea94ccc01410f5bee3163c52153e,s-e199ea94ccc01410f5bee3163c52153e,random_candidate,1101,16,10,,0,0.0026614819653332233
maxcut_construct,s-e199ea94ccc01410f5bee3163c52153e,s-e199ea94ccc01410f5bee3163c52153e,random_candidate,1102,22,4,,2,0.0024815271608531475
maxcut_construct,s-e199ea94ccc01410f5bee3163c52153e,s-e199ea94ccc01410f5bee3163c52153e,random_candidate,1103,18,8,,1,0.0025727590546011925
maxcut_construct,s-e199ea94ccc01410f5bee3163c52153e,s-e199ea94ccc01410f5bee3163c52153e,random_candidate,1104,22,4,,2,0.002481806091964245
maxcut_construct,s-e199ea94ccc01410f5bee3163c52153e,s-e199ea94ccc01410f5bee3163c52153e,random_candidate,1105,16,10,,2,0.002480975817888975
maxcut_construct,s-e4683e3752c3375632562e01d3ba0118,s-e4683e3752c3375632562e01d3ba0118,assigned_gain,20261003,18,1,,2,0.002133444882929325
maxcut_construct,s-e4683e3752c3375632562e01d3ba0118,s-e4683e3752c3375632562e01d3ba0118,classical,20261003,18,1,,0,5.842209793627262e-05
maxcut_construct,s-e4683e3752c3375632562e01d3ba0118,s-e4683e3752c3375632562e01d3ba0118,degree_balance,20261003,13,6,,3,0.0019991020672023296
maxcut_construct,s-e4683e3752c3375632562e01d3ba0118,s-e4683e3752c3375632562e01d3ba0118,greedy_completion,20261003,19,0,,4,0.0019026189111173153
maxcut_construct,s-e4683e3752c3375632562e01d3ba0118,s-e4683e3752c3375632562e01d3ba0118,opposite_completion,20261003,9,10,,2,0.0020494130440056324
maxcut_construct,s-e4683e3752c3375632562e01d3ba0118,s-e4683e3752c3375632562e01d3ba0118,random_candidate,1101,15,4,,4,0.0019429100211709738
maxcut_construct,s-e4683e3752c3375632562e01d3ba0118,s-e4683e3752c3375632562e01d3ba0118,random_candidate,1102,14,5,,3,0.0019916510209441185
maxcut_construct,s-e4683e3752c3375632562e01d3ba0118,s-e4683e3752c3375632562e01d3ba0118,random_candidate,1103,15,4,,4,0.0019485701341181993
maxcut_construct,s-e4683e3752c3375632562e01d3ba0118,s-e4683e3752c3375632562e01d3ba0118,random_candidate,1104,16,3,,5,0.001851567067205906
maxcut_construct,s-e4683e3752c3375632562e01d3ba0118,s-e4683e3752c3375632562e01d3ba0118,random_candidate,1105,17,2,,2,0.0020966350566595793
maxcut_construct,s-ed5bb85c7ab1e47caf26723462048ae5,s-ed5bb85c7ab1e47caf26723462048ae5,assigned_gain,20261003,20,3,,2,0.0018176259472966194
maxcut_construct,s-ed5bb85c7ab1e47caf26723462048ae5,s-ed5bb85c7ab1e47caf26723462048ae5,classical,20261003,20,3,,0,2.4559907615184784e-05
maxcut_construct,s-ed5bb85c7ab1e47caf26723462048ae5,s-ed5bb85c7ab1e47caf26723462048ae5,degree_balance,20261003,17,6,,3,0.0017209229990839958
maxcut_construct,s-ed5bb85c7ab1e47caf26723462048ae5,s-ed5bb85c7ab1e47caf26723462048ae5,greedy_completion,20261003,23,0,,2,0.0017854850739240646
maxcut_construct,s-ed5bb85c7ab1e47caf26723462048ae5,s-ed5bb85c7ab1e47caf26723462048ae5,opposite_completion,20261003,5,18,,1,0.0018692880403250456
maxcut_construct,s-ed5bb85c7ab1e47caf26723462048ae5,s-ed5bb85c7ab1e47caf26723462048ae5,random_candidate,1101,20,3,,1,0.001875438028946519
maxcut_construct,s-ed5bb85c7ab1e47caf26723462048ae5,s-ed5bb85c7ab1e47caf26723462048ae5,random_candidate,1102,19,4,,1,0.0018586870282888412
maxcut_construct,s-ed5bb85c7ab1e47caf26723462048ae5,s-ed5bb85c7ab1e47caf26723462048ae5,random_candidate,1103,20,3,,1,0.0019107479602098465
maxcut_construct,s-ed5bb85c7ab1e47caf26723462048ae5,s-ed5bb85c7ab1e47caf26723462048ae5,random_candidate,1104,15,8,,2,0.0018358661327511072
maxcut_construct,s-ed5bb85c7ab1e47caf26723462048ae5,s-ed5bb85c7ab1e47caf26723462048ae5,random_candidate,1105,17,6,,2,0.0017821339424699545
maxcut_construct,s-f060066f585d171ba3d7bbca0d1deecc,s-f060066f585d171ba3d7bbca0d1deecc,assigned_gain,20261003,18,1,,3,0.0014198438730090857
maxcut_construct,s-f060066f585d171ba3d7bbca0d1deecc,s-f060066f585d171ba3d7bbca0d1deecc,classical,20261003,18,1,,0,2.238992601633072e-05
maxcut_construct,s-f060066f585d171ba3d7bbca0d1deecc,s-f060066f585d171ba3d7bbca0d1deecc,degree_balance,20261003,15,4,,3,0.0014196541160345078
maxcut_construct,s-f060066f585d171ba3d7bbca0d1deecc,s-f060066f585d171ba3d7bbca0d1deecc,greedy_completion,20261003,19,0,,2,0.0015334170311689377
maxcut_construct,s-f060066f585d171ba3d7bbca0d1deecc,s-f060066f585d171ba3d7bbca0d1deecc,opposite_completion,20261003,11,8,,2,0.0014826958067715168
maxcut_construct,s-f060066f585d171ba3d7bbca0d1deecc,s-f060066f585d171ba3d7bbca0d1deecc,random_candidate,1101,15,4,,1,0.0015808790922164917
maxcut_construct,s-f060066f585d171ba3d7bbca0d1deecc,s-f060066f585d171ba3d7bbca0d1deecc,random_candidate,1102,15,4,,1,0.0015493880491703749
maxcut_construct,s-f060066f585d171ba3d7bbca0d1deecc,s-f060066f585d171ba3d7bbca0d1deecc,random_candidate,1103,15,4,,1,0.0015801778063178062
maxcut_construct,s-f060066f585d171ba3d7bbca0d1deecc,s-f060066f585d171ba3d7bbca0d1deecc,random_candidate,1104,14,5,,2,0.0014843649696558714
maxcut_construct,s-f060066f585d171ba3d7bbca0d1deecc,s-f060066f585d171ba3d7bbca0d1deecc,random_candidate,1105,17,2,,3,0.0014229142107069492
maxcut_construct,s-f79a3e1689ec3840e061f9dd7d5fad88,s-f79a3e1689ec3840e061f9dd7d5fad88,assigned_gain,20261003,14,1,,0,0.0017008220311254263
maxcut_construct,s-f79a3e1689ec3840e061f9dd7d5fad88,s-f79a3e1689ec3840e061f9dd7d5fad88,classical,20261003,14,1,,0,2.2020889446139336e-05
maxcut_construct,s-f79a3e1689ec3840e061f9dd7d5fad88,s-f79a3e1689ec3840e061f9dd7d5fad88,degree_balance,20261003,12,3,,2,0.0015384568832814693
maxcut_construct,s-f79a3e1689ec3840e061f9dd7d5fad88,s-f79a3e1689ec3840e061f9dd7d5fad88,greedy_completion,20261003,14,1,,2,0.0015179170295596123
maxcut_construct,s-f79a3e1689ec3840e061f9dd7d5fad88,s-f79a3e1689ec3840e061f9dd7d5fad88,opposite_completion,20261003,7,8,,2,0.001522997161373496
maxcut_construct,s-f79a3e1689ec3840e061f9dd7d5fad88,s-f79a3e1689ec3840e061f9dd7d5fad88,random_candidate,1101,11,4,,1,0.0015781479887664318
maxcut_construct,s-f79a3e1689ec3840e061f9dd7d5fad88,s-f79a3e1689ec3840e061f9dd7d5fad88,random_candidate,1102,14,1,,1,0.0015986489597707987
maxcut_construct,s-f79a3e1689ec3840e061f9dd7d5fad88,s-f79a3e1689ec3840e061f9dd7d5fad88,random_candidate,1103,11,4,,1,0.0016419908497482538
maxcut_construct,s-f79a3e1689ec3840e061f9dd7d5fad88,s-f79a3e1689ec3840e061f9dd7d5fad88,random_candidate,1104,13,2,,2,0.001512985909357667
maxcut_construct,s-f79a3e1689ec3840e061f9dd7d5fad88,s-f79a3e1689ec3840e061f9dd7d5fad88,random_candidate,1105,13,2,,1,0.0015906889457255602
maxcut_public,0185bca51fdb76ca0ea1,sg3dl058000,assigned_gain,20261003,78,,27.77777777777778,28,0.2589523959904909
maxcut_public,0185bca51fdb76ca0ea1,sg3dl058000,classical,20261003,86,,20.37037037037037,0,0.0009580790065228939
maxcut_public,0185bca51fdb76ca0ea1,sg3dl058000,degree_balance,20261003,-8,,107.40740740740742,26,0.27641575084999204
maxcut_public,0185bca51fdb76ca0ea1,sg3dl058000,greedy_completion,20261003,98,,9.25925925925926,23,0.2805369379930198
maxcut_public,0185bca51fdb76ca0ea1,sg3dl058000,opposite_completion,20261003,22,,79.62962962962963,26,0.2626364689785987
maxcut_public,0185bca51fdb76ca0ea1,sg3dl058000,random_candidate,1101,36,,66.66666666666666,23,0.26306251203641295
maxcut_public,0185bca51fdb76ca0ea1,sg3dl058000,random_candidate,1102,26,,75.92592592592592,12,0.30148082016967237
maxcut_public,0185bca51fdb76ca0ea1,sg3dl058000,random_candidate,1103,14,,87.03703703703704,16,0.27595342812128365
maxcut_public,0185bca51fdb76ca0ea1,sg3dl058000,random_candidate,1104,30,,72.22222222222221,31,0.2879779050126672
maxcut_public,0185bca51fdb76ca0ea1,sg3dl058000,random_candidate,1105,16,,85.18518518518519,30,0.2644903960172087
maxcut_public,05e92f6aa8ef50d37eb5,sg3dl054000,assigned_gain,20261003,78,,31.57894736842105,15,0.2847178860101849
maxcut_public,05e92f6aa8ef50d37eb5,sg3dl054000,classical,20261003,88,,22.807017543859647,0,0.0008946468587964773
maxcut_public,05e92f6aa8ef50d37eb5,sg3dl054000,degree_balance,20261003,-8,,107.01754385964912,27,0.2623759410344064
maxcut_public,05e92f6aa8ef50d37eb5,sg3dl054000,greedy_completion,20261003,100,,12.280701754385964,34,0.25764729594811797
maxcut_public,05e92f6aa8ef50d37eb5,sg3dl054000,opposite_completion,20261003,22,,80.7017543859649,9,0.2884256490506232
maxcut_public,05e92f6aa8ef50d37eb5,sg3dl054000,random_candidate,1101,40,,64.91228070175438,27,0.2753463489934802
maxcut_public,05e92f6aa8ef50d37eb5,sg3dl054000,random_candidate,1102,16,,85.96491228070175,11,0.2756431479938328
maxcut_public,05e92f6aa8ef50d37eb5,sg3dl054000,random_candidate,1103,20,,82.45614035087719,20,0.2799885398708284
maxcut_public,05e92f6aa8ef50d37eb5,sg3dl054000,random_candidate,1104,26,,77.19298245614034,19,0.28172312304377556
maxcut_public,05e92f6aa8ef50d37eb5,sg3dl054000,random_candidate,1105,22,,80.7017543859649,19,0.26884089899249375
maxcut_public,081bfdfd180d710a065b,sg3dl053000,assigned_gain,20261003,86,,18.867924528301888,28,0.2612539769615978
maxcut_public,081bfdfd180d710a065b,sg3dl053000,classical,20261003,92,,13.20754716981132,0,0.0007964640390127897
maxcut_public,081bfdfd180d710a065b,sg3dl053000,degree_balance,20261003,0,,100.0,25,0.2794154828879982
maxcut_public,081bfdfd180d710a065b,sg3dl053000,greedy_completion,20261003,94,,11.320754716981133,24,0.2796269189566374
maxcut_public,081bfdfd180d710a065b,sg3dl053000,opposite_completion,20261003,36,,66.0377358490566,34,0.25621685199439526
maxcut_public,081bfdfd180d710a065b,sg3dl053000,random_candidate,1101,14,,86.79245283018868,17,0.2699878141283989
maxcut_public,081bfdfd180d710a065b,sg3dl053000,random_candidate,1102,12,,88.67924528301887,20,0.2836081921122968
maxcut_public,081bfdfd180d710a065b,sg3dl053000,random_candidate,1103,24,,77.35849056603774,24,0.26480630598962307
maxcut_public,081bfdfd180d710a065b,sg3dl053000,random_candidate,1104,34,,67.9245283018868,25,0.2797335828654468
maxcut_public,081bfdfd180d710a065b,sg3dl053000,random_candidate,1105,18,,83.01886792452831,18,0.26987714087590575
maxcut_public,0835f0a7b9d39c313863,sg3dl053000,assigned_gain,20261003,78,,26.41509433962264,3,0.27877780399285257
maxcut_public,0835f0a7b9d39c313863,sg3dl053000,classical,20261003,90,,15.09433962264151,0,0.0008716469164937735
maxcut_public,0835f0a7b9d39c313863,sg3dl053000,degree_balance,20261003,6,,94.33962264150944,34,0.2690529259853065
maxcut_public,0835f0a7b9d39c313863,sg3dl053000,greedy_completion,20261003,92,,13.20754716981132,16,0.28341490495949984
maxcut_public,0835f0a7b9d39c313863,sg3dl053000,opposite_completion,20261003,32,,69.81132075471697,14,0.27048322977498174
maxcut_public,0835f0a7b9d39c313863,sg3dl053000,random_candidate,1101,30,,71.69811320754717,23,0.2657988059800118
maxcut_public,0835f0a7b9d39c313863,sg3dl053000,random_candidate,1102,8,,92.45283018867924,24,0.27870318992063403
maxcut_public,0835f0a7b9d39c313863,sg3dl053000,random_candidate,1103,26,,75.47169811320755,29,0.26019585388712585
maxcut_public,0835f0a7b9d39c313863,sg3dl053000,random_candidate,1104,18,,83.01886792452831,11,0.2890364481136203
maxcut_public,0835f0a7b9d39c313863,sg3dl053000,random_candidate,1105,4,,96.22641509433963,18,0.26941764703951776
maxcut_public,1b147b824d88d8477c8d,sg3dl052000,assigned_gain,20261003,68,,39.285714285714285,10,0.2936294190585613
maxcut_public,1b147b824d88d8477c8d,sg3dl052000,classical,20261003,78,,30.357142857142854,0,0.0008688969537615776
maxcut_public,1b147b824d88d8477c8d,sg3dl052000,degree_balance,20261003,6,,94.64285714285714,28,0.26088566589169204
maxcut_public,1b147b824d88d8477c8d,sg3dl052000,greedy_completion,20261003,96,,14.285714285714285,27,0.2617164009716362
maxcut_public,1b147b824d88d8477c8d,sg3dl052000,opposite_completion,20261003,18,,83.92857142857143,33,0.274909334955737
maxcut_public,1b147b824d88d8477c8d,sg3dl052000,random_candidate,1101,16,,85.71428571428571,17,0.28951741219498217
maxcut_public,1b147b824d88d8477c8d,sg3dl052000,random_candidate,1102,32,,71.42857142857143,24,0.2637105311732739
maxcut_public,1b147b824d88d8477c8d,sg3dl052000,random_candidate,1103,16,,85.71428571428571,12,0.290578274987638
maxcut_public,1b147b824d88d8477c8d,sg3dl052000,random_candidate,1104,24,,78.57142857142857,17,0.27070852695032954
maxcut_public,1b147b824d88d8477c8d,sg3dl052000,random_candidate,1105,18,,83.92857142857143,13,0.28823967394419014
maxcut_public,26c8d75c24b454e4841c,sg3dl054000,assigned_gain,20261003,82,,28.07017543859649,25,0.2637549431528896
maxcut_public,26c8d75c24b454e4841c,sg3dl054000,classical,20261003,94,,17.543859649122805,0,0.0009580601472407579
maxcut_public,26c8d75c24b454e4841c,sg3dl054000,degree_balance,20261003,-8,,107.01754385964912,21,0.282786606810987
maxcut_public,26c8d75c24b454e4841c,sg3dl054000,greedy_completion,20261003,94,,17.543859649122805,36,0.2708091288805008
maxcut_public,26c8d75c24b454e4841c,sg3dl054000,opposite_completion,20261003,2,,98.24561403508771,15,0.2719950859900564
maxcut_public,26c8d75c24b454e4841c,sg3dl054000,random_candidate,1101,16,,85.96491228070175,9,0.27656102599576116
maxcut_public,26c8d75c24b454e4841c,sg3dl054000,random_candidate,1102,20,,82.45614035087719,9,0.2917637419886887
maxcut_public,26c8d75c24b454e4841c,sg3dl054000,random_candidate,1103,6,,94.73684210526315,14,0.2728857728652656
maxcut_public,26c8d75c24b454e4841c,sg3dl054000,random_candidate,1104,40,,64.91228070175438,36,0.26991662196815014
maxcut_public,26c8d75c24b454e4841c,sg3dl054000,random_candidate,1105,12,,89.47368421052632,15,0.28788016294129193
maxcut_public,288dc8db216d88e9430e,sg3dl059000,assigned_gain,20261003,70,,36.36363636363637,8,0.29251433396711946
maxcut_public,288dc8db216d88e9430e,sg3dl059000,classical,20261003,84,,23.636363636363637,0,0.0010636120568960905
maxcut_public,288dc8db216d88e9430e,sg3dl059000,degree_balance,20261003,4,,96.36363636363636,32,0.2591850629542023
maxcut_public,288dc8db216d88e9430e,sg3dl059000,greedy_completion,20261003,98,,10.909090909090908,25,0.26483439607545733
maxcut_public,288dc8db216d88e9430e,sg3dl059000,opposite_completion,20261003,22,,80.0,19,0.28448363789357245
maxcut_public,288dc8db216d88e9430e,sg3dl059000,random_candidate,1101,16,,85.45454545454545,26,0.2782045961357653
maxcut_public,288dc8db216d88e9430e,sg3dl059000,random_candidate,1102,20,,81.81818181818183,25,0.2634905648883432
maxcut_public,288dc8db216d88e9430e,sg3dl059000,random_candidate,1103,18,,83.63636363636363,32,0.2730938291642815
maxcut_public,288dc8db216d88e9430e,sg3dl059000,random_candidate,1104,12,,89.0909090909091,18,0.27046801894903183
maxcut_public,288dc8db216d88e9430e,sg3dl059000,random_candidate,1105,16,,85.45454545454545,24,0.28014368494041264
maxcut_public,4abeaf96470a771ddef9,sg3dl059000,assigned_gain,20261003,64,,41.81818181818181,9,0.28919309307821095
maxcut_public,4abeaf96470a771ddef9,sg3dl059000,classical,20261003,76,,30.909090909090907,0,0.0010141809470951557
maxcut_public,4abeaf96470a771ddef9,sg3dl059000,degree_balance,20261003,10,,90.9090909090909,41,0.2508257869631052
maxcut_public,4abeaf96470a771ddef9,sg3dl059000,greedy_completion,20261003,98,,10.909090909090908,19,0.28185993805527687
maxcut_public,4abeaf96470a771ddef9,sg3dl059000,opposite_completion,20261003,8,,92.72727272727272,14,0.271794639993459
maxcut_public,4abeaf96470a771ddef9,sg3dl059000,random_candidate,1101,20,,81.81818181818183,19,0.28119535790756345
maxcut_public,4abeaf96470a771ddef9,sg3dl059000,random_candidate,1102,16,,85.45454545454545,26,0.2628516962286085
maxcut_public,4abeaf96470a771ddef9,sg3dl059000,random_candidate,1103,24,,78.18181818181819,15,0.28349323687143624
maxcut_public,4abeaf96470a771ddef9,sg3dl059000,random_candidate,1104,40,,63.63636363636363,20,0.2812684199307114
maxcut_public,4abeaf96470a771ddef9,sg3dl059000,random_candidate,1105,16,,85.45454545454545,11,0.2741831729654223
maxcut_public,5afaf2b3c20af8b77de4,sg3dl059000,assigned_gain,20261003,88,,20.0,11,0.2892281040549278
maxcut_public,5afaf2b3c20af8b77de4,sg3dl059000,classical,20261003,92,,16.363636363636363,0,0.0008138548582792282
maxcut_public,5afaf2b3c20af8b77de4,sg3dl059000,degree_balance,20261003,-2,,101.81818181818181,32,0.2714460489805788
maxcut_public,5afaf2b3c20af8b77de4,sg3dl059000,greedy_completion,20261003,98,,10.909090909090908,17,0.2844758778810501
maxcut_public,5afaf2b3c20af8b77de4,sg3dl059000,opposite_completion,20261003,20,,81.81818181818183,12,0.27274869894608855
maxcut_public,5afaf2b3c20af8b77de4,sg3dl059000,random_candidate,1101,12,,89.0909090909091,17,0.2691066269762814
maxcut_public,5afaf2b3c20af8b77de4,sg3dl059000,random_candidate,1102,2,,98.18181818181819,9,0.29050892195664346
maxcut_public,5afaf2b3c20af8b77de4,sg3dl059000,random_candidate,1103,8,,92.72727272727272,20,0.2672129289712757
maxcut_public,5afaf2b3c20af8b77de4,sg3dl059000,random_candidate,1104,10,,90.9090909090909,12,0.2882840649690479
maxcut_public,5afaf2b3c20af8b77de4,sg3dl059000,random_candidate,1105,6,,94.54545454545455,14,0.2715271308552474
maxcut_public,740b2ba73a8962c61fb9,sg3dl051000,assigned_gain,20261003,72,,34.54545454545455,18,0.28311089682392776
maxcut_public,740b2ba73a8962c61fb9,sg3dl051000,classical,20261003,82,,25.454545454545453,0,0.0009134181309491396
maxcut_public,740b2ba73a8962c61fb9,sg3dl051000,degree_balance,20261003,16,,85.45454545454545,23,0.26360976905561984
maxcut_public,740b2ba73a8962c61fb9,sg3dl051000,greedy_completion,20261003,104,,5.454545454545454,7,0.27588520501740277
maxcut_public,740b2ba73a8962c61fb9,sg3dl051000,opposite_completion,20261003,2,,98.18181818181819,5,0.2927165310829878
maxcut_public,740b2ba73a8962c61fb9,sg3dl051000,random_candidate,1101,22,,80.0,22,0.2799086479935795
maxcut_public,740b2ba73a8962c61fb9,sg3dl051000,random_candidate,1102,6,,94.54545454545455,15,0.285480268066749
maxcut_public,740b2ba73a8962c61fb9,sg3dl051000,random_candidate,1103,18,,83.63636363636363,29,0.25786467199213803
maxcut_public,740b2ba73a8962c61fb9,sg3dl051000,random_candidate,1104,24,,78.18181818181819,25,0.26232786918990314
maxcut_public,740b2ba73a8962c61fb9,sg3dl051000,random_candidate,1105,20,,81.81818181818183,24,0.2783112989272922
maxcut_public,7e16c82624a4aa918661,sg3dl0510000,assigned_gain,20261003,82,,26.785714285714285,26,0.28366730408743024
maxcut_public,7e16c82624a4aa918661,sg3dl0510000,classical,20261003,84,,25.0,0,0.0007874639704823494
maxcut_public,7e16c82624a4aa918661,sg3dl0510000,degree_balance,20261003,4,,96.42857142857143,31,0.2595481949392706
maxcut_public,7e16c82624a4aa918661,sg3dl0510000,greedy_completion,20261003,98,,12.5,28,0.2613475990947336
maxcut_public,7e16c82624a4aa918661,sg3dl0510000,opposite_completion,20261003,22,,80.35714285714286,12,0.2903666279744357
maxcut_public,7e16c82624a4aa918661,sg3dl0510000,random_candidate,1101,26,,76.78571428571429,20,0.28416642895899713
maxcut_public,7e16c82624a4aa918661,sg3dl0510000,random_candidate,1102,32,,71.42857142857143,28,0.2617283018771559
maxcut_public,7e16c82624a4aa918661,sg3dl0510000,random_candidate,1103,8,,92.85714285714286,17,0.28469472494907677
maxcut_public,7e16c82624a4aa918661,sg3dl0510000,random_candidate,1104,4,,96.42857142857143,8,0.2769244369119406
maxcut_public,7e16c82624a4aa918661,sg3dl0510000,random_candidate,1105,24,,78.57142857142857,22,0.28213920700363815
maxcut_public,86346dac7dab6467c3e5,sg3dl052000,assigned_gain,20261003,80,,28.57142857142857,18,0.28536700503900647
maxcut_public,86346dac7dab6467c3e5,sg3dl052000,classical,20261003,94,,16.071428571428573,0,0.0009514801204204559
maxcut_public,86346dac7dab6467c3e5,sg3dl052000,degree_balance,20261003,-14,,112.5,28,0.26356425788253546
maxcut_public,86346dac7dab6467c3e5,sg3dl052000,greedy_completion,20261003,102,,8.928571428571429,19,0.269868731033057
maxcut_public,86346dac7dab6467c3e5,sg3dl052000,opposite_completion,20261003,24,,78.57142857142857,14,0.28891510399989784
maxcut_public,86346dac7dab6467c3e5,sg3dl052000,random_candidate,1101,26,,76.78571428571429,25,0.2804225538857281
maxcut_public,86346dac7dab6467c3e5,sg3dl052000,random_candidate,1102,20,,82.14285714285714,16,0.27249050117097795
maxcut_public,86346dac7dab6467c3e5,sg3dl052000,random_candidate,1103,26,,76.78571428571429,13,0.28846561000682414
maxcut_public,86346dac7dab6467c3e5,sg3dl052000,random_candidate,1104,30,,73.21428571428571,14,0.2896613369230181
maxcut_public,86346dac7dab6467c3e5,sg3dl052000,random_candidate,1105,22,,80.35714285714286,16,0.27232922590337694
maxcut_public,90e3de196947f86139b2,sg3dl0510000,assigned_gain,20261003,76,,32.142857142857146,14,0.2682489410508424
maxcut_public,90e3de196947f86139b2,sg3dl0510000,classical,20261003,82,,26.785714285714285,0,0.0008145349565893412
maxcut_public,90e3de196947f86139b2,sg3dl0510000,degree_balance,20261003,0,,100.0,29,0.27873170282691717
maxcut_public,90e3de196947f86139b2,sg3dl0510000,greedy_completion,20261003,98,,12.5,33,0.2799253191333264
maxcut_public,90e3de196947f86139b2,sg3dl0510000,opposite_completion,20261003,24,,78.57142857142857,17,0.2692190711386502
maxcut_public,90e3de196947f86139b2,sg3dl0510000,random_candidate,1101,14,,87.5,26,0.26320455595850945
maxcut_public,90e3de196947f86139b2,sg3dl0510000,random_candidate,1102,14,,87.5,19,0.286540751112625
maxcut_public,90e3de196947f86139b2,sg3dl0510000,random_candidate,1103,6,,94.64285714285714,20,0.26748040807433426
maxcut_public,90e3de196947f86139b2,sg3dl0510000,random_candidate,1104,22,,80.35714285714286,19,0.2855964230839163
maxcut_public,90e3de196947f86139b2,sg3dl0510000,random_candidate,1105,10,,91.07142857142857,17,0.26946939807385206
maxcut_public,93319777c98a301e5797,sg3dl0510000,assigned_gain,20261003,86,,23.214285714285715,12,0.27351327217184007
maxcut_public,93319777c98a301e5797,sg3dl0510000,classical,20261003,92,,17.857142857142858,0,0.0008135251700878143
maxcut_public,93319777c98a301e5797,sg3dl0510000,degree_balance,20261003,-14,,112.5,24,0.27725294698029757
maxcut_public,93319777c98a301e5797,sg3dl0510000,greedy_completion,20261003,98,,12.5,35,0.2709111929871142
maxcut_public,93319777c98a301e5797,sg3dl0510000,opposite_completion,20261003,10,,91.07142857142857,17,0.26765935216099024
maxcut_public,93319777c98a301e5797,sg3dl0510000,random_candidate,1101,14,,87.5,19,0.26693433010950685
maxcut_public,93319777c98a301e5797,sg3dl0510000,random_candidate,1102,16,,85.71428571428571,25,0.2786293390672654
maxcut_public,93319777c98a301e5797,sg3dl0510000,random_candidate,1103,26,,76.78571428571429,32,0.257716977968812
maxcut_public,93319777c98a301e5797,sg3dl0510000,random_candidate,1104,20,,82.14285714285714,15,0.28623418300412595
maxcut_public,93319777c98a301e5797,sg3dl0510000,random_candidate,1105,12,,89.28571428571429,23,0.26394790899939835
maxcut_public,968ec608d04c012ae9ea,sg3dl056000,assigned_gain,20261003,84,,23.636363636363637,33,0.252563500078395
maxcut_public,968ec608d04c012ae9ea,sg3dl056000,classical,20261003,84,,23.636363636363637,0,0.0007472028955817223
maxcut_public,968ec608d04c012ae9ea,sg3dl056000,degree_balance,20261003,2,,98.18181818181819,20,0.2787929638288915
maxcut_public,968ec608d04c012ae9ea,sg3dl056000,greedy_completion,20261003,98,,10.909090909090908,35,0.2686560139991343
maxcut_public,968ec608d04c012ae9ea,sg3dl056000,opposite_completion,20261003,20,,81.81818181818183,16,0.2693592149298638
maxcut_public,968ec608d04c012ae9ea,sg3dl056000,random_candidate,1101,38,,65.45454545454545,32,0.2580383780878037
maxcut_public,968ec608d04c012ae9ea,sg3dl056000,random_candidate,1102,16,,85.45454545454545,15,0.28427287214435637
maxcut_public,968ec608d04c012ae9ea,sg3dl056000,random_candidate,1103,24,,78.18181818181819,20,0.26625672983936965
maxcut_public,968ec608d04c012ae9ea,sg3dl056000,random_candidate,1104,18,,83.63636363636363,25,0.2753500589169562
maxcut_public,968ec608d04c012ae9ea,sg3dl056000,random_candidate,1105,12,,89.0909090909091,19,0.28032416105270386
maxcut_public,9a4a5a87731f644085e7,sg3dl057000,assigned_gain,20261003,84,,25.0,10,0.28742473805323243
maxcut_public,9a4a5a87731f644085e7,sg3dl057000,classical,20261003,88,,21.428571428571427,0,0.0008056340739130974
maxcut_public,9a4a5a87731f644085e7,sg3dl057000,degree_balance,20261003,6,,94.64285714285714,31,0.2583756479434669
maxcut_public,9a4a5a87731f644085e7,sg3dl057000,greedy_completion,20261003,94,,16.071428571428573,7,0.2773925210349262
maxcut_public,9a4a5a87731f644085e7,sg3dl057000,opposite_completion,20261003,2,,98.21428571428571,13,0.2850020839832723
maxcut_public,9a4a5a87731f644085e7,sg3dl057000,random_candidate,1101,16,,85.71428571428571,20,0.280758413951844
maxcut_public,9a4a5a87731f644085e7,sg3dl057000,random_candidate,1102,22,,80.35714285714286,22,0.27959346887655556
maxcut_public,9a4a5a87731f644085e7,sg3dl057000,random_candidate,1103,4,,96.42857142857143,24,0.26411327393725514
maxcut_public,9a4a5a87731f644085e7,sg3dl057000,random_candidate,1104,0,,100.0,8,0.2903794089797884
maxcut_public,9a4a5a87731f644085e7,sg3dl057000,random_candidate,1105,2,,98.21428571428571,20,0.2674940179567784
maxcut_public,9be36c3966c1e4559c70,sg3dl057000,assigned_gain,20261003,80,,28.57142857142857,7,0.29350067488849163
maxcut_public,9be36c3966c1e4559c70,sg3dl057000,classical,20261003,86,,23.214285714285715,0,0.0008462860714644194
maxcut_public,9be36c3966c1e4559c70,sg3dl057000,degree_balance,20261003,14,,87.5,31,0.25985686387866735
maxcut_public,9be36c3966c1e4559c70,sg3dl057000,greedy_completion,20261003,102,,8.928571428571429,27,0.26163576799444854
maxcut_public,9be36c3966c1e4559c70,sg3dl057000,opposite_completion,20261003,22,,80.35714285714286,15,0.28576185717247427
maxcut_public,9be36c3966c1e4559c70,sg3dl057000,random_candidate,1101,24,,78.57142857142857,31,0.2752487550023943
maxcut_public,9be36c3966c1e4559c70,sg3dl057000,random_candidate,1102,20,,82.14285714285714,23,0.2660269630141556
maxcut_public,9be36c3966c1e4559c70,sg3dl057000,random_candidate,1103,26,,76.78571428571429,27,0.2787499821279198
maxcut_public,9be36c3966c1e4559c70,sg3dl057000,random_candidate,1104,16,,85.71428571428571,22,0.2664735158905387
maxcut_public,9be36c3966c1e4559c70,sg3dl057000,random_candidate,1105,18,,83.92857142857143,7,0.29343342315405607
maxcut_public,9eb0b04c829434789c44,sg3dl055000,assigned_gain,20261003,76,,32.142857142857146,21,0.2640940430574119
maxcut_public,9eb0b04c829434789c44,sg3dl055000,classical,20261003,86,,23.214285714285715,0,0.0009372190106660128
maxcut_public,9eb0b04c829434789c44,sg3dl055000,degree_balance,20261003,-8,,107.14285714285714,21,0.27810275205411017
maxcut_public,9eb0b04c829434789c44,sg3dl055000,greedy_completion,20261003,100,,10.714285714285714,31,0.2704509678296745
maxcut_public,9eb0b04c829434789c44,sg3dl055000,opposite_completion,20261003,18,,83.92857142857143,18,0.26787963998503983
maxcut_public,9eb0b04c829434789c44,sg3dl055000,random_candidate,1101,12,,89.28571428571429,14,0.27143014897592366
maxcut_public,9eb0b04c829434789c44,sg3dl055000,random_candidate,1102,14,,87.5,14,0.283779637189582
maxcut_public,9eb0b04c829434789c44,sg3dl055000,random_candidate,1103,30,,73.21428571428571,22,0.2653964839410037
maxcut_public,9eb0b04c829434789c44,sg3dl055000,random_candidate,1104,20,,82.14285714285714,21,0.27943698316812515
maxcut_public,9eb0b04c829434789c44,sg3dl055000,random_candidate,1105,22,,80.35714285714286,25,0.26275578304193914
maxcut_public,aa0dcbdbf1366f46ec14,sg3dl051000,assigned_gain,20261003,84,,23.636363636363637,17,0.2810520229395479
maxcut_public,aa0dcbdbf1366f46ec14,sg3dl051000,classical,20261003,86,,21.818181818181817,0,0.0008146250620484352
maxcut_public,aa0dcbdbf1366f46ec14,sg3dl051000,degree_balance,20261003,0,,100.0,31,0.25828944612294436
maxcut_public,aa0dcbdbf1366f46ec14,sg3dl051000,greedy_completion,20261003,100,,9.090909090909092,24,0.26353554683737457
maxcut_public,aa0dcbdbf1366f46ec14,sg3dl051000,opposite_completion,20261003,28,,74.54545454545455,15,0.2822874609846622
maxcut_public,aa0dcbdbf1366f46ec14,sg3dl051000,random_candidate,1101,6,,94.54545454545455,21,0.2779252780601382
maxcut_public,aa0dcbdbf1366f46ec14,sg3dl051000,random_candidate,1102,30,,72.72727272727273,16,0.2695632909890264
maxcut_public,aa0dcbdbf1366f46ec14,sg3dl051000,random_candidate,1103,10,,90.9090909090909,23,0.27774870209395885
maxcut_public,aa0dcbdbf1366f46ec14,sg3dl051000,random_candidate,1104,24,,78.18181818181819,20,0.26679266686551273
maxcut_public,aa0dcbdbf1366f46ec14,sg3dl051000,random_candidate,1105,20,,81.81818181818183,17,0.2911643229890615
maxcut_public,bb5744a2d86035a3dc08,sg3dl057000,assigned_gain,20261003,86,,23.214285714285715,18,0.28510749782435596
maxcut_public,bb5744a2d86035a3dc08,sg3dl057000,classical,20261003,88,,21.428571428571427,0,0.0007922849617898464
maxcut_public,bb5744a2d86035a3dc08,sg3dl057000,degree_balance,20261003,4,,96.42857142857143,29,0.26058129593729973
maxcut_public,bb5744a2d86035a3dc08,sg3dl057000,greedy_completion,20261003,102,,8.928571428571429,41,0.25156237883493304
maxcut_public,bb5744a2d86035a3dc08,sg3dl057000,opposite_completion,20261003,6,,94.64285714285714,20,0.28300228295847774
maxcut_public,bb5744a2d86035a3dc08,sg3dl057000,random_candidate,1101,42,,62.5,31,0.2733036659192294
maxcut_public,bb5744a2d86035a3dc08,sg3dl057000,random_candidate,1102,14,,87.5,16,0.27067023515701294
maxcut_public,bb5744a2d86035a3dc08,sg3dl057000,random_candidate,1103,4,,96.42857142857143,9,0.291404590010643
maxcut_public,bb5744a2d86035a3dc08,sg3dl057000,random_candidate,1104,38,,66.07142857142857,31,0.258686417946592
maxcut_public,bb5744a2d86035a3dc08,sg3dl057000,random_candidate,1105,18,,83.92857142857143,22,0.28123378893360496
maxcut_public,c67cb61ec0ceb65c6625,sg3dl051000,assigned_gain,20261003,70,,36.36363636363637,12,0.2892923359759152
maxcut_public,c67cb61ec0ceb65c6625,sg3dl051000,classical,20261003,86,,21.818181818181817,0,0.0010092509910464287
maxcut_public,c67cb61ec0ceb65c6625,sg3dl051000,degree_balance,20261003,4,,96.36363636363636,14,0.2723760779481381
maxcut_public,c67cb61ec0ceb65c6625,sg3dl051000,greedy_completion,20261003,106,,3.6363636363636362,45,0.24780185404233634
maxcut_public,c67cb61ec0ceb65c6625,sg3dl051000,opposite_completion,20261003,24,,78.18181818181819,14,0.2894730609841645
maxcut_public,c67cb61ec0ceb65c6625,sg3dl051000,random_candidate,1101,12,,89.0909090909091,22,0.28032572101801634
maxcut_public,c67cb61ec0ceb65c6625,sg3dl051000,random_candidate,1102,0,,100.0,8,0.2752857559826225
maxcut_public,c67cb61ec0ceb65c6625,sg3dl051000,random_candidate,1103,26,,76.36363636363637,22,0.2798150049056858
maxcut_public,c67cb61ec0ceb65c6625,sg3dl051000,random_candidate,1104,12,,89.0909090909091,12,0.2729622251354158
maxcut_public,c67cb61ec0ceb65c6625,sg3dl051000,random_candidate,1105,14,,87.27272727272727,14,0.2868884219788015
maxcut_public,c859d147d9df62a61a87,sg3dl054000,assigned_gain,20261003,72,,36.84210526315789,23,0.28078329493291676
maxcut_public,c859d147d9df62a61a87,sg3dl054000,classical,20261003,82,,28.07017543859649,0,0.0009350578766316175
maxcut_public,c859d147d9df62a61a87,sg3dl054000,degree_balance,20261003,8,,92.98245614035088,24,0.2630670820362866
maxcut_public,c859d147d9df62a61a87,sg3dl054000,greedy_completion,20261003,104,,8.771929824561402,11,0.27027374296449125
maxcut_public,c859d147d9df62a61a87,sg3dl054000,opposite_completion,20261003,22,,80.7017543859649,23,0.28179930709302425
maxcut_public,c859d147d9df62a61a87,sg3dl054000,random_candidate,1101,28,,75.43859649122807,25,0.27908445289358497
maxcut_public,c859d147d9df62a61a87,sg3dl054000,random_candidate,1102,18,,84.21052631578947,33,0.2567117069847882
maxcut_public,c859d147d9df62a61a87,sg3dl054000,random_candidate,1103,18,,84.21052631578947,14,0.2847205260768533
maxcut_public,c859d147d9df62a61a87,sg3dl054000,random_candidate,1104,38,,66.66666666666666,36,0.2535508410073817
maxcut_public,c859d147d9df62a61a87,sg3dl054000,random_candidate,1105,8,,92.98245614035088,10,0.28975084982812405
maxcut_public,d0e42ecf62c375285bc2,sg3dl053000,assigned_gain,20261003,76,,28.30188679245283,28,0.26257485593669116
maxcut_public,d0e42ecf62c375285bc2,sg3dl053000,classical,20261003,84,,20.754716981132077,0,0.0008344152010977268
maxcut_public,d0e42ecf62c375285bc2,sg3dl053000,degree_balance,20261003,10,,90.56603773584906,34,0.25811056001111865
maxcut_public,d0e42ecf62c375285bc2,sg3dl053000,greedy_completion,20261003,98,,7.547169811320755,33,0.25803997716866434
maxcut_public,d0e42ecf62c375285bc2,sg3dl053000,opposite_completion,20261003,16,,84.90566037735849,28,0.27776023210026324
maxcut_public,d0e42ecf62c375285bc2,sg3dl053000,random_candidate,1101,22,,79.24528301886792,16,0.28797914599999785
maxcut_public,d0e42ecf62c375285bc2,sg3dl053000,random_candidate,1102,18,,83.01886792452831,26,0.26455283793620765
maxcut_public,d0e42ecf62c375285bc2,sg3dl053000,random_candidate,1103,16,,84.90566037735849,17,0.2858715201728046
maxcut_public,d0e42ecf62c375285bc2,sg3dl053000,random_candidate,1104,26,,75.47169811320755,26,0.26340588298626244
maxcut_public,d0e42ecf62c375285bc2,sg3dl053000,random_candidate,1105,32,,69.81132075471697,26,0.2787794030737132
maxcut_public,d3f0bc72a90d82602f4e,sg3dl055000,assigned_gain,20261003,78,,30.357142857142854,23,0.26472312305122614
maxcut_public,d3f0bc72a90d82602f4e,sg3dl055000,classical,20261003,88,,21.428571428571427,0,0.0008738168980926275
maxcut_public,d3f0bc72a90d82602f4e,sg3dl055000,degree_balance,20261003,-2,,101.78571428571428,26,0.27964576007798314
maxcut_public,d3f0bc72a90d82602f4e,sg3dl055000,greedy_completion,20261003,98,,12.5,28,0.27661872701719403
maxcut_public,d3f0bc72a90d82602f4e,sg3dl055000,opposite_completion,20261003,12,,89.28571428571429,23,0.2655069469474256
maxcut_public,d3f0bc72a90d82602f4e,sg3dl055000,random_candidate,1101,8,,92.85714285714286,8,0.2781015520449728
maxcut_public,d3f0bc72a90d82602f4e,sg3dl055000,random_candidate,1102,32,,71.42857142857143,25,0.27963623008690774
maxcut_public,d3f0bc72a90d82602f4e,sg3dl055000,random_candidate,1103,34,,69.64285714285714,27,0.26256581605412066
maxcut_public,d3f0bc72a90d82602f4e,sg3dl055000,random_candidate,1104,14,,87.5,18,0.2860443559475243
maxcut_public,d3f0bc72a90d82602f4e,sg3dl055000,random_candidate,1105,24,,78.57142857142857,20,0.2680801250971854
maxcut_public,d6fae5b258ec138e4f90,sg3dl055000,assigned_gain,20261003,88,,21.428571428571427,28,0.27703486010432243
maxcut_public,d6fae5b258ec138e4f90,sg3dl055000,classical,20261003,90,,19.642857142857142,0,0.0007658929098397493
maxcut_public,d6fae5b258ec138e4f90,sg3dl055000,degree_balance,20261003,-4,,103.57142857142858,25,0.26376102305948734
maxcut_public,d6fae5b258ec138e4f90,sg3dl055000,greedy_completion,20261003,106,,5.357142857142857,29,0.260110551957041
maxcut_public,d6fae5b258ec138e4f90,sg3dl055000,opposite_completion,20261003,16,,85.71428571428571,24,0.28155206819064915
maxcut_public,d6fae5b258ec138e4f90,sg3dl055000,random_candidate,1101,8,,92.85714285714286,11,0.2908150318544358
maxcut_public,d6fae5b258ec138e4f90,sg3dl055000,random_candidate,1102,26,,76.78571428571429,31,0.25932210800237954
maxcut_public,d6fae5b258ec138e4f90,sg3dl055000,random_candidate,1103,16,,85.71428571428571,17,0.28566444502212107
maxcut_public,d6fae5b258ec138e4f90,sg3dl055000,random_candidate,1104,22,,80.35714285714286,15,0.2720662481151521
maxcut_public,d6fae5b258ec138e4f90,sg3dl055000,random_candidate,1105,8,,92.85714285714286,8,0.2930667819455266
maxcut_public,de4c9dcdce864a7aaced,sg3dl052000,assigned_gain,20261003,70,,37.5,24,0.2634492041543126
maxcut_public,de4c9dcdce864a7aaced,sg3dl052000,classical,20261003,72,,35.714285714285715,0,0.0007499430794268847
maxcut_public,de4c9dcdce864a7aaced,sg3dl052000,degree_balance,20261003,30,,73.21428571428571,32,0.2567656789906323
maxcut_public,de4c9dcdce864a7aaced,sg3dl052000,greedy_completion,20261003,100,,10.714285714285714,27,0.2743956290651113
maxcut_public,de4c9dcdce864a7aaced,sg3dl052000,opposite_completion,20261003,8,,92.85714285714286,15,0.2848609599750489
maxcut_public,de4c9dcdce864a7aaced,sg3dl052000,random_candidate,1101,22,,80.35714285714286,22,0.2790359409991652
maxcut_public,de4c9dcdce864a7aaced,sg3dl052000,random_candidate,1102,6,,94.64285714285714,16,0.2694335370324552
maxcut_public,de4c9dcdce864a7aaced,sg3dl052000,random_candidate,1103,16,,85.71428571428571,26,0.2759805480018258
maxcut_public,de4c9dcdce864a7aaced,sg3dl052000,random_candidate,1104,28,,75.0,26,0.261906195897609
maxcut_public,de4c9dcdce864a7aaced,sg3dl052000,random_candidate,1105,14,,87.5,20,0.2802669988013804
maxcut_public,df526abbb0c48e57caa7,sg3dl056000,assigned_gain,20261003,76,,30.909090909090907,16,0.27067890600301325
maxcut_public,df526abbb0c48e57caa7,sg3dl056000,classical,20261003,86,,21.818181818181817,0,0.0009187879040837288
maxcut_public,df526abbb0c48e57caa7,sg3dl056000,degree_balance,20261003,6,,94.54545454545455,38,0.2687411850783974
maxcut_public,df526abbb0c48e57caa7,sg3dl056000,greedy_completion,20261003,90,,18.181818181818183,29,0.2764758619014174
maxcut_public,df526abbb0c48e57caa7,sg3dl056000,opposite_completion,20261003,4,,96.36363636363636,9,0.27619070396758616
maxcut_public,df526abbb0c48e57caa7,sg3dl056000,random_candidate,1101,16,,85.45454545454545,23,0.26595788006670773
maxcut_public,df526abbb0c48e57caa7,sg3dl056000,random_candidate,1102,4,,96.36363636363636,15,0.2871535799931735
maxcut_public,df526abbb0c48e57caa7,sg3dl056000,random_candidate,1103,14,,87.27272727272727,21,0.2678466478828341
maxcut_public,df526abbb0c48e57caa7,sg3dl056000,random_candidate,1104,30,,72.72727272727273,21,0.28256323910318315
maxcut_public,df526abbb0c48e57caa7,sg3dl056000,random_candidate,1105,12,,89.0909090909091,20,0.2682484509423375
maxcut_public,edd3abbd8759e237c078,sg3dl058000,assigned_gain,20261003,78,,27.77777777777778,2,0.29919717903248966
maxcut_public,edd3abbd8759e237c078,sg3dl058000,classical,20261003,84,,22.22222222222222,0,0.0008512458298355341
maxcut_public,edd3abbd8759e237c078,sg3dl058000,degree_balance,20261003,-6,,105.55555555555556,27,0.2620512309949845
maxcut_public,edd3abbd8759e237c078,sg3dl058000,greedy_completion,20261003,100,,7.4074074074074066,7,0.27750695403665304
maxcut_public,edd3abbd8759e237c078,sg3dl058000,opposite_completion,20261003,4,,96.29629629629629,2,0.29731921199709177
maxcut_public,edd3abbd8759e237c078,sg3dl058000,random_candidate,1101,28,,74.07407407407408,17,0.29098217794671655
maxcut_public,edd3abbd8759e237c078,sg3dl058000,random_candidate,1102,8,,92.5925925925926,2,0.2989779820200056
maxcut_public,edd3abbd8759e237c078,sg3dl058000,random_candidate,1103,20,,81.48148148148148,13,0.2720609868410975
maxcut_public,edd3abbd8759e237c078,sg3dl058000,random_candidate,1104,14,,87.03703703703704,9,0.2923680800013244
maxcut_public,edd3abbd8759e237c078,sg3dl058000,random_candidate,1105,20,,81.48148148148148,20,0.2615957169327885
maxcut_public,f647ea9265147434a47d,sg3dl058000,assigned_gain,20261003,84,,22.22222222222222,28,0.2601359619293362
maxcut_public,f647ea9265147434a47d,sg3dl058000,classical,20261003,94,,12.962962962962962,0,0.000906987814232707
maxcut_public,f647ea9265147434a47d,sg3dl058000,degree_balance,20261003,-12,,111.11111111111111,17,0.282104535959661
maxcut_public,f647ea9265147434a47d,sg3dl058000,greedy_completion,20261003,90,,16.666666666666664,35,0.2683353638276458
maxcut_public,f647ea9265147434a47d,sg3dl058000,opposite_completion,20261003,26,,75.92592592592592,27,0.2612214251421392
maxcut_public,f647ea9265147434a47d,sg3dl058000,random_candidate,1101,26,,75.92592592592592,26,0.26254477608017623
maxcut_public,f647ea9265147434a47d,sg3dl058000,random_candidate,1102,20,,81.48148148148148,20,0.28001179196871817
maxcut_public,f647ea9265147434a47d,sg3dl058000,random_candidate,1103,28,,74.07407407407408,23,0.2661166158504784
maxcut_public,f647ea9265147434a47d,sg3dl058000,random_candidate,1104,36,,66.66666666666666,32,0.27037731604650617
maxcut_public,f647ea9265147434a47d,sg3dl058000,random_candidate,1105,-2,,101.85185185185186,12,0.274295185925439
maxcut_public,f78c0023675f93656e10,sg3dl056000,assigned_gain,20261003,74,,32.72727272727273,18,0.28169672284275293
maxcut_public,f78c0023675f93656e10,sg3dl056000,classical,20261003,88,,20.0,0,0.0008508558385074139
maxcut_public,f78c0023675f93656e10,sg3dl056000,degree_balance,20261003,6,,94.54545454545455,33,0.25771954795345664
maxcut_public,f78c0023675f93656e10,sg3dl056000,greedy_completion,20261003,96,,12.727272727272727,42,0.2503208410926163
maxcut_public,f78c0023675f93656e10,sg3dl056000,opposite_completion,20261003,2,,98.18181818181819,3,0.2930759422015399
maxcut_public,f78c0023675f93656e10,sg3dl056000,random_candidate,1101,10,,90.9090909090909,5,0.29213818395510316
maxcut_public,f78c0023675f93656e10,sg3dl056000,random_candidate,1102,16,,85.45454545454545,19,0.2685059979557991
maxcut_public,f78c0023675f93656e10,sg3dl056000,random_candidate,1103,12,,89.0909090909091,17,0.2822903108317405
maxcut_public,f78c0023675f93656e10,sg3dl056000,random_candidate,1104,16,,85.45454545454545,23,0.26542767393402755
maxcut_public,f78c0023675f93656e10,sg3dl056000,random_candidate,1105,26,,76.36363636363637,24,0.27802388998679817
tsp_construct,s-0c5091efee6db7e767441688b67782d4,s-0c5091efee6db7e767441688b67782d4,classical,20261003,282,0,,0,1.5720026567578316e-05
tsp_construct,s-0c5091efee6db7e767441688b67782d4,s-0c5091efee6db7e767441688b67782d4,isolation_priority,20261003,282,0,,6,0.0011345348320901394
tsp_construct,s-0c5091efee6db7e767441688b67782d4,s-0c5091efee6db7e767441688b67782d4,nearest,20261003,282,0,,6,0.0011667560320347548
tsp_construct,s-0c5091efee6db7e767441688b67782d4,s-0c5091efee6db7e767441688b67782d4,one_step_lookahead,20261003,282,0,,6,0.0011345050297677517
tsp_construct,s-0c5091efee6db7e767441688b67782d4,s-0c5091efee6db7e767441688b67782d4,random_candidate,1101,282,0,,6,0.001139915082603693
tsp_construct,s-0c5091efee6db7e767441688b67782d4,s-0c5091efee6db7e767441688b67782d4,random_candidate,1102,282,0,,6,0.0011460750829428434
tsp_construct,s-0c5091efee6db7e767441688b67782d4,s-0c5091efee6db7e767441688b67782d4,random_candidate,1103,282,0,,6,0.00113646499812603
tsp_construct,s-0c5091efee6db7e767441688b67782d4,s-0c5091efee6db7e767441688b67782d4,random_candidate,1104,282,0,,6,0.001144565874710679
tsp_construct,s-0c5091efee6db7e767441688b67782d4,s-0c5091efee6db7e767441688b67782d4,random_candidate,1105,282,0,,6,0.001150175929069519
tsp_construct,s-0c5091efee6db7e767441688b67782d4,s-0c5091efee6db7e767441688b67782d4,return_reserve,20261003,282,0,,6,0.0011512949131429195
tsp_construct,s-21ed887b4d55bb3f022f0b4e2150d5ca,s-21ed887b4d55bb3f022f0b4e2150d5ca,classical,20261003,408,0,,0,2.1270010620355606e-05
tsp_construct,s-21ed887b4d55bb3f022f0b4e2150d5ca,s-21ed887b4d55bb3f022f0b4e2150d5ca,isolation_priority,20261003,408,0,,10,0.002099825069308281
tsp_construct,s-21ed887b4d55bb3f022f0b4e2150d5ca,s-21ed887b4d55bb3f022f0b4e2150d5ca,nearest,20261003,408,0,,10,0.002118574921041727
tsp_construct,s-21ed887b4d55bb3f022f0b4e2150d5ca,s-21ed887b4d55bb3f022f0b4e2150d5ca,one_step_lookahead,20261003,408,0,,10,0.0021292860619723797
tsp_construct,s-21ed887b4d55bb3f022f0b4e2150d5ca,s-21ed887b4d55bb3f022f0b4e2150d5ca,random_candidate,1101,408,0,,10,0.0021337049547582865
tsp_construct,s-21ed887b4d55bb3f022f0b4e2150d5ca,s-21ed887b4d55bb3f022f0b4e2150d5ca,random_candidate,1102,408,0,,10,0.0021318949293345213
tsp_construct,s-21ed887b4d55bb3f022f0b4e2150d5ca,s-21ed887b4d55bb3f022f0b4e2150d5ca,random_candidate,1103,408,0,,10,0.0021266259718686342
tsp_construct,s-21ed887b4d55bb3f022f0b4e2150d5ca,s-21ed887b4d55bb3f022f0b4e2150d5ca,random_candidate,1104,408,0,,10,0.0020965239964425564
tsp_construct,s-21ed887b4d55bb3f022f0b4e2150d5ca,s-21ed887b4d55bb3f022f0b4e2150d5ca,random_candidate,1105,408,0,,10,0.002108293818309903
tsp_construct,s-21ed887b4d55bb3f022f0b4e2150d5ca,s-21ed887b4d55bb3f022f0b4e2150d5ca,return_reserve,20261003,408,0,,10,0.0021327550057321787
tsp_construct,s-22b83f73482a36fedd754fbf2fcdf456,s-22b83f73482a36fedd754fbf2fcdf456,classical,20261003,176,16,,0,1.3309996575117111e-05
tsp_construct,s-22b83f73482a36fedd754fbf2fcdf456,s-22b83f73482a36fedd754fbf2fcdf456,isolation_priority,20261003,176,16,,4,0.0009569290559738874
tsp_construct,s-22b83f73482a36fedd754fbf2fcdf456,s-22b83f73482a36fedd754fbf2fcdf456,nearest,20261003,176,16,,2,0.0011563659645617008
tsp_construct,s-22b83f73482a36fedd754fbf2fcdf456,s-22b83f73482a36fedd754fbf2fcdf456,one_step_lookahead,20261003,160,0,,3,0.001112004043534398
tsp_construct,s-22b83f73482a36fedd754fbf2fcdf456,s-22b83f73482a36fedd754fbf2fcdf456,random_candidate,1101,284,124,,2,0.001150134950876236
tsp_construct,s-22b83f73482a36fedd754fbf2fcdf456,s-22b83f73482a36fedd754fbf2fcdf456,random_candidate,1102,160,0,,3,0.0010624928399920464
tsp_construct,s-22b83f73482a36fedd754fbf2fcdf456,s-22b83f73482a36fedd754fbf2fcdf456,random_candidate,1103,284,124,,2,0.0011889860033988953
tsp_construct,s-22b83f73482a36fedd754fbf2fcdf456,s-22b83f73482a36fedd754fbf2fcdf456,random_candidate,1104,284,124,,2,0.0011563559528440237
tsp_construct,s-22b83f73482a36fedd754fbf2fcdf456,s-22b83f73482a36fedd754fbf2fcdf456,random_candidate,1105,176,16,,4,0.00096272979862988
tsp_construct,s-22b83f73482a36fedd754fbf2fcdf456,s-22b83f73482a36fedd754fbf2fcdf456,return_reserve,20261003,176,16,,2,0.0011437050998210907
tsp_construct,s-29ace9e55286ccb615ec0e0808ea59d9,s-29ace9e55286ccb615ec0e0808ea59d9,classical,20261003,190,0,,0,1.4880206435918808e-05
tsp_construct,s-29ace9e55286ccb615ec0e0808ea59d9,s-29ace9e55286ccb615ec0e0808ea59d9,isolation_priority,20261003,190,0,,6,0.0011255950666964054
tsp_construct,s-29ace9e55286ccb615ec0e0808ea59d9,s-29ace9e55286ccb615ec0e0808ea59d9,nearest,20261003,190,0,,6,0.0011685360223054886
tsp_construct,s-29ace9e55286ccb615ec0e0808ea59d9,s-29ace9e55286ccb615ec0e0808ea59d9,one_step_lookahead,20261003,190,0,,6,0.001122285146266222
tsp_construct,s-29ace9e55286ccb615ec0e0808ea59d9,s-29ace9e55286ccb615ec0e0808ea59d9,random_candidate,1101,190,0,,6,0.0011265941429883242
tsp_construct,s-29ace9e55286ccb615ec0e0808ea59d9,s-29ace9e55286ccb615ec0e0808ea59d9,random_candidate,1102,190,0,,6,0.0011410450097173452
tsp_construct,s-29ace9e55286ccb615ec0e0808ea59d9,s-29ace9e55286ccb615ec0e0808ea59d9,random_candidate,1103,190,0,,6,0.0011253450065851212
tsp_construct,s-29ace9e55286ccb615ec0e0808ea59d9,s-29ace9e55286ccb615ec0e0808ea59d9,random_candidate,1104,190,0,,6,0.001123954076319933
tsp_construct,s-29ace9e55286ccb615ec0e0808ea59d9,s-29ace9e55286ccb615ec0e0808ea59d9,random_candidate,1105,190,0,,6,0.0011310451664030552
tsp_construct,s-29ace9e55286ccb615ec0e0808ea59d9,s-29ace9e55286ccb615ec0e0808ea59d9,return_reserve,20261003,190,0,,6,0.0011643259786069393
tsp_construct,s-35e3473cdbdadf1c87b58046512cdbb4,s-35e3473cdbdadf1c87b58046512cdbb4,classical,20261003,186,2,,0,1.756986603140831e-05
tsp_construct,s-35e3473cdbdadf1c87b58046512cdbb4,s-35e3473cdbdadf1c87b58046512cdbb4,isolation_priority,20261003,186,2,,7,0.0014337440952658653
tsp_construct,s-35e3473cdbdadf1c87b58046512cdbb4,s-35e3473cdbdadf1c87b58046512cdbb4,nearest,20261003,186,2,,7,0.0014481639955192804
tsp_construct,s-35e3473cdbdadf1c87b58046512cdbb4,s-35e3473cdbdadf1c87b58046512cdbb4,one_step_lookahead,20261003,186,2,,7,0.0014411548618227243
tsp_construct,s-35e3473cdbdadf1c87b58046512cdbb4,s-35e3473cdbdadf1c87b58046512cdbb4,random_candidate,1101,186,2,,7,0.0014272041153162718
tsp_construct,s-35e3473cdbdadf1c87b58046512cdbb4,s-35e3473cdbdadf1c87b58046512cdbb4,random_candidate,1102,186,2,,7,0.0014343040529638529
tsp_construct,s-35e3473cdbdadf1c87b58046512cdbb4,s-35e3473cdbdadf1c87b58046512cdbb4,random_candidate,1103,186,2,,7,0.0014646449126303196
tsp_construct,s-35e3473cdbdadf1c87b58046512cdbb4,s-35e3473cdbdadf1c87b58046512cdbb4,random_candidate,1104,186,2,,7,0.0014306239318102598
tsp_construct,s-35e3473cdbdadf1c87b58046512cdbb4,s-35e3473cdbdadf1c87b58046512cdbb4,random_candidate,1105,186,2,,7,0.0014615149702876806
tsp_construct,s-35e3473cdbdadf1c87b58046512cdbb4,s-35e3473cdbdadf1c87b58046512cdbb4,return_reserve,20261003,190,6,,5,0.001692341174930334
tsp_construct,s-390719bc960e0402eda8b316a7f9ab0c,s-390719bc960e0402eda8b316a7f9ab0c,classical,20261003,294,2,,0,1.5390105545520782e-05
tsp_construct,s-390719bc960e0402eda8b316a7f9ab0c,s-390719bc960e0402eda8b316a7f9ab0c,isolation_priority,20261003,294,2,,6,0.0011548860929906368
tsp_construct,s-390719bc960e0402eda8b316a7f9ab0c,s-390719bc960e0402eda8b316a7f9ab0c,nearest,20261003,294,2,,6,0.0011393849272280931
tsp_construct,s-390719bc960e0402eda8b316a7f9ab0c,s-390719bc960e0402eda8b316a7f9ab0c,one_step_lookahead,20261003,294,2,,6,0.0011372249573469162
tsp_construct,s-390719bc960e0402eda8b316a7f9ab0c,s-390719bc960e0402eda8b316a7f9ab0c,random_candidate,1101,292,0,,6,0.0011260639876127243
tsp_construct,s-390719bc960e0402eda8b316a7f9ab0c,s-390719bc960e0402eda8b316a7f9ab0c,random_candidate,1102,294,2,,6,0.0011231640819460154
tsp_construct,s-390719bc960e0402eda8b316a7f9ab0c,s-390719bc960e0402eda8b316a7f9ab0c,random_candidate,1103,292,0,,6,0.0011700061149895191
tsp_construct,s-390719bc960e0402eda8b316a7f9ab0c,s-390719bc960e0402eda8b316a7f9ab0c,random_candidate,1104,292,0,,6,0.0011549449991434813
tsp_construct,s-390719bc960e0402eda8b316a7f9ab0c,s-390719bc960e0402eda8b316a7f9ab0c,random_candidate,1105,292,0,,6,0.0011274749413132668
tsp_construct,s-390719bc960e0402eda8b316a7f9ab0c,s-390719bc960e0402eda8b316a7f9ab0c,return_reserve,20261003,292,0,,6,0.0011402848176658154
tsp_construct,s-3ab0cdcec52de1195cd0cd153e9dcab4,s-3ab0cdcec52de1195cd0cd153e9dcab4,classical,20261003,206,16,,0,1.3600103557109833e-05
tsp_construct,s-3ab0cdcec52de1195cd0cd153e9dcab4,s-3ab0cdcec52de1195cd0cd153e9dcab4,isolation_priority,20261003,206,16,,4,0.0009488190989941359
tsp_construct,s-3ab0cdcec52de1195cd0cd153e9dcab4,s-3ab0cdcec52de1195cd0cd153e9dcab4,nearest,20261003,206,16,,4,0.0010254611261188984
tsp_construct,s-3ab0cdcec52de1195cd0cd153e9dcab4,s-3ab0cdcec52de1195cd0cd153e9dcab4,one_step_lookahead,20261003,194,4,,4,0.0009941409807652235
tsp_construct,s-3ab0cdcec52de1195cd0cd153e9dcab4,s-3ab0cdcec52de1195cd0cd153e9dcab4,random_candidate,1101,194,4,,4,0.0009601388592272997
tsp_construct,s-3ab0cdcec52de1195cd0cd153e9dcab4,s-3ab0cdcec52de1195cd0cd153e9dcab4,random_candidate,1102,352,162,,3,0.0010860629845410585
tsp_construct,s-3ab0cdcec52de1195cd0cd153e9dcab4,s-3ab0cdcec52de1195cd0cd153e9dcab4,random_candidate,1103,194,4,,4,0.0009506500791758299
tsp_construct,s-3ab0cdcec52de1195cd0cd153e9dcab4,s-3ab0cdcec52de1195cd0cd153e9dcab4,random_candidate,1104,194,4,,4,0.0010059499181807041
tsp_construct,s-3ab0cdcec52de1195cd0cd153e9dcab4,s-3ab0cdcec52de1195cd0cd153e9dcab4,random_candidate,1105,340,150,,3,0.001052923034876585
tsp_construct,s-3ab0cdcec52de1195cd0cd153e9dcab4,s-3ab0cdcec52de1195cd0cd153e9dcab4,return_reserve,20261003,206,16,,4,0.0009531499817967415
tsp_construct,s-3e5903d234a377820b3cb8a2f849fa8c,s-3e5903d234a377820b3cb8a2f849fa8c,classical,20261003,176,4,,0,1.5591038390994072e-05
tsp_construct,s-3e5903d234a377820b3cb8a2f849fa8c,s-3e5903d234a377820b3cb8a2f849fa8c,isolation_priority,20261003,182,10,,3,0.0014723248314112425
tsp_construct,s-3e5903d234a377820b3cb8a2f849fa8c,s-3e5903d234a377820b3cb8a2f849fa8c,nearest,20261003,176,4,,4,0.001422033179551363
tsp_construct,s-3e5903d234a377820b3cb8a2f849fa8c,s-3e5903d234a377820b3cb8a2f849fa8c,one_step_lookahead,20261003,176,4,,4,0.0013518319465219975
tsp_construct,s-3e5903d234a377820b3cb8a2f849fa8c,s-3e5903d234a377820b3cb8a2f849fa8c,random_candidate,1101,176,4,,4,0.0013647919986397028
tsp_construct,s-3e5903d234a377820b3cb8a2f849fa8c,s-3e5903d234a377820b3cb8a2f849fa8c,random_candidate,1102,176,4,,4,0.0013401310425251722
tsp_construct,s-3e5903d234a377820b3cb8a2f849fa8c,s-3e5903d234a377820b3cb8a2f849fa8c,random_candidate,1103,176,4,,4,0.0013921831268817186
tsp_construct,s-3e5903d234a377820b3cb8a2f849fa8c,s-3e5903d234a377820b3cb8a2f849fa8c,random_candidate,1104,174,2,,4,0.0013688618782907724
tsp_construct,s-3e5903d234a377820b3cb8a2f849fa8c,s-3e5903d234a377820b3cb8a2f849fa8c,random_candidate,1105,178,6,,2,0.0015711181331425905
tsp_construct,s-3e5903d234a377820b3cb8a2f849fa8c,s-3e5903d234a377820b3cb8a2f849fa8c,return_reserve,20261003,172,0,,4,0.0013538808561861515
tsp_construct,s-40eb5522706b3965eabb153c6b22d90f,s-40eb5522706b3965eabb153c6b22d90f,classical,20261003,346,20,,0,2.1940097212791443e-05
tsp_construct,s-40eb5522706b3965eabb153c6b22d90f,s-40eb5522706b3965eabb153c6b22d90f,isolation_priority,20261003,330,4,,6,0.0027566838543862104
tsp_construct,s-40eb5522706b3965eabb153c6b22d90f,s-40eb5522706b3965eabb153c6b22d90f,nearest,20261003,346,20,,6,0.0028294359799474478
tsp_construct,s-40eb5522706b3965eabb153c6b22d90f,s-40eb5522706b3965eabb153c6b22d90f,one_step_lookahead,20261003,350,24,,6,0.0027628550305962563
tsp_construct,s-40eb5522706b3965eabb153c6b22d90f,s-40eb5522706b3965eabb153c6b22d90f,random_candidate,1101,490,164,,4,0.0031161250080913305
tsp_construct,s-40eb5522706b3965eabb153c6b22d90f,s-40eb5522706b3965eabb153c6b22d90f,random_candidate,1102,384,58,,5,0.0029414398595690727
tsp_construct,s-40eb5522706b3965eabb153c6b22d90f,s-40eb5522706b3965eabb153c6b22d90f,random_candidate,1103,490,164,,4,0.003167357062920928
tsp_construct,s-40eb5522706b3965eabb153c6b22d90f,s-40eb5522706b3965eabb153c6b22d90f,random_candidate,1104,478,152,,5,0.0029351399280130863
tsp_construct,s-40eb5522706b3965eabb153c6b22d90f,s-40eb5522706b3965eabb153c6b22d90f,random_candidate,1105,490,164,,4,0.0031266259029507637
tsp_construct,s-40eb5522706b3965eabb153c6b22d90f,s-40eb5522706b3965eabb153c6b22d90f,return_reserve,20261003,346,20,,6,0.002760794945061207
tsp_construct,s-45c13854ab67d5822df5cc2c471aba2b,s-45c13854ab67d5822df5cc2c471aba2b,classical,20261003,292,0,,0,2.366979606449604e-05
tsp_construct,s-45c13854ab67d5822df5cc2c471aba2b,s-45c13854ab67d5822df5cc2c471aba2b,isolation_priority,20261003,292,0,,9,0.0022996310144662857
tsp_construct,s-45c13854ab67d5822df5cc2c471aba2b,s-45c13854ab67d5822df5cc2c471aba2b,nearest,20261003,292,0,,9,0.002657731994986534
tsp_construct,s-45c13854ab67d5822df5cc2c471aba2b,s-45c13854ab67d5822df5cc2c471aba2b,one_step_lookahead,20261003,292,0,,9,0.00230798008851707
tsp_construct,s-45c13854ab67d5822df5cc2c471aba2b,s-45c13854ab67d5822df5cc2c471aba2b,random_candidate,1101,292,0,,9,0.0022886411752551794
tsp_construct,s-45c13854ab67d5822df5cc2c471aba2b,s-45c13854ab67d5822df5cc2c471aba2b,random_candidate,1102,292,0,,9,0.0023108809255063534
tsp_construct,s-45c13854ab67d5822df5cc2c471aba2b,s-45c13854ab67d5822df5cc2c471aba2b,random_candidate,1103,292,0,,9,0.0022943599615246058
tsp_construct,s-45c13854ab67d5822df5cc2c471aba2b,s-45c13854ab67d5822df5cc2c471aba2b,random_candidate,1104,292,0,,9,0.0023013900499790907
tsp_construct,s-45c13854ab67d5822df5cc2c471aba2b,s-45c13854ab67d5822df5cc2c471aba2b,random_candidate,1105,292,0,,9,0.0023096201475709677
tsp_construct,s-45c13854ab67d5822df5cc2c471aba2b,s-45c13854ab67d5822df5cc2c471aba2b,return_reserve,20261003,292,0,,9,0.002255538944154978
tsp_construct,s-4ca2b1feb1f7783837e55406183c1d9a,s-4ca2b1feb1f7783837e55406183c1d9a,classical,20261003,290,8,,0,1.541106030344963e-05
tsp_construct,s-4ca2b1feb1f7783837e55406183c1d9a,s-4ca2b1feb1f7783837e55406183c1d9a,isolation_priority,20261003,290,8,,6,0.0011259650345891714
tsp_construct,s-4ca2b1feb1f7783837e55406183c1d9a,s-4ca2b1feb1f7783837e55406183c1d9a,nearest,20261003,290,8,,6,0.0011521258857101202
tsp_construct,s-4ca2b1feb1f7783837e55406183c1d9a,s-4ca2b1feb1f7783837e55406183c1d9a,one_step_lookahead,20261003,284,2,,4,0.0014035729691386223
tsp_construct,s-4ca2b1feb1f7783837e55406183c1d9a,s-4ca2b1feb1f7783837e55406183c1d9a,random_candidate,1101,284,2,,4,0.0013629118911921978
tsp_construct,s-4ca2b1feb1f7783837e55406183c1d9a,s-4ca2b1feb1f7783837e55406183c1d9a,random_candidate,1102,290,8,,6,0.0011430149897933006
tsp_construct,s-4ca2b1feb1f7783837e55406183c1d9a,s-4ca2b1feb1f7783837e55406183c1d9a,random_candidate,1103,284,2,,4,0.0013562310487031937
tsp_construct,s-4ca2b1feb1f7783837e55406183c1d9a,s-4ca2b1feb1f7783837e55406183c1d9a,random_candidate,1104,378,96,,4,0.0013530319556593895
tsp_construct,s-4ca2b1feb1f7783837e55406183c1d9a,s-4ca2b1feb1f7783837e55406183c1d9a,random_candidate,1105,290,8,,6,0.0011436350177973509
tsp_construct,s-4ca2b1feb1f7783837e55406183c1d9a,s-4ca2b1feb1f7783837e55406183c1d9a,return_reserve,20261003,290,8,,6,0.0011310640256851912
tsp_construct,s-4d109eeebdb9b886c97d3819fcd646a9,s-4d109eeebdb9b886c97d3819fcd646a9,classical,20261003,328,14,,0,1.3431068509817123e-05
tsp_construct,s-4d109eeebdb9b886c97d3819fcd646a9,s-4d109eeebdb9b886c97d3819fcd646a9,isolation_priority,20261003,328,14,,4,0.0009585889056324959
tsp_construct,s-4d109eeebdb9b886c97d3819fcd646a9,s-4d109eeebdb9b886c97d3819fcd646a9,nearest,20261003,328,14,,4,0.0009851600043475628
tsp_construct,s-4d109eeebdb9b886c97d3819fcd646a9,s-4d109eeebdb9b886c97d3819fcd646a9,one_step_lookahead,20261003,364,50,,3,0.0010591919999569654
tsp_construct,s-4d109eeebdb9b886c97d3819fcd646a9,s-4d109eeebdb9b886c97d3819fcd646a9,random_candidate,1101,364,50,,3,0.001086283940821886
tsp_construct,s-4d109eeebdb9b886c97d3819fcd646a9,s-4d109eeebdb9b886c97d3819fcd646a9,random_candidate,1102,460,146,,3,0.0010659829713404179
tsp_construct,s-4d109eeebdb9b886c97d3819fcd646a9,s-4d109eeebdb9b886c97d3819fcd646a9,random_candidate,1103,364,50,,3,0.0010583829134702682
tsp_construct,s-4d109eeebdb9b886c97d3819fcd646a9,s-4d109eeebdb9b886c97d3819fcd646a9,random_candidate,1104,364,50,,3,0.0010672530625015497
tsp_construct,s-4d109eeebdb9b886c97d3819fcd646a9,s-4d109eeebdb9b886c97d3819fcd646a9,random_candidate,1105,446,132,,3,0.001085052965208888
tsp_construct,s-4d109eeebdb9b886c97d3819fcd646a9,s-4d109eeebdb9b886c97d3819fcd646a9,return_reserve,20261003,328,14,,4,0.0009616999886929989
tsp_construct,s-54e0e831e147d0a47f36432412b5cf78,s-54e0e831e147d0a47f36432412b5cf78,classical,20261003,186,4,,0,2.7150847017765045e-05
tsp_construct,s-54e0e831e147d0a47f36432412b5cf78,s-54e0e831e147d0a47f36432412b5cf78,isolation_priority,20261003,186,4,,8,0.00244585401378572
tsp_construct,s-54e0e831e147d0a47f36432412b5cf78,s-54e0e831e147d0a47f36432412b5cf78,nearest,20261003,186,4,,8,0.0024558259174227715
tsp_construct,s-54e0e831e147d0a47f36432412b5cf78,s-54e0e831e147d0a47f36432412b5cf78,one_step_lookahead,20261003,182,0,,5,0.0029858320485800505
tsp_construct,s-54e0e831e147d0a47f36432412b5cf78,s-54e0e831e147d0a47f36432412b5cf78,random_candidate,1101,196,14,,5,0.002985971048474312
tsp_construct,s-54e0e831e147d0a47f36432412b5cf78,s-54e0e831e147d0a47f36432412b5cf78,random_candidate,1102,194,12,,6,0.0027846950106322765
tsp_construct,s-54e0e831e147d0a47f36432412b5cf78,s-54e0e831e147d0a47f36432412b5cf78,random_candidate,1103,192,10,,7,0.002620070008561015
tsp_construct,s-54e0e831e147d0a47f36432412b5cf78,s-54e0e831e147d0a47f36432412b5cf78,random_candidate,1104,318,136,,2,0.0034720771946012974
tsp_construct,s-54e0e831e147d0a47f36432412b5cf78,s-54e0e831e147d0a47f36432412b5cf78,random_candidate,1105,192,10,,6,0.0028148158453404903
tsp_construct,s-54e0e831e147d0a47f36432412b5cf78,s-54e0e831e147d0a47f36432412b5cf78,return_reserve,20261003,202,20,,5,0.002939690137282014
tsp_construct,s-55b8703b50f98d64f4932b566c5d1989,s-55b8703b50f98d64f4932b566c5d1989,classical,20261003,152,0,,0,1.5729805454611778e-05
tsp_construct,s-55b8703b50f98d64f4932b566c5d1989,s-55b8703b50f98d64f4932b566c5d1989,isolation_priority,20261003,152,0,,6,0.0011400349903851748
tsp_construct,s-55b8703b50f98d64f4932b566c5d1989,s-55b8703b50f98d64f4932b566c5d1989,nearest,20261003,152,0,,6,0.001182615989819169
tsp_construct,s-55b8703b50f98d64f4932b566c5d1989,s-55b8703b50f98d64f4932b566c5d1989,one_step_lookahead,20261003,152,0,,6,0.0011364540550857782
tsp_construct,s-55b8703b50f98d64f4932b566c5d1989,s-55b8703b50f98d64f4932b566c5d1989,random_candidate,1101,152,0,,6,0.0011561650317162275
tsp_construct,s-55b8703b50f98d64f4932b566c5d1989,s-55b8703b50f98d64f4932b566c5d1989,random_candidate,1102,152,0,,6,0.0011358249466866255
tsp_construct,s-55b8703b50f98d64f4932b566c5d1989,s-55b8703b50f98d64f4932b566c5d1989,random_candidate,1103,152,0,,6,0.0011674559209495783
tsp_construct,s-55b8703b50f98d64f4932b566c5d1989,s-55b8703b50f98d64f4932b566c5d1989,random_candidate,1104,152,0,,6,0.0011553948279470205
tsp_construct,s-55b8703b50f98d64f4932b566c5d1989,s-55b8703b50f98d64f4932b566c5d1989,random_candidate,1105,152,0,,6,0.0011914269998669624
tsp_construct,s-55b8703b50f98d64f4932b566c5d1989,s-55b8703b50f98d64f4932b566c5d1989,return_reserve,20261003,152,0,,6,0.00114866578951478
tsp_construct,s-6714b2860a1041200c560f077e8e4e3d,s-6714b2860a1041200c560f077e8e4e3d,classical,20261003,192,4,,0,1.926114782691002e-05
tsp_construct,s-6714b2860a1041200c560f077e8e4e3d,s-6714b2860a1041200c560f077e8e4e3d,isolation_priority,20261003,192,4,,4,0.0013478510081768036
tsp_construct,s-6714b2860a1041200c560f077e8e4e3d,s-6714b2860a1041200c560f077e8e4e3d,nearest,20261003,192,4,,4,0.0013699820265173912
tsp_construct,s-6714b2860a1041200c560f077e8e4e3d,s-6714b2860a1041200c560f077e8e4e3d,one_step_lookahead,20261003,202,14,,4,0.0013653209898620844
tsp_construct,s-6714b2860a1041200c560f077e8e4e3d,s-6714b2860a1041200c560f077e8e4e3d,random_candidate,1101,202,14,,4,0.001359972171485424
tsp_construct,s-6714b2860a1041200c560f077e8e4e3d,s-6714b2860a1041200c560f077e8e4e3d,random_candidate,1102,336,148,,3,0.001465504989027977
tsp_construct,s-6714b2860a1041200c560f077e8e4e3d,s-6714b2860a1041200c560f077e8e4e3d,random_candidate,1103,202,14,,4,0.001394663006067276
tsp_construct,s-6714b2860a1041200c560f077e8e4e3d,s-6714b2860a1041200c560f077e8e4e3d,random_candidate,1104,330,142,,4,0.0013754621613770723
tsp_construct,s-6714b2860a1041200c560f077e8e4e3d,s-6714b2860a1041200c560f077e8e4e3d,random_candidate,1105,214,26,,4,0.0014385338872671127
tsp_construct,s-6714b2860a1041200c560f077e8e4e3d,s-6714b2860a1041200c560f077e8e4e3d,return_reserve,20261003,192,4,,4,0.001347371144220233
tsp_construct,s-67a813f80d916e73c8b44d5ed0e3031f,s-67a813f80d916e73c8b44d5ed0e3031f,classical,20261003,342,18,,0,1.933099702000618e-05
tsp_construct,s-67a813f80d916e73c8b44d5ed0e3031f,s-67a813f80d916e73c8b44d5ed0e3031f,isolation_priority,20261003,342,18,,8,0.0018674179445952177
tsp_construct,s-67a813f80d916e73c8b44d5ed0e3031f,s-67a813f80d916e73c8b44d5ed0e3031f,nearest,20261003,342,18,,8,0.0018821870908141136
tsp_construct,s-67a813f80d916e73c8b44d5ed0e3031f,s-67a813f80d916e73c8b44d5ed0e3031f,one_step_lookahead,20261003,408,84,,7,0.0019611509051173925
tsp_construct,s-67a813f80d916e73c8b44d5ed0e3031f,s-67a813f80d916e73c8b44d5ed0e3031f,random_candidate,1101,342,18,,8,0.0018257759511470795
tsp_construct,s-67a813f80d916e73c8b44d5ed0e3031f,s-67a813f80d916e73c8b44d5ed0e3031f,random_candidate,1102,342,18,,8,0.0018193861469626427
tsp_construct,s-67a813f80d916e73c8b44d5ed0e3031f,s-67a813f80d916e73c8b44d5ed0e3031f,random_candidate,1103,342,18,,8,0.0018175048753619194
tsp_construct,s-67a813f80d916e73c8b44d5ed0e3031f,s-67a813f80d916e73c8b44d5ed0e3031f,random_candidate,1104,404,80,,7,0.0019877010490745306
tsp_construct,s-67a813f80d916e73c8b44d5ed0e3031f,s-67a813f80d916e73c8b44d5ed0e3031f,random_candidate,1105,342,18,,8,0.001887998078018427
tsp_construct,s-67a813f80d916e73c8b44d5ed0e3031f,s-67a813f80d916e73c8b44d5ed0e3031f,return_reserve,20261003,342,18,,8,0.0018094449769705534
tsp_construct,s-698d5ec761fc785c5d3c0b0cc6751329,s-698d5ec761fc785c5d3c0b0cc6751329,classical,20261003,478,0,,0,2.1391082555055618e-05
tsp_construct,s-698d5ec761fc785c5d3c0b0cc6751329,s-698d5ec761fc785c5d3c0b0cc6751329,isolation_priority,20261003,536,58,,9,0.0023038010112941265
tsp_construct,s-698d5ec761fc785c5d3c0b0cc6751329,s-698d5ec761fc785c5d3c0b0cc6751329,nearest,20261003,478,0,,9,0.0023008110001683235
tsp_construct,s-698d5ec761fc785c5d3c0b0cc6751329,s-698d5ec761fc785c5d3c0b0cc6751329,one_step_lookahead,20261003,478,0,,9,0.002303900895640254
tsp_construct,s-698d5ec761fc785c5d3c0b0cc6751329,s-698d5ec761fc785c5d3c0b0cc6751329,random_candidate,1101,536,58,,9,0.002255809959024191
tsp_construct,s-698d5ec761fc785c5d3c0b0cc6751329,s-698d5ec761fc785c5d3c0b0cc6751329,random_candidate,1102,478,0,,9,0.002265478949993849
tsp_construct,s-698d5ec761fc785c5d3c0b0cc6751329,s-698d5ec761fc785c5d3c0b0cc6751329,random_candidate,1103,536,58,,9,0.002267218893393874
tsp_construct,s-698d5ec761fc785c5d3c0b0cc6751329,s-698d5ec761fc785c5d3c0b0cc6751329,random_candidate,1104,536,58,,9,0.0022886008955538273
tsp_construct,s-698d5ec761fc785c5d3c0b0cc6751329,s-698d5ec761fc785c5d3c0b0cc6751329,random_candidate,1105,478,0,,9,0.0023122411221265793
tsp_construct,s-698d5ec761fc785c5d3c0b0cc6751329,s-698d5ec761fc785c5d3c0b0cc6751329,return_reserve,20261003,478,0,,9,0.0022676591761410236
tsp_construct,s-6b90100dbf54ef2f5d54beb972d1de17,s-6b90100dbf54ef2f5d54beb972d1de17,classical,20261003,200,16,,0,1.789000816643238e-05
tsp_construct,s-6b90100dbf54ef2f5d54beb972d1de17,s-6b90100dbf54ef2f5d54beb972d1de17,isolation_priority,20261003,198,14,,5,0.0017139720730483532
tsp_construct,s-6b90100dbf54ef2f5d54beb972d1de17,s-6b90100dbf54ef2f5d54beb972d1de17,nearest,20261003,200,16,,5,0.0018083751201629639
tsp_construct,s-6b90100dbf54ef2f5d54beb972d1de17,s-6b90100dbf54ef2f5d54beb972d1de17,one_step_lookahead,20261003,200,16,,6,0.0016000689938664436
tsp_construct,s-6b90100dbf54ef2f5d54beb972d1de17,s-6b90100dbf54ef2f5d54beb972d1de17,random_candidate,1101,200,16,,5,0.0017396428156644106
tsp_construct,s-6b90100dbf54ef2f5d54beb972d1de17,s-6b90100dbf54ef2f5d54beb972d1de17,random_candidate,1102,194,10,,5,0.0017065429128706455
tsp_construct,s-6b90100dbf54ef2f5d54beb972d1de17,s-6b90100dbf54ef2f5d54beb972d1de17,random_candidate,1103,200,16,,5,0.0017380230128765106
tsp_construct,s-6b90100dbf54ef2f5d54beb972d1de17,s-6b90100dbf54ef2f5d54beb972d1de17,random_candidate,1104,210,26,,5,0.0016981619410216808
tsp_construct,s-6b90100dbf54ef2f5d54beb972d1de17,s-6b90100dbf54ef2f5d54beb972d1de17,random_candidate,1105,200,16,,5,0.0017076220829039812
tsp_construct,s-6b90100dbf54ef2f5d54beb972d1de17,s-6b90100dbf54ef2f5d54beb972d1de17,return_reserve,20261003,206,22,,5,0.0017361640930175781
tsp_construct,s-7051114ac46ca444820735e89d91d1c1,s-7051114ac46ca444820735e89d91d1c1,classical,20261003,210,14,,0,2.167094498872757e-05
tsp_construct,s-7051114ac46ca444820735e89d91d1c1,s-7051114ac46ca444820735e89d91d1c1,isolation_priority,20261003,218,22,,3,0.0033254220616072416
tsp_construct,s-7051114ac46ca444820735e89d91d1c1,s-7051114ac46ca444820735e89d91d1c1,nearest,20261003,210,14,,5,0.0031042450573295355
tsp_construct,s-7051114ac46ca444820735e89d91d1c1,s-7051114ac46ca444820735e89d91d1c1,one_step_lookahead,20261003,210,14,,5,0.0029912919271737337
tsp_construct,s-7051114ac46ca444820735e89d91d1c1,s-7051114ac46ca444820735e89d91d1c1,random_candidate,1101,200,4,,6,0.0028227269649505615
tsp_construct,s-7051114ac46ca444820735e89d91d1c1,s-7051114ac46ca444820735e89d91d1c1,random_candidate,1102,220,24,,4,0.003137276042252779
tsp_construct,s-7051114ac46ca444820735e89d91d1c1,s-7051114ac46ca444820735e89d91d1c1,random_candidate,1103,200,4,,6,0.0028250059112906456
tsp_construct,s-7051114ac46ca444820735e89d91d1c1,s-7051114ac46ca444820735e89d91d1c1,random_candidate,1104,198,2,,5,0.00296401116065681
tsp_construct,s-7051114ac46ca444820735e89d91d1c1,s-7051114ac46ca444820735e89d91d1c1,random_candidate,1105,200,4,,6,0.0027896850369870663
tsp_construct,s-7051114ac46ca444820735e89d91d1c1,s-7051114ac46ca444820735e89d91d1c1,return_reserve,20261003,210,14,,5,0.002959880046546459
tsp_construct,s-70a834f7b3ceb9ef0c094ea6b3a41866,s-70a834f7b3ceb9ef0c094ea6b3a41866,classical,20261003,200,6,,0,1.7470913007855415e-05
tsp_construct,s-70a834f7b3ceb9ef0c094ea6b3a41866,s-70a834f7b3ceb9ef0c094ea6b3a41866,isolation_priority,20261003,200,6,,6,0.0015839079860597849
tsp_construct,s-70a834f7b3ceb9ef0c094ea6b3a41866,s-70a834f7b3ceb9ef0c094ea6b3a41866,nearest,20261003,200,6,,6,0.001612938940525055
tsp_construct,s-70a834f7b3ceb9ef0c094ea6b3a41866,s-70a834f7b3ceb9ef0c094ea6b3a41866,one_step_lookahead,20261003,194,0,,4,0.0018555258866399527
tsp_construct,s-70a834f7b3ceb9ef0c094ea6b3a41866,s-70a834f7b3ceb9ef0c094ea6b3a41866,random_candidate,1101,346,152,,6,0.0015852488577365875
tsp_construct,s-70a834f7b3ceb9ef0c094ea6b3a41866,s-70a834f7b3ceb9ef0c094ea6b3a41866,random_candidate,1102,346,152,,6,0.0015912489034235477
tsp_construct,s-70a834f7b3ceb9ef0c094ea6b3a41866,s-70a834f7b3ceb9ef0c094ea6b3a41866,random_candidate,1103,346,152,,6,0.00157884880900383
tsp_construct,s-70a834f7b3ceb9ef0c094ea6b3a41866,s-70a834f7b3ceb9ef0c094ea6b3a41866,random_candidate,1104,354,160,,5,0.001723731867969036
tsp_construct,s-70a834f7b3ceb9ef0c094ea6b3a41866,s-70a834f7b3ceb9ef0c094ea6b3a41866,random_candidate,1105,346,152,,6,0.0015901378355920315
tsp_construct,s-70a834f7b3ceb9ef0c094ea6b3a41866,s-70a834f7b3ceb9ef0c094ea6b3a41866,return_reserve,20261003,198,4,,3,0.0019805901683866978
tsp_construct,s-71b3029836cedd68be8ba69981a17724,s-71b3029836cedd68be8ba69981a17724,classical,20261003,202,10,,0,2.436107024550438e-05
tsp_construct,s-71b3029836cedd68be8ba69981a17724,s-71b3029836cedd68be8ba69981a17724,isolation_priority,20261003,200,8,,6,0.002805395983159542
tsp_construct,s-71b3029836cedd68be8ba69981a17724,s-71b3029836cedd68be8ba69981a17724,nearest,20261003,202,10,,6,0.003038523020222783
tsp_construct,s-71b3029836cedd68be8ba69981a17724,s-71b3029836cedd68be8ba69981a17724,one_step_lookahead,20261003,210,18,,6,0.002872657962143421
tsp_construct,s-71b3029836cedd68be8ba69981a17724,s-71b3029836cedd68be8ba69981a17724,random_candidate,1101,208,16,,6,0.002831866964697838
tsp_construct,s-71b3029836cedd68be8ba69981a17724,s-71b3029836cedd68be8ba69981a17724,random_candidate,1102,202,10,,7,0.0026365912053734064
tsp_construct,s-71b3029836cedd68be8ba69981a17724,s-71b3029836cedd68be8ba69981a17724,random_candidate,1103,208,16,,6,0.0028355170506983995
tsp_construct,s-71b3029836cedd68be8ba69981a17724,s-71b3029836cedd68be8ba69981a17724,random_candidate,1104,204,12,,5,0.0029779609758406878
tsp_construct,s-71b3029836cedd68be8ba69981a17724,s-71b3029836cedd68be8ba69981a17724,random_candidate,1105,208,16,,6,0.0028006548527628183
tsp_construct,s-71b3029836cedd68be8ba69981a17724,s-71b3029836cedd68be8ba69981a17724,return_reserve,20261003,202,10,,6,0.002833195962011814
tsp_construct,s-7cd8616bce830b88f70db9b3214f3f50,s-7cd8616bce830b88f70db9b3214f3f50,classical,20261003,202,6,,0,1.7011072486639023e-05
tsp_construct,s-7cd8616bce830b88f70db9b3214f3f50,s-7cd8616bce830b88f70db9b3214f3f50,isolation_priority,20261003,202,6,,5,0.0016959609929472208
tsp_construct,s-7cd8616bce830b88f70db9b3214f3f50,s-7cd8616bce830b88f70db9b3214f3f50,nearest,20261003,202,6,,5,0.0017322730273008347
tsp_construct,s-7cd8616bce830b88f70db9b3214f3f50,s-7cd8616bce830b88f70db9b3214f3f50,one_step_lookahead,20261003,208,12,,4,0.0018471970688551664
tsp_construct,s-7cd8616bce830b88f70db9b3214f3f50,s-7cd8616bce830b88f70db9b3214f3f50,random_candidate,1101,346,150,,5,0.00172886298969388
tsp_construct,s-7cd8616bce830b88f70db9b3214f3f50,s-7cd8616bce830b88f70db9b3214f3f50,random_candidate,1102,196,0,,5,0.001709632109850645
tsp_construct,s-7cd8616bce830b88f70db9b3214f3f50,s-7cd8616bce830b88f70db9b3214f3f50,random_candidate,1103,362,166,,4,0.0018711979500949383
tsp_construct,s-7cd8616bce830b88f70db9b3214f3f50,s-7cd8616bce830b88f70db9b3214f3f50,random_candidate,1104,346,150,,5,0.001777683850377798
tsp_construct,s-7cd8616bce830b88f70db9b3214f3f50,s-7cd8616bce830b88f70db9b3214f3f50,random_candidate,1105,200,4,,5,0.0017034919001162052
tsp_construct,s-7cd8616bce830b88f70db9b3214f3f50,s-7cd8616bce830b88f70db9b3214f3f50,return_reserve,20261003,196,0,,5,0.0017138521652668715
tsp_construct,s-7e823b4967e8149ee0448c4d305da37f,s-7e823b4967e8149ee0448c4d305da37f,classical,20261003,220,0,,0,1.4479970559477806e-05
tsp_construct,s-7e823b4967e8149ee0448c4d305da37f,s-7e823b4967e8149ee0448c4d305da37f,isolation_priority,20261003,220,0,,5,0.0008496548980474472
tsp_construct,s-7e823b4967e8149ee0448c4d305da37f,s-7e823b4967e8149ee0448c4d305da37f,nearest,20261003,220,0,,5,0.0008682671468704939
tsp_construct,s-7e823b4967e8149ee0448c4d305da37f,s-7e823b4967e8149ee0448c4d305da37f,one_step_lookahead,20261003,220,0,,5,0.0008567359764128923
tsp_construct,s-7e823b4967e8149ee0448c4d305da37f,s-7e823b4967e8149ee0448c4d305da37f,random_candidate,1101,220,0,,5,0.0008533659856766462
tsp_construct,s-7e823b4967e8149ee0448c4d305da37f,s-7e823b4967e8149ee0448c4d305da37f,random_candidate,1102,220,0,,5,0.0008607760537415743
tsp_construct,s-7e823b4967e8149ee0448c4d305da37f,s-7e823b4967e8149ee0448c4d305da37f,random_candidate,1103,220,0,,5,0.0008613858371973038
tsp_construct,s-7e823b4967e8149ee0448c4d305da37f,s-7e823b4967e8149ee0448c4d305da37f,random_candidate,1104,220,0,,5,0.00085879722610116
tsp_construct,s-7e823b4967e8149ee0448c4d305da37f,s-7e823b4967e8149ee0448c4d305da37f,random_candidate,1105,220,0,,5,0.0008621069137006998
tsp_construct,s-7e823b4967e8149ee0448c4d305da37f,s-7e823b4967e8149ee0448c4d305da37f,return_reserve,20261003,220,0,,5,0.0008598961867392063
tsp_construct,s-7fa79da56ae117056c67f38bf611251a,s-7fa79da56ae117056c67f38bf611251a,classical,20261003,364,16,,0,1.9799917936325073e-05
tsp_construct,s-7fa79da56ae117056c67f38bf611251a,s-7fa79da56ae117056c67f38bf611251a,isolation_priority,20261003,372,24,,5,0.002299020066857338
tsp_construct,s-7fa79da56ae117056c67f38bf611251a,s-7fa79da56ae117056c67f38bf611251a,nearest,20261003,364,16,,7,0.0020671531092375517
tsp_construct,s-7fa79da56ae117056c67f38bf611251a,s-7fa79da56ae117056c67f38bf611251a,one_step_lookahead,20261003,362,14,,7,0.0020028220023959875
tsp_construct,s-7fa79da56ae117056c67f38bf611251a,s-7fa79da56ae117056c67f38bf611251a,random_candidate,1101,362,14,,7,0.0020462919492274523
tsp_construct,s-7fa79da56ae117056c67f38bf611251a,s-7fa79da56ae117056c67f38bf611251a,random_candidate,1102,362,14,,7,0.001992402132600546
tsp_construct,s-7fa79da56ae117056c67f38bf611251a,s-7fa79da56ae117056c67f38bf611251a,random_candidate,1103,362,14,,7,0.001996721141040325
tsp_construct,s-7fa79da56ae117056c67f38bf611251a,s-7fa79da56ae117056c67f38bf611251a,random_candidate,1104,404,56,,6,0.0021468158811330795
tsp_construct,s-7fa79da56ae117056c67f38bf611251a,s-7fa79da56ae117056c67f38bf611251a,random_candidate,1105,372,24,,5,0.002347612055018544
tsp_construct,s-7fa79da56ae117056c67f38bf611251a,s-7fa79da56ae117056c67f38bf611251a,return_reserve,20261003,370,22,,6,0.0021395948715507984
tsp_construct,s-83cc2eb821490e734ddc0f90b64cc1b7,s-83cc2eb821490e734ddc0f90b64cc1b7,classical,20261003,300,10,,0,1.730094663798809e-05
tsp_construct,s-83cc2eb821490e734ddc0f90b64cc1b7,s-83cc2eb821490e734ddc0f90b64cc1b7,isolation_priority,20261003,300,10,,5,0.0017259230371564627
tsp_construct,s-83cc2eb821490e734ddc0f90b64cc1b7,s-83cc2eb821490e734ddc0f90b64cc1b7,nearest,20261003,300,10,,5,0.0017436728812754154
tsp_construct,s-83cc2eb821490e734ddc0f90b64cc1b7,s-83cc2eb821490e734ddc0f90b64cc1b7,one_step_lookahead,20261003,292,2,,4,0.0018416170496493578
tsp_construct,s-83cc2eb821490e734ddc0f90b64cc1b7,s-83cc2eb821490e734ddc0f90b64cc1b7,random_candidate,1101,406,116,,3,0.001984280999749899
tsp_construct,s-83cc2eb821490e734ddc0f90b64cc1b7,s-83cc2eb821490e734ddc0f90b64cc1b7,random_candidate,1102,292,2,,4,0.0018354968633502722
tsp_construct,s-83cc2eb821490e734ddc0f90b64cc1b7,s-83cc2eb821490e734ddc0f90b64cc1b7,random_candidate,1103,406,116,,3,0.0019992319867014885
tsp_construct,s-83cc2eb821490e734ddc0f90b64cc1b7,s-83cc2eb821490e734ddc0f90b64cc1b7,random_candidate,1104,404,114,,3,0.0019783710595220327
tsp_construct,s-83cc2eb821490e734ddc0f90b64cc1b7,s-83cc2eb821490e734ddc0f90b64cc1b7,random_candidate,1105,406,116,,3,0.001980279805138707
tsp_construct,s-83cc2eb821490e734ddc0f90b64cc1b7,s-83cc2eb821490e734ddc0f90b64cc1b7,return_reserve,20261003,290,0,,5,0.001735202968120575
tsp_construct,s-9a0ccf8535b879433376ad2961d09821,s-9a0ccf8535b879433376ad2961d09821,classical,20261003,184,0,,0,2.1500978618860245e-05
tsp_construct,s-9a0ccf8535b879433376ad2961d09821,s-9a0ccf8535b879433376ad2961d09821,isolation_priority,20261003,184,0,,10,0.0020854740869253874
tsp_construct,s-9a0ccf8535b879433376ad2961d09821,s-9a0ccf8535b879433376ad2961d09821,nearest,20261003,184,0,,10,0.002125504892319441
tsp_construct,s-9a0ccf8535b879433376ad2961d09821,s-9a0ccf8535b879433376ad2961d09821,one_step_lookahead,20261003,184,0,,10,0.002099013887345791
tsp_construct,s-9a0ccf8535b879433376ad2961d09821,s-9a0ccf8535b879433376ad2961d09821,random_candidate,1101,184,0,,10,0.002104395069181919
tsp_construct,s-9a0ccf8535b879433376ad2961d09821,s-9a0ccf8535b879433376ad2961d09821,random_candidate,1102,184,0,,10,0.0020959649700671434
tsp_construct,s-9a0ccf8535b879433376ad2961d09821,s-9a0ccf8535b879433376ad2961d09821,random_candidate,1103,184,0,,10,0.0020943640265613794
tsp_construct,s-9a0ccf8535b879433376ad2961d09821,s-9a0ccf8535b879433376ad2961d09821,random_candidate,1104,184,0,,10,0.0021006050519645214
tsp_construct,s-9a0ccf8535b879433376ad2961d09821,s-9a0ccf8535b879433376ad2961d09821,random_candidate,1105,184,0,,10,0.0020906839054077864
tsp_construct,s-9a0ccf8535b879433376ad2961d09821,s-9a0ccf8535b879433376ad2961d09821,return_reserve,20261003,184,0,,10,0.0020929952152073383
tsp_construct,s-9ed3189fb29803023959945a5b100dd2,s-9ed3189fb29803023959945a5b100dd2,classical,20261003,200,8,,0,1.534121111035347e-05
tsp_construct,s-9ed3189fb29803023959945a5b100dd2,s-9ed3189fb29803023959945a5b100dd2,isolation_priority,20261003,200,8,,6,0.001139224972575903
tsp_construct,s-9ed3189fb29803023959945a5b100dd2,s-9ed3189fb29803023959945a5b100dd2,nearest,20261003,200,8,,6,0.0011653259862214327
tsp_construct,s-9ed3189fb29803023959945a5b100dd2,s-9ed3189fb29803023959945a5b100dd2,one_step_lookahead,20261003,196,4,,6,0.001128933858126402
tsp_construct,s-9ed3189fb29803023959945a5b100dd2,s-9ed3189fb29803023959945a5b100dd2,random_candidate,1101,200,8,,6,0.0011264239437878132
tsp_construct,s-9ed3189fb29803023959945a5b100dd2,s-9ed3189fb29803023959945a5b100dd2,random_candidate,1102,196,4,,6,0.001155015081167221
tsp_construct,s-9ed3189fb29803023959945a5b100dd2,s-9ed3189fb29803023959945a5b100dd2,random_candidate,1103,200,8,,6,0.0011528551112860441
tsp_construct,s-9ed3189fb29803023959945a5b100dd2,s-9ed3189fb29803023959945a5b100dd2,random_candidate,1104,200,8,,6,0.0011255850549787283
tsp_construct,s-9ed3189fb29803023959945a5b100dd2,s-9ed3189fb29803023959945a5b100dd2,random_candidate,1105,200,8,,6,0.001151875127106905
tsp_construct,s-9ed3189fb29803023959945a5b100dd2,s-9ed3189fb29803023959945a5b100dd2,return_reserve,20261003,200,8,,6,0.0011295448057353497
tsp_construct,s-a2e3b730946020f5487d75d8edc64e5c,s-a2e3b730946020f5487d75d8edc64e5c,classical,20261003,212,16,,0,1.9490020349621773e-05
tsp_construct,s-a2e3b730946020f5487d75d8edc64e5c,s-a2e3b730946020f5487d75d8edc64e5c,isolation_priority,20261003,202,6,,2,0.00270426319912076
tsp_construct,s-a2e3b730946020f5487d75d8edc64e5c,s-a2e3b730946020f5487d75d8edc64e5c,nearest,20261003,212,16,,2,0.0027441640850156546
tsp_construct,s-a2e3b730946020f5487d75d8edc64e5c,s-a2e3b730946020f5487d75d8edc64e5c,one_step_lookahead,20261003,216,20,,4,0.0024070439394563437
tsp_construct,s-a2e3b730946020f5487d75d8edc64e5c,s-a2e3b730946020f5487d75d8edc64e5c,random_candidate,1101,206,10,,5,0.0022615198977291584
tsp_construct,s-a2e3b730946020f5487d75d8edc64e5c,s-a2e3b730946020f5487d75d8edc64e5c,random_candidate,1102,336,140,,5,0.0023165210150182247
tsp_construct,s-a2e3b730946020f5487d75d8edc64e5c,s-a2e3b730946020f5487d75d8edc64e5c,random_candidate,1103,206,10,,5,0.0022856302093714476
tsp_construct,s-a2e3b730946020f5487d75d8edc64e5c,s-a2e3b730946020f5487d75d8edc64e5c,random_candidate,1104,204,8,,6,0.0021192049607634544
tsp_construct,s-a2e3b730946020f5487d75d8edc64e5c,s-a2e3b730946020f5487d75d8edc64e5c,random_candidate,1105,204,8,,3,0.002590258838608861
tsp_construct,s-a2e3b730946020f5487d75d8edc64e5c,s-a2e3b730946020f5487d75d8edc64e5c,return_reserve,20261003,204,8,,6,0.0021077338606119156
tsp_construct,s-a38cb512a4b68bd8bbe4b957e204a745,s-a38cb512a4b68bd8bbe4b957e204a745,classical,20261003,232,0,,0,1.9371043890714645e-05
tsp_construct,s-a38cb512a4b68bd8bbe4b957e204a745,s-a38cb512a4b68bd8bbe4b957e204a745,isolation_priority,20261003,232,0,,8,0.0018084058538079262
tsp_construct,s-a38cb512a4b68bd8bbe4b957e204a745,s-a38cb512a4b68bd8bbe4b957e204a745,nearest,20261003,232,0,,8,0.001840956974774599
tsp_construct,s-a38cb512a4b68bd8bbe4b957e204a745,s-a38cb512a4b68bd8bbe4b957e204a745,one_step_lookahead,20261003,232,0,,8,0.001870797947049141
tsp_construct,s-a38cb512a4b68bd8bbe4b957e204a745,s-a38cb512a4b68bd8bbe4b957e204a745,random_candidate,1101,232,0,,8,0.0018137749284505844
tsp_construct,s-a38cb512a4b68bd8bbe4b957e204a745,s-a38cb512a4b68bd8bbe4b957e204a745,random_candidate,1102,232,0,,8,0.0018340861424803734
tsp_construct,s-a38cb512a4b68bd8bbe4b957e204a745,s-a38cb512a4b68bd8bbe4b957e204a745,random_candidate,1103,232,0,,8,0.0018535868730396032
tsp_construct,s-a38cb512a4b68bd8bbe4b957e204a745,s-a38cb512a4b68bd8bbe4b957e204a745,random_candidate,1104,232,0,,8,0.0018164061475545168
tsp_construct,s-a38cb512a4b68bd8bbe4b957e204a745,s-a38cb512a4b68bd8bbe4b957e204a745,random_candidate,1105,232,0,,8,0.0018108149524778128
tsp_construct,s-a38cb512a4b68bd8bbe4b957e204a745,s-a38cb512a4b68bd8bbe4b957e204a745,return_reserve,20261003,232,0,,8,0.0018264858517795801
tsp_construct,s-ae9eaa2d91bba7db6103ee24d079cfbb,s-ae9eaa2d91bba7db6103ee24d079cfbb,classical,20261003,206,6,,0,2.0141014829277992e-05
tsp_construct,s-ae9eaa2d91bba7db6103ee24d079cfbb,s-ae9eaa2d91bba7db6103ee24d079cfbb,isolation_priority,20261003,218,18,,6,0.0021678272169083357
tsp_construct,s-ae9eaa2d91bba7db6103ee24d079cfbb,s-ae9eaa2d91bba7db6103ee24d079cfbb,nearest,20261003,206,6,,7,0.0020086918957531452
tsp_construct,s-ae9eaa2d91bba7db6103ee24d079cfbb,s-ae9eaa2d91bba7db6103ee24d079cfbb,one_step_lookahead,20261003,204,4,,5,0.0022818699944764376
tsp_construct,s-ae9eaa2d91bba7db6103ee24d079cfbb,s-ae9eaa2d91bba7db6103ee24d079cfbb,random_candidate,1101,206,6,,7,0.0019770008511841297
tsp_construct,s-ae9eaa2d91bba7db6103ee24d079cfbb,s-ae9eaa2d91bba7db6103ee24d079cfbb,random_candidate,1102,214,14,,7,0.0020101009868085384
tsp_construct,s-ae9eaa2d91bba7db6103ee24d079cfbb,s-ae9eaa2d91bba7db6103ee24d079cfbb,random_candidate,1103,206,6,,7,0.0020175022073090076
tsp_construct,s-ae9eaa2d91bba7db6103ee24d079cfbb,s-ae9eaa2d91bba7db6103ee24d079cfbb,random_candidate,1104,206,6,,7,0.002012432087212801
tsp_construct,s-ae9eaa2d91bba7db6103ee24d079cfbb,s-ae9eaa2d91bba7db6103ee24d079cfbb,random_candidate,1105,214,14,,7,0.0019957609474658966
tsp_construct,s-ae9eaa2d91bba7db6103ee24d079cfbb,s-ae9eaa2d91bba7db6103ee24d079cfbb,return_reserve,20261003,218,18,,6,0.0021634669974446297
tsp_construct,s-b0f00c9620b23f84a2d3afdb4468b919,s-b0f00c9620b23f84a2d3afdb4468b919,classical,20261003,246,0,,0,1.3290904462337494e-05
tsp_construct,s-b0f00c9620b23f84a2d3afdb4468b919,s-b0f00c9620b23f84a2d3afdb4468b919,isolation_priority,20261003,246,0,,6,0.0007997641805559397
tsp_construct,s-b0f00c9620b23f84a2d3afdb4468b919,s-b0f00c9620b23f84a2d3afdb4468b919,nearest,20261003,246,0,,6,0.0007830348331481218
tsp_construct,s-b0f00c9620b23f84a2d3afdb4468b919,s-b0f00c9620b23f84a2d3afdb4468b919,one_step_lookahead,20261003,246,0,,6,0.0007640039548277855
tsp_construct,s-b0f00c9620b23f84a2d3afdb4468b919,s-b0f00c9620b23f84a2d3afdb4468b919,random_candidate,1101,246,0,,6,0.0007487919647246599
tsp_construct,s-b0f00c9620b23f84a2d3afdb4468b919,s-b0f00c9620b23f84a2d3afdb4468b919,random_candidate,1102,246,0,,6,0.0007776031270623207
tsp_construct,s-b0f00c9620b23f84a2d3afdb4468b919,s-b0f00c9620b23f84a2d3afdb4468b919,random_candidate,1103,246,0,,6,0.000762272858992219
tsp_construct,s-b0f00c9620b23f84a2d3afdb4468b919,s-b0f00c9620b23f84a2d3afdb4468b919,random_candidate,1104,246,0,,6,0.0007963438984006643
tsp_construct,s-b0f00c9620b23f84a2d3afdb4468b919,s-b0f00c9620b23f84a2d3afdb4468b919,random_candidate,1105,246,0,,6,0.0007519531063735485
tsp_construct,s-b0f00c9620b23f84a2d3afdb4468b919,s-b0f00c9620b23f84a2d3afdb4468b919,return_reserve,20261003,246,0,,6,0.0007584129925817251
tsp_construct,s-b890d4e09f645951cd5b0999d8ebf054,s-b890d4e09f645951cd5b0999d8ebf054,classical,20261003,290,8,,0,1.6280915588140488e-05
tsp_construct,s-b890d4e09f645951cd5b0999d8ebf054,s-b890d4e09f645951cd5b0999d8ebf054,isolation_priority,20261003,290,8,,4,0.0009493289981037378
tsp_construct,s-b890d4e09f645951cd5b0999d8ebf054,s-b890d4e09f645951cd5b0999d8ebf054,nearest,20261003,290,8,,4,0.0010092109441757202
tsp_construct,s-b890d4e09f645951cd5b0999d8ebf054,s-b890d4e09f645951cd5b0999d8ebf054,one_step_lookahead,20261003,294,12,,4,0.0009540189057588577
tsp_construct,s-b890d4e09f645951cd5b0999d8ebf054,s-b890d4e09f645951cd5b0999d8ebf054,random_candidate,1101,290,8,,4,0.0009507189970463514
tsp_construct,s-b890d4e09f645951cd5b0999d8ebf054,s-b890d4e09f645951cd5b0999d8ebf054,random_candidate,1102,290,8,,4,0.0009520489256829023
tsp_construct,s-b890d4e09f645951cd5b0999d8ebf054,s-b890d4e09f645951cd5b0999d8ebf054,random_candidate,1103,290,8,,4,0.0009807299356907606
tsp_construct,s-b890d4e09f645951cd5b0999d8ebf054,s-b890d4e09f645951cd5b0999d8ebf054,random_candidate,1104,330,48,,4,0.00100136105902493
tsp_construct,s-b890d4e09f645951cd5b0999d8ebf054,s-b890d4e09f645951cd5b0999d8ebf054,random_candidate,1105,290,8,,4,0.0009590592235326767
tsp_construct,s-b890d4e09f645951cd5b0999d8ebf054,s-b890d4e09f645951cd5b0999d8ebf054,return_reserve,20261003,290,8,,4,0.0009502188768237829
tsp_construct,s-bf1c2a077e7d3dda9247ed2beb22371d,s-bf1c2a077e7d3dda9247ed2beb22371d,classical,20261003,172,0,,0,1.346995122730732e-05
tsp_construct,s-bf1c2a077e7d3dda9247ed2beb22371d,s-bf1c2a077e7d3dda9247ed2beb22371d,isolation_priority,20261003,172,0,,6,0.0007532830350100994
tsp_construct,s-bf1c2a077e7d3dda9247ed2beb22371d,s-bf1c2a077e7d3dda9247ed2beb22371d,nearest,20261003,172,0,,6,0.0007812939584255219
tsp_construct,s-bf1c2a077e7d3dda9247ed2beb22371d,s-bf1c2a077e7d3dda9247ed2beb22371d,one_step_lookahead,20261003,172,0,,6,0.0007646828889846802
tsp_construct,s-bf1c2a077e7d3dda9247ed2beb22371d,s-bf1c2a077e7d3dda9247ed2beb22371d,random_candidate,1101,172,0,,6,0.0007514730095863342
tsp_construct,s-bf1c2a077e7d3dda9247ed2beb22371d,s-bf1c2a077e7d3dda9247ed2beb22371d,random_candidate,1102,172,0,,6,0.000761423958465457
tsp_construct,s-bf1c2a077e7d3dda9247ed2beb22371d,s-bf1c2a077e7d3dda9247ed2beb22371d,random_candidate,1103,172,0,,6,0.0007609638851135969
tsp_construct,s-bf1c2a077e7d3dda9247ed2beb22371d,s-bf1c2a077e7d3dda9247ed2beb22371d,random_candidate,1104,172,0,,6,0.0007622030097991228
tsp_construct,s-bf1c2a077e7d3dda9247ed2beb22371d,s-bf1c2a077e7d3dda9247ed2beb22371d,random_candidate,1105,172,0,,6,0.0007543531246483326
tsp_construct,s-bf1c2a077e7d3dda9247ed2beb22371d,s-bf1c2a077e7d3dda9247ed2beb22371d,return_reserve,20261003,172,0,,6,0.0007579531520605087
tsp_construct,s-c448c26420296868dfd3b4ef69c90315,s-c448c26420296868dfd3b4ef69c90315,classical,20261003,368,0,,0,2.4240929633378983e-05
tsp_construct,s-c448c26420296868dfd3b4ef69c90315,s-c448c26420296868dfd3b4ef69c90315,isolation_priority,20261003,368,0,,7,0.0014720950275659561
tsp_construct,s-c448c26420296868dfd3b4ef69c90315,s-c448c26420296868dfd3b4ef69c90315,nearest,20261003,368,0,,7,0.0014452249743044376
tsp_construct,s-c448c26420296868dfd3b4ef69c90315,s-c448c26420296868dfd3b4ef69c90315,one_step_lookahead,20261003,368,0,,7,0.0014838951174169779
tsp_construct,s-c448c26420296868dfd3b4ef69c90315,s-c448c26420296868dfd3b4ef69c90315,random_candidate,1101,368,0,,7,0.0014689939562231302
tsp_construct,s-c448c26420296868dfd3b4ef69c90315,s-c448c26420296868dfd3b4ef69c90315,random_candidate,1102,368,0,,7,0.0014954758808016777
tsp_construct,s-c448c26420296868dfd3b4ef69c90315,s-c448c26420296868dfd3b4ef69c90315,random_candidate,1103,368,0,,7,0.001437174854800105
tsp_construct,s-c448c26420296868dfd3b4ef69c90315,s-c448c26420296868dfd3b4ef69c90315,random_candidate,1104,368,0,,7,0.0014386740513145924
tsp_construct,s-c448c26420296868dfd3b4ef69c90315,s-c448c26420296868dfd3b4ef69c90315,random_candidate,1105,368,0,,7,0.0014677350409328938
tsp_construct,s-c448c26420296868dfd3b4ef69c90315,s-c448c26420296868dfd3b4ef69c90315,return_reserve,20261003,368,0,,7,0.0014608351048082113
tsp_construct,s-d14be347921ef6369ee178227d00388d,s-d14be347921ef6369ee178227d00388d,classical,20261003,316,18,,0,1.704995520412922e-05
tsp_construct,s-d14be347921ef6369ee178227d00388d,s-d14be347921ef6369ee178227d00388d,isolation_priority,20261003,316,18,,5,0.0017115529626607895
tsp_construct,s-d14be347921ef6369ee178227d00388d,s-d14be347921ef6369ee178227d00388d,nearest,20261003,316,18,,5,0.0017535639926791191
tsp_construct,s-d14be347921ef6369ee178227d00388d,s-d14be347921ef6369ee178227d00388d,one_step_lookahead,20261003,372,74,,5,0.0017039419617503881
tsp_construct,s-d14be347921ef6369ee178227d00388d,s-d14be347921ef6369ee178227d00388d,random_candidate,1101,372,74,,5,0.0017078020609915257
tsp_construct,s-d14be347921ef6369ee178227d00388d,s-d14be347921ef6369ee178227d00388d,random_candidate,1102,372,74,,5,0.0017086430452764034
tsp_construct,s-d14be347921ef6369ee178227d00388d,s-d14be347921ef6369ee178227d00388d,random_candidate,1103,372,74,,5,0.001708341995254159
tsp_construct,s-d14be347921ef6369ee178227d00388d,s-d14be347921ef6369ee178227d00388d,random_candidate,1104,316,18,,5,0.001709632109850645
tsp_construct,s-d14be347921ef6369ee178227d00388d,s-d14be347921ef6369ee178227d00388d,random_candidate,1105,372,74,,5,0.0017001121304929256
tsp_construct,s-d14be347921ef6369ee178227d00388d,s-d14be347921ef6369ee178227d00388d,return_reserve,20261003,304,6,,6,0.0015857191756367683
tsp_construct,s-d3bfc30e7889f09fa710f0f65db3614f,s-d3bfc30e7889f09fa710f0f65db3614f,classical,20261003,192,14,,0,1.9390136003494263e-05
tsp_construct,s-d3bfc30e7889f09fa710f0f65db3614f,s-d3bfc30e7889f09fa710f0f65db3614f,isolation_priority,20261003,202,24,,4,0.002404764061793685
tsp_construct,s-d3bfc30e7889f09fa710f0f65db3614f,s-d3bfc30e7889f09fa710f0f65db3614f,nearest,20261003,192,14,,4,0.0025507179088890553
tsp_construct,s-d3bfc30e7889f09fa710f0f65db3614f,s-d3bfc30e7889f09fa710f0f65db3614f,one_step_lookahead,20261003,196,18,,5,0.002320030936971307
tsp_construct,s-d3bfc30e7889f09fa710f0f65db3614f,s-d3bfc30e7889f09fa710f0f65db3614f,random_candidate,1101,188,10,,5,0.002273980062454939
tsp_construct,s-d3bfc30e7889f09fa710f0f65db3614f,s-d3bfc30e7889f09fa710f0f65db3614f,random_candidate,1102,314,136,,4,0.0024734160397201777
tsp_construct,s-d3bfc30e7889f09fa710f0f65db3614f,s-d3bfc30e7889f09fa710f0f65db3614f,random_candidate,1103,188,10,,5,0.002324181143194437
tsp_construct,s-d3bfc30e7889f09fa710f0f65db3614f,s-d3bfc30e7889f09fa710f0f65db3614f,random_candidate,1104,202,24,,4,0.0024051638320088387
tsp_construct,s-d3bfc30e7889f09fa710f0f65db3614f,s-d3bfc30e7889f09fa710f0f65db3614f,random_candidate,1105,188,10,,5,0.002269900171086192
tsp_construct,s-d3bfc30e7889f09fa710f0f65db3614f,s-d3bfc30e7889f09fa710f0f65db3614f,return_reserve,20261003,188,10,,5,0.002301531145349145
tsp_construct,s-dc70c167aae8a1912ba61b45e58e97bb,s-dc70c167aae8a1912ba61b45e58e97bb,classical,20261003,310,0,,0,1.9560102373361588e-05
tsp_construct,s-dc70c167aae8a1912ba61b45e58e97bb,s-dc70c167aae8a1912ba61b45e58e97bb,isolation_priority,20261003,310,0,,9,0.0016827420331537724
tsp_construct,s-dc70c167aae8a1912ba61b45e58e97bb,s-dc70c167aae8a1912ba61b45e58e97bb,nearest,20261003,310,0,,9,0.0016809210646897554
tsp_construct,s-dc70c167aae8a1912ba61b45e58e97bb,s-dc70c167aae8a1912ba61b45e58e97bb,one_step_lookahead,20261003,310,0,,9,0.0016634108033031225
tsp_construct,s-dc70c167aae8a1912ba61b45e58e97bb,s-dc70c167aae8a1912ba61b45e58e97bb,random_candidate,1101,310,0,,9,0.0016967619303613901
tsp_construct,s-dc70c167aae8a1912ba61b45e58e97bb,s-dc70c167aae8a1912ba61b45e58e97bb,random_candidate,1102,310,0,,9,0.0016810919623821974
tsp_construct,s-dc70c167aae8a1912ba61b45e58e97bb,s-dc70c167aae8a1912ba61b45e58e97bb,random_candidate,1103,310,0,,9,0.00165681098587811
tsp_construct,s-dc70c167aae8a1912ba61b45e58e97bb,s-dc70c167aae8a1912ba61b45e58e97bb,random_candidate,1104,310,0,,9,0.0016637509688735008
tsp_construct,s-dc70c167aae8a1912ba61b45e58e97bb,s-dc70c167aae8a1912ba61b45e58e97bb,random_candidate,1105,310,0,,9,0.0017006918787956238
tsp_construct,s-dc70c167aae8a1912ba61b45e58e97bb,s-dc70c167aae8a1912ba61b45e58e97bb,return_reserve,20261003,310,0,,9,0.0016623910050839186
tsp_construct,s-df20b4c07e91eddd083736a8123f20c6,s-df20b4c07e91eddd083736a8123f20c6,classical,20261003,292,2,,0,1.945020630955696e-05
tsp_construct,s-df20b4c07e91eddd083736a8123f20c6,s-df20b4c07e91eddd083736a8123f20c6,isolation_priority,20261003,292,2,,7,0.0020322920754551888
tsp_construct,s-df20b4c07e91eddd083736a8123f20c6,s-df20b4c07e91eddd083736a8123f20c6,nearest,20261003,292,2,,7,0.00201221089810133
tsp_construct,s-df20b4c07e91eddd083736a8123f20c6,s-df20b4c07e91eddd083736a8123f20c6,one_step_lookahead,20261003,364,74,,5,0.0027368632145226
tsp_construct,s-df20b4c07e91eddd083736a8123f20c6,s-df20b4c07e91eddd083736a8123f20c6,random_candidate,1101,448,158,,6,0.002152996137738228
tsp_construct,s-df20b4c07e91eddd083736a8123f20c6,s-df20b4c07e91eddd083736a8123f20c6,random_candidate,1102,314,24,,5,0.00231810100376606
tsp_construct,s-df20b4c07e91eddd083736a8123f20c6,s-df20b4c07e91eddd083736a8123f20c6,random_candidate,1103,448,158,,6,0.002157817129045725
tsp_construct,s-df20b4c07e91eddd083736a8123f20c6,s-df20b4c07e91eddd083736a8123f20c6,random_candidate,1104,356,66,,6,0.0021596059668809175
tsp_construct,s-df20b4c07e91eddd083736a8123f20c6,s-df20b4c07e91eddd083736a8123f20c6,random_candidate,1105,356,66,,6,0.0021634160075336695
tsp_construct,s-df20b4c07e91eddd083736a8123f20c6,s-df20b4c07e91eddd083736a8123f20c6,return_reserve,20261003,292,2,,7,0.001992200966924429
tsp_construct,s-f8643da54dd3a304897184c05b256501,s-f8643da54dd3a304897184c05b256501,classical,20261003,388,0,,0,1.6979873180389404e-05
tsp_construct,s-f8643da54dd3a304897184c05b256501,s-f8643da54dd3a304897184c05b256501,isolation_priority,20261003,388,0,,8,0.0013125401455909014
tsp_construct,s-f8643da54dd3a304897184c05b256501,s-f8643da54dd3a304897184c05b256501,nearest,20261003,388,0,,8,0.0013338210992515087
tsp_construct,s-f8643da54dd3a304897184c05b256501,s-f8643da54dd3a304897184c05b256501,one_step_lookahead,20261003,388,0,,8,0.0013461709022521973
tsp_construct,s-f8643da54dd3a304897184c05b256501,s-f8643da54dd3a304897184c05b256501,random_candidate,1101,388,0,,8,0.0013200710527598858
tsp_construct,s-f8643da54dd3a304897184c05b256501,s-f8643da54dd3a304897184c05b256501,random_candidate,1102,388,0,,8,0.0013722521252930164
tsp_construct,s-f8643da54dd3a304897184c05b256501,s-f8643da54dd3a304897184c05b256501,random_candidate,1103,388,0,,8,0.0013976828195154667
tsp_construct,s-f8643da54dd3a304897184c05b256501,s-f8643da54dd3a304897184c05b256501,random_candidate,1104,388,0,,8,0.0013433308340609074
tsp_construct,s-f8643da54dd3a304897184c05b256501,s-f8643da54dd3a304897184c05b256501,random_candidate,1105,388,0,,8,0.0013197509106248617
tsp_construct,s-f8643da54dd3a304897184c05b256501,s-f8643da54dd3a304897184c05b256501,return_reserve,20261003,388,0,,8,0.0013446910306811333
tsp_construct,s-fcb66dc8dd601f180ae8f90b1493647a,s-fcb66dc8dd601f180ae8f90b1493647a,classical,20261003,312,14,,0,1.3459939509630203e-05
tsp_construct,s-fcb66dc8dd601f180ae8f90b1493647a,s-fcb66dc8dd601f180ae8f90b1493647a,isolation_priority,20261003,312,14,,4,0.0009622389916330576
tsp_construct,s-fcb66dc8dd601f180ae8f90b1493647a,s-fcb66dc8dd601f180ae8f90b1493647a,nearest,20261003,312,14,,4,0.001006940845400095
tsp_construct,s-fcb66dc8dd601f180ae8f90b1493647a,s-fcb66dc8dd601f180ae8f90b1493647a,one_step_lookahead,20261003,312,14,,3,0.0010597219225019217
tsp_construct,s-fcb66dc8dd601f180ae8f90b1493647a,s-fcb66dc8dd601f180ae8f90b1493647a,random_candidate,1101,300,2,,4,0.000954809132963419
tsp_construct,s-fcb66dc8dd601f180ae8f90b1493647a,s-fcb66dc8dd601f180ae8f90b1493647a,random_candidate,1102,300,2,,4,0.0009574599098414183
tsp_construct,s-fcb66dc8dd601f180ae8f90b1493647a,s-fcb66dc8dd601f180ae8f90b1493647a,random_candidate,1103,300,2,,4,0.0009633789304643869
tsp_construct,s-fcb66dc8dd601f180ae8f90b1493647a,s-fcb66dc8dd601f180ae8f90b1493647a,random_candidate,1104,312,14,,4,0.0009574589785188437
tsp_construct,s-fcb66dc8dd601f180ae8f90b1493647a,s-fcb66dc8dd601f180ae8f90b1493647a,random_candidate,1105,312,14,,3,0.001058313064277172
tsp_construct,s-fcb66dc8dd601f180ae8f90b1493647a,s-fcb66dc8dd601f180ae8f90b1493647a,return_reserve,20261003,300,2,,4,0.0009562999475747347
tsp_public,044225a6f2e770ef55e2,kroB200,classical,20261003,32053,,8.88677514692394,0,0.1739009590819478
tsp_public,044225a6f2e770ef55e2,kroB200,isolation_priority,20261003,37816,,28.464177735502936,102,0.08051770692691207
tsp_public,044225a6f2e770ef55e2,kroB200,nearest,20261003,39006,,32.5067092434691,97,0.08391278190538287
tsp_public,044225a6f2e770ef55e2,kroB200,one_step_lookahead,20261003,45775,,55.50157964466488,91,0.08671965706162155
tsp_public,044225a6f2e770ef55e2,kroB200,random_candidate,1101,41563,,41.19305635764514,95,0.08365751407109201
tsp_public,044225a6f2e770ef55e2,kroB200,random_candidate,1102,43008,,46.101844617318335,96,0.08321571000851691
tsp_public,044225a6f2e770ef55e2,kroB200,random_candidate,1103,39772,,35.10887658389102,97,0.08244423707947135
tsp_public,044225a6f2e770ef55e2,kroB200,random_candidate,1104,42161,,43.22451336753066,89,0.0865305820479989
tsp_public,044225a6f2e770ef55e2,kroB200,random_candidate,1105,40419,,37.306790773516326,89,0.08610024792142212
tsp_public,044225a6f2e770ef55e2,kroB200,return_reserve,20261003,33903,,15.17138295342596,106,0.07943154498934746
tsp_public,121d82f7209f92abacaa,kroB100,classical,20261003,23349,,5.4559414660584435,0,0.029365380061790347
tsp_public,121d82f7209f92abacaa,kroB100,isolation_priority,20261003,29975,,35.38232238832934,41,0.02403275715187192
tsp_public,121d82f7209f92abacaa,kroB100,nearest,20261003,29365,,32.62725260828327,46,0.022952463012188673
tsp_public,121d82f7209f92abacaa,kroB100,one_step_lookahead,20261003,35731,,61.37934149315749,39,0.024866571184247732
tsp_public,121d82f7209f92abacaa,kroB100,random_candidate,1101,30618,,38.28643692696807,46,0.02314598998054862
tsp_public,121d82f7209f92abacaa,kroB100,random_candidate,1102,34176,,54.356171807958084,48,0.022451238008216023
tsp_public,121d82f7209f92abacaa,kroB100,random_candidate,1103,30528,,37.879951221715366,45,0.02322001103311777
tsp_public,121d82f7209f92abacaa,kroB100,random_candidate,1104,30134,,36.100447134275775,47,0.02268659509718418
tsp_public,121d82f7209f92abacaa,kroB100,random_candidate,1105,32968,,48.90023034189964,43,0.023532812017947435
tsp_public,121d82f7209f92abacaa,kroB100,return_reserve,20261003,26424,,19.344203062192314,46,0.022998664062470198
tsp_public,1a20d32aab67439dbaec,tsp225,classical,20261003,4239,,8.248212461695607,0,0.16941095096990466
tsp_public,1a20d32aab67439dbaec,tsp225,isolation_priority,20261003,5267,,34.49948927477017,99,0.11400743410922587
tsp_public,1a20d32aab67439dbaec,tsp225,nearest,20261003,5286,,34.98467824310521,105,0.11104273283854127
tsp_public,1a20d32aab67439dbaec,tsp225,one_step_lookahead,20261003,6013,,53.54954034729316,92,0.11861125496216118
tsp_public,1a20d32aab67439dbaec,tsp225,random_candidate,1101,5716,,45.96527068437181,98,0.11488874000497162
tsp_public,1a20d32aab67439dbaec,tsp225,random_candidate,1102,5527,,41.13891726251277,117,0.10403681802563369
tsp_public,1a20d32aab67439dbaec,tsp225,random_candidate,1103,5342,,36.414708886619,100,0.11330319195985794
tsp_public,1a20d32aab67439dbaec,tsp225,random_candidate,1104,5408,,38.100102145045966,90,0.11836641700938344
tsp_public,1a20d32aab67439dbaec,tsp225,random_candidate,1105,5075,,29.59652706843718,105,0.10937834205105901
tsp_public,1a20d32aab67439dbaec,tsp225,return_reserve,20261003,4505,,15.040858018386109,114,0.10610026097856462
tsp_public,2448ac56127dbfb1ee7e,bier127,classical,20261003,123178,,4.139260411558817,0,0.03503673383966088
tsp_public,2448ac56127dbfb1ee7e,bier127,isolation_priority,20261003,144255,,21.958539760910366,56,0.03679777798242867
tsp_public,2448ac56127dbfb1ee7e,bier127,nearest,20261003,147899,,25.0393128286637,60,0.036160919116809964
tsp_public,2448ac56127dbfb1ee7e,bier127,one_step_lookahead,20261003,184615,,56.08038416665258,52,0.038366926135495305
tsp_public,2448ac56127dbfb1ee7e,bier127,random_candidate,1101,179577,,51.82107167616374,55,0.03727706195786595
tsp_public,2448ac56127dbfb1ee7e,bier127,random_candidate,1102,178589,,50.985779746707024,55,0.03719539986923337
tsp_public,2448ac56127dbfb1ee7e,bier127,random_candidate,1103,163080,,37.873894590892945,56,0.03695794311352074
tsp_public,2448ac56127dbfb1ee7e,bier127,random_candidate,1104,161084,,36.18640198846823,58,0.03632772294804454
tsp_public,2448ac56127dbfb1ee7e,bier127,random_candidate,1105,155485,,31.45279924248829,58,0.0361141269095242
tsp_public,2448ac56127dbfb1ee7e,bier127,return_reserve,20261003,132300,,11.851338327048918,59,0.03593033109791577
tsp_public,2bb94d12a8bd02f6cf08,tsp225,classical,20261003,4186,,6.894790602655772,0,0.13308903900906444
tsp_public,2bb94d12a8bd02f6cf08,tsp225,isolation_priority,20261003,5275,,34.703779366700715,88,0.11979917204007506
tsp_public,2bb94d12a8bd02f6cf08,tsp225,nearest,20261003,4929,,25.8682328907048,107,0.1104605661239475
tsp_public,2bb94d12a8bd02f6cf08,tsp225,one_step_lookahead,20261003,5797,,48.03370786516854,97,0.11588635086081922
tsp_public,2bb94d12a8bd02f6cf08,tsp225,random_candidate,1101,5430,,38.66189989785496,98,0.12912063696421683
tsp_public,2bb94d12a8bd02f6cf08,tsp225,random_candidate,1102,5311,,35.623084780388155,103,0.11217300803400576
tsp_public,2bb94d12a8bd02f6cf08,tsp225,random_candidate,1103,5532,,41.266598569969354,105,0.11121052782982588
tsp_public,2bb94d12a8bd02f6cf08,tsp225,random_candidate,1104,5093,,30.0561797752809,109,0.10880326479673386
tsp_public,2bb94d12a8bd02f6cf08,tsp225,random_candidate,1105,5999,,53.19203268641471,102,0.11255581001751125
tsp_public,2bb94d12a8bd02f6cf08,tsp225,return_reserve,20261003,4567,,16.624106230847804,118,0.10365672712214291
tsp_public,2be759485bc70e8c2517,kroA150,classical,20261003,27979,,5.485597949027296,0,0.05311272689141333
tsp_public,2be759485bc70e8c2517,kroA150,isolation_priority,20261003,35239,,32.85703513798824,65,0.05127393105067313
tsp_public,2be759485bc70e8c2517,kroA150,nearest,20261003,32959,,24.261046599306287,65,0.052331282990053296
tsp_public,2be759485bc70e8c2517,kroA150,one_step_lookahead,20261003,40815,,53.87950535364199,74,0.04870086209848523
tsp_public,2be759485bc70e8c2517,kroA150,random_candidate,1101,39764,,49.917056250942544,60,0.05348618910647929
tsp_public,2be759485bc70e8c2517,kroA150,random_candidate,1102,35708,,34.62524506107676,64,0.05205301591195166
tsp_public,2be759485bc70e8c2517,kroA150,random_candidate,1103,38959,,46.88206906952194,65,0.05167511408217251
tsp_public,2be759485bc70e8c2517,kroA150,random_candidate,1104,36444,,37.40009048408988,67,0.05077714612707496
tsp_public,2be759485bc70e8c2517,kroA150,random_candidate,1105,40207,,51.58724174332679,56,0.05454735201783478
tsp_public,2be759485bc70e8c2517,kroA150,return_reserve,20261003,32163,,21.259990951591014,63,0.05231813294813037
tsp_public,32a4d86692db8d853591,kroA100,classical,20261003,23246,,9.228455972183065,0,0.02138236491009593
tsp_public,32a4d86692db8d853591,kroA100,isolation_priority,20261003,29187,,37.14406540738652,48,0.022541861049830914
tsp_public,32a4d86692db8d853591,kroA100,nearest,20261003,27904,,31.11549666384738,48,0.022683564806357026
tsp_public,32a4d86692db8d853591,kroA100,one_step_lookahead,20261003,33822,,58.92303354947843,47,0.023029056144878268
tsp_public,32a4d86692db8d853591,kroA100,random_candidate,1101,29395,,38.12141716004135,48,0.022715256083756685
tsp_public,32a4d86692db8d853591,kroA100,random_candidate,1102,30062,,41.2555210976412,48,0.022470448864623904
tsp_public,32a4d86692db8d853591,kroA100,random_candidate,1103,30662,,44.07480499953012,53,0.02144922805018723
tsp_public,32a4d86692db8d853591,kroA100,random_candidate,1104,34536,,62.27798139272625,45,0.023332606069743633
tsp_public,32a4d86692db8d853591,kroA100,random_candidate,1105,32821,,54.219528239827085,48,0.022492819000035524
tsp_public,32a4d86692db8d853591,kroA100,return_reserve,20261003,26224,,23.221501738558405,49,0.02235391503199935
tsp_public,47e8ae743e5114e85867,kroB100,classical,20261003,22778,,2.877015491621878,0,0.03024221700616181
tsp_public,47e8ae743e5114e85867,kroB100,isolation_priority,20261003,29859,,34.858407479336975,51,0.0218171589076519
tsp_public,47e8ae743e5114e85867,kroB100,nearest,20261003,28478,,28.621110157626124,48,0.022538780933246017
tsp_public,47e8ae743e5114e85867,kroB100,one_step_lookahead,20261003,37989,,71.57761618716408,38,0.025086859008297324
tsp_public,47e8ae743e5114e85867,kroB100,random_candidate,1101,32665,,47.53172846754889,42,0.023939194157719612
tsp_public,47e8ae743e5114e85867,kroB100,random_candidate,1102,27756,,25.36019149993225,55,0.02089570020325482
tsp_public,47e8ae743e5114e85867,kroB100,random_candidate,1103,29689,,34.09060114719299,46,0.02329130400903523
tsp_public,47e8ae743e5114e85867,kroB100,random_candidate,1104,35717,,61.316110383451516,37,0.025201041949912906
tsp_public,47e8ae743e5114e85867,kroB100,random_candidate,1105,34632,,56.415699381238426,44,0.02372102695517242
tsp_public,47e8ae743e5114e85867,kroB100,return_reserve,20261003,26631,,20.27912018427352,41,0.02430870500393212
tsp_public,60f6300678dd72dc82e5,kroA150,classical,20261003,27870,,5.074649374151711,0,0.10302867693826556
tsp_public,60f6300678dd72dc82e5,kroA150,isolation_priority,20261003,36654,,38.19182627054743,77,0.047010001027956605
tsp_public,60f6300678dd72dc82e5,kroA150,nearest,20261003,34094,,28.540190016588753,61,0.05270160501822829
tsp_public,60f6300678dd72dc82e5,kroA150,one_step_lookahead,20261003,43652,,64.57547881164228,64,0.05157924094237387
tsp_public,60f6300678dd72dc82e5,kroA150,random_candidate,1101,38977,,46.94993213693259,72,0.04885505698621273
tsp_public,60f6300678dd72dc82e5,kroA150,random_candidate,1102,43257,,63.086261499019756,63,0.0520592350512743
tsp_public,60f6300678dd72dc82e5,kroA150,random_candidate,1103,34982,,31.88810134218067,71,0.04867568193003535
tsp_public,60f6300678dd72dc82e5,kroA150,random_candidate,1104,37439,,41.151410043733975,67,0.05040465504862368
tsp_public,60f6300678dd72dc82e5,kroA150,random_candidate,1105,37303,,40.63866686774242,76,0.046986190136522055
tsp_public,60f6300678dd72dc82e5,kroA150,return_reserve,20261003,30085,,13.425576836072992,78,0.046698730904608965
tsp_public,6d21d1a66f187f5f7035,kroB200,classical,20261003,31971,,8.608214152257364,0,0.1279309610836208
tsp_public,6d21d1a66f187f5f7035,kroB200,isolation_priority,20261003,37253,,26.551618711145835,106,0.07845947402529418
tsp_public,6d21d1a66f187f5f7035,kroB200,nearest,20261003,36969,,25.58684648571526,92,0.08496026322245598
tsp_public,6d21d1a66f187f5f7035,kroB200,one_step_lookahead,20261003,46271,,57.18653395386758,92,0.08516686991788447
tsp_public,6d21d1a66f187f5f7035,kroB200,random_candidate,1101,42442,,44.17909433705881,83,0.08894802606664598
tsp_public,6d21d1a66f187f5f7035,kroB200,random_candidate,1102,39567,,34.41247409722458,89,0.08611820917576551
tsp_public,6d21d1a66f187f5f7035,kroB200,random_candidate,1103,42311,,43.73407616265245,81,0.08995480579324067
tsp_public,6d21d1a66f187f5f7035,kroB200,random_candidate,1104,42911,,45.77232734313959,77,0.09179159300401807
tsp_public,6d21d1a66f187f5f7035,kroB200,random_candidate,1105,37956,,28.939769677616606,96,0.08278828812763095
tsp_public,6d21d1a66f187f5f7035,kroB200,return_reserve,20261003,35115,,19.288650338009987,104,0.07911841501481831
tsp_public,74327333c84cc9c9fce9,kroB200,classical,20261003,31214,,6.0366205795427526,0,0.14155681803822517
tsp_public,74327333c84cc9c9fce9,kroB200,isolation_priority,20261003,38003,,29.099432686754767,101,0.08058854984119534
tsp_public,74327333c84cc9c9fce9,kroB200,nearest,20261003,38612,,31.168257634949214,87,0.087255913997069
tsp_public,74327333c84cc9c9fce9,kroB200,one_step_lookahead,20261003,45797,,55.57631552128274,90,0.08644420909695327
tsp_public,74327333c84cc9c9fce9,kroB200,random_candidate,1101,44382,,50.7694398206339,80,0.0893696490675211
tsp_public,74327333c84cc9c9fce9,kroB200,random_candidate,1102,44542,,51.3129734687638,85,0.08746163989417255
tsp_public,74327333c84cc9c9fce9,kroB200,random_candidate,1103,41392,,40.612154771206306,98,0.09769988409243524
tsp_public,74327333c84cc9c9fce9,kroB200,random_candidate,1104,44426,,50.91891157386962,80,0.0907026189379394
tsp_public,74327333c84cc9c9fce9,kroB200,random_candidate,1105,48628,,65.19346400788125,88,0.08719113213010132
tsp_public,74327333c84cc9c9fce9,kroB200,return_reserve,20261003,33185,,12.732275707443014,93,0.08447877899743617
tsp_public,7482ef052dd60cb7c2f0,kroA100,classical,20261003,22088,,3.7872380415374494,0,0.016514805844053626
tsp_public,7482ef052dd60cb7c2f0,kroA100,isolation_priority,20261003,28950,,36.030448266140404,52,0.02162707201205194
tsp_public,7482ef052dd60cb7c2f0,kroA100,nearest,20261003,26309,,23.620900291326002,50,0.022192779928445816
tsp_public,7482ef052dd60cb7c2f0,kroA100,one_step_lookahead,20261003,33093,,55.4976036086834,46,0.02330216416157782
tsp_public,7482ef052dd60cb7c2f0,kroA100,random_candidate,1101,30400,,42.843717695705294,52,0.021614052122458816
tsp_public,7482ef052dd60cb7c2f0,kroA100,random_candidate,1102,30446,,43.059862794850105,46,0.02303862594999373
tsp_public,7482ef052dd60cb7c2f0,kroA100,random_candidate,1103,31460,,47.82445258904238,52,0.02179006696678698
tsp_public,7482ef052dd60cb7c2f0,kroA100,random_candidate,1104,27390,,28.700310121229204,47,0.02292307186871767
tsp_public,7482ef052dd60cb7c2f0,kroA100,random_candidate,1105,32935,,54.755192181185976,56,0.020747886039316654
tsp_public,7482ef052dd60cb7c2f0,kroA100,return_reserve,20261003,23975,,12.653885912978103,46,0.023107327986508608
tsp_public,8a04cce0cc5004870e69,kroC100,classical,20261003,21747,,4.809870355197841,0,0.014961168868467212
tsp_public,8a04cce0cc5004870e69,kroC100,isolation_priority,20261003,26248,,26.50248204732758,55,0.021463477984070778
tsp_public,8a04cce0cc5004870e69,kroC100,nearest,20261003,25635,,23.54812280109885,56,0.021081116050481796
tsp_public,8a04cce0cc5004870e69,kroC100,one_step_lookahead,20261003,32029,,54.36406573810786,50,0.022499579936265945
tsp_public,8a04cce0cc5004870e69,kroC100,random_candidate,1101,27302,,31.582244927466384,55,0.021202170057222247
tsp_public,8a04cce0cc5004870e69,kroC100,random_candidate,1102,29959,,44.387681334040195,51,0.022085485979914665
tsp_public,8a04cce0cc5004870e69,kroC100,random_candidate,1103,27801,,33.987180105065306,57,0.020700674038380384
tsp_public,8a04cce0cc5004870e69,kroC100,random_candidate,1104,32546,,56.8557520844378,50,0.02227348298765719
tsp_public,8a04cce0cc5004870e69,kroC100,random_candidate,1105,27256,,31.36054749626488,56,0.021022564033046365
tsp_public,8a04cce0cc5004870e69,kroC100,return_reserve,20261003,22989,,10.795700997638441,58,0.020381924929097295
tsp_public,8ba7072288c2145a4cfd,tsp225,classical,20261003,4031,,2.936670071501532,0,0.21521490579470992
tsp_public,8ba7072288c2145a4cfd,tsp225,isolation_priority,20261003,5092,,30.030643513789578,100,0.11327182198874652
tsp_public,8ba7072288c2145a4cfd,tsp225,nearest,20261003,4864,,24.20837589376915,102,0.1136314629111439
tsp_public,8ba7072288c2145a4cfd,tsp225,one_step_lookahead,20261003,5753,,46.91011235955056,94,0.11682355008088052
tsp_public,8ba7072288c2145a4cfd,tsp225,random_candidate,1101,5324,,35.95505617977528,107,0.10937745193950832
tsp_public,8ba7072288c2145a4cfd,tsp225,random_candidate,1102,4757,,21.475995914198162,116,0.1046763479243964
tsp_public,8ba7072288c2145a4cfd,tsp225,random_candidate,1103,5660,,44.53524004085802,103,0.11236679391004145
tsp_public,8ba7072288c2145a4cfd,tsp225,random_candidate,1104,5485,,40.06639427987743,85,0.12152634398080409
tsp_public,8ba7072288c2145a4cfd,tsp225,random_candidate,1105,5617,,43.437180796731354,91,0.11841920902952552
tsp_public,8ba7072288c2145a4cfd,tsp225,return_reserve,20261003,4482,,14.453524004085802,120,0.10277870995923877
tsp_public,8ce2bcba3b1364fdcc77,kroC100,classical,20261003,22002,,6.038845245554002,0,0.0380613470915705
tsp_public,8ce2bcba3b1364fdcc77,kroC100,isolation_priority,20261003,25725,,23.981878644753966,54,0.020980442874133587
tsp_public,8ce2bcba3b1364fdcc77,kroC100,nearest,20261003,27489,,32.483493180394234,52,0.02174627617932856
tsp_public,8ce2bcba3b1364fdcc77,kroC100,one_step_lookahead,20261003,31746,,53.00014458528122,49,0.022455997997894883
tsp_public,8ce2bcba3b1364fdcc77,kroC100,random_candidate,1101,36502,,75.92173116776712,38,0.025161030935123563
tsp_public,8ce2bcba3b1364fdcc77,kroC100,random_candidate,1102,30354,,46.29138753674876,50,0.02197590284049511
tsp_public,8ce2bcba3b1364fdcc77,kroC100,random_candidate,1103,29600,,42.65747746879367,51,0.021885721012949944
tsp_public,8ce2bcba3b1364fdcc77,kroC100,random_candidate,1104,33654,,62.19576847076967,43,0.023817020002752542
tsp_public,8ce2bcba3b1364fdcc77,kroC100,random_candidate,1105,31551,,52.0603402573618,44,0.023708427092060447
tsp_public,8ce2bcba3b1364fdcc77,kroC100,return_reserve,20261003,24381,,17.5044580461709,54,0.021026725182309747
tsp_public,9d28b5267d7a888ca8ad,kroA150,classical,20261003,29048,,9.515910119137384,0,0.05252712010405958
tsp_public,9d28b5267d7a888ca8ad,kroA150,isolation_priority,20261003,38638,,45.6718443673654,68,0.04977548494935036
tsp_public,9d28b5267d7a888ca8ad,kroA150,nearest,20261003,35174,,32.61197406122756,57,0.05388120096176863
tsp_public,9d28b5267d7a888ca8ad,kroA150,one_step_lookahead,20261003,43439,,63.77243251394963,68,0.050172558054327965
tsp_public,9d28b5267d7a888ca8ad,kroA150,random_candidate,1101,40065,,51.05187754486503,66,0.05084114894270897
tsp_public,9d28b5267d7a888ca8ad,kroA150,random_candidate,1102,38058,,43.48514552857789,63,0.051526868948712945
tsp_public,9d28b5267d7a888ca8ad,kroA150,random_candidate,1103,38671,,45.79625999095159,60,0.05258736200630665
tsp_public,9d28b5267d7a888ca8ad,kroA150,random_candidate,1104,38354,,44.60111597044186,69,0.04978091618977487
tsp_public,9d28b5267d7a888ca8ad,kroA150,random_candidate,1105,40858,,54.04162268134519,63,0.05122734000906348
tsp_public,9d28b5267d7a888ca8ad,kroA150,return_reserve,20261003,31502,,18.76790830945559,74,0.0478338859975338
tsp_public,b4e30346b4fe00bc1b40,kroC100,classical,20261003,22409,,8.000385560749915,0,0.014654519036412239
tsp_public,b4e30346b4fe00bc1b40,kroC100,isolation_priority,20261003,27215,,31.162947611933106,49,0.022340324008837342
tsp_public,b4e30346b4fe00bc1b40,kroC100,nearest,20261003,24857,,19.79854450816907,57,0.020612822147086263
tsp_public,b4e30346b4fe00bc1b40,kroC100,one_step_lookahead,20261003,31956,,54.01224155380982,49,0.022501240018755198
tsp_public,b4e30346b4fe00bc1b40,kroC100,random_candidate,1101,30582,,47.39023567400839,41,0.024184942012652755
tsp_public,b4e30346b4fe00bc1b40,kroC100,random_candidate,1102,32010,,54.27249506000289,52,0.021479357965290546
tsp_public,b4e30346b4fe00bc1b40,kroC100,random_candidate,1103,30649,,47.713142802062755,42,0.02392431301996112
tsp_public,b4e30346b4fe00bc1b40,kroC100,random_candidate,1104,27313,,31.635259530579784,52,0.02161982306279242
tsp_public,b4e30346b4fe00bc1b40,kroC100,random_candidate,1105,29753,,43.39486240300737,49,0.0222716829739511
tsp_public,b4e30346b4fe00bc1b40,kroC100,return_reserve,20261003,22945,,10.583642585184828,59,0.02006968599744141
tsp_public,b9db0e2302f251b2cb8b,kroB100,classical,20261003,23058,,4.141637685741385,0,0.02153123007155955
tsp_public,b9db0e2302f251b2cb8b,kroB100,isolation_priority,20261003,31193,,40.8834289327492,46,0.023043727036565542
tsp_public,b9db0e2302f251b2cb8b,kroB100,nearest,20261003,28343,,28.011381599747075,50,0.022088986821472645
tsp_public,b9db0e2302f251b2cb8b,kroB100,one_step_lookahead,20261003,33521,,51.39785917528567,42,0.024118548957630992
tsp_public,b9db0e2302f251b2cb8b,kroB100,random_candidate,1101,32949,,48.814416693012966,47,0.0229727141559124
tsp_public,b9db0e2302f251b2cb8b,kroB100,random_candidate,1102,31742,,43.36299173479066,48,0.022563081001862884
tsp_public,b9db0e2302f251b2cb8b,kroB100,random_candidate,1103,27054,,22.189602998961202,50,0.02216823911294341
tsp_public,b9db0e2302f251b2cb8b,kroB100,random_candidate,1104,31308,,41.40282733390542,53,0.021351223811507225
tsp_public,b9db0e2302f251b2cb8b,kroB100,random_candidate,1105,35424,,59.99277358746218,43,0.02387686213478446
tsp_public,b9db0e2302f251b2cb8b,kroB100,return_reserve,20261003,26748,,20.807551601102027,48,0.022455938160419464
tsp_public,c4a1ab4447bdf3dade04,kroA100,classical,20261003,22137,,4.0174795601917115,0,0.025395907927304506
tsp_public,c4a1ab4447bdf3dade04,kroA100,isolation_priority,20261003,29870,,40.353350249036744,41,0.024358017137274146
tsp_public,c4a1ab4447bdf3dade04,kroA100,nearest,20261003,28504,,33.934780565736304,49,0.0220712770242244
tsp_public,c4a1ab4447bdf3dade04,kroA100,one_step_lookahead,20261003,33395,,56.91664317263415,45,0.02332891500554979
tsp_public,c4a1ab4447bdf3dade04,kroA100,random_candidate,1101,28824,,35.43839864674373,46,0.023087478009983897
tsp_public,c4a1ab4447bdf3dade04,kroA100,random_candidate,1102,27660,,29.968987877079222,47,0.02269180491566658
tsp_public,c4a1ab4447bdf3dade04,kroA100,random_candidate,1103,32861,,54.40748049995301,42,0.024013415910303593
tsp_public,c4a1ab4447bdf3dade04,kroA100,random_candidate,1104,26848,,26.15355699652288,58,0.02000951301306486
tsp_public,c4a1ab4447bdf3dade04,kroA100,random_candidate,1105,29025,,36.38285875387652,51,0.021981443976983428
tsp_public,c4a1ab4447bdf3dade04,kroA100,return_reserve,20261003,24106,,13.269429564890517,51,0.021794397849589586
tsp_public,d5cf18645ce3212f5314,bier127,classical,20261003,123363,,4.295666289038062,0,0.03159829811193049
tsp_public,d5cf18645ce3212f5314,bier127,isolation_priority,20261003,149590,,26.468947092541555,51,0.03833097405731678
tsp_public,d5cf18645ce3212f5314,bier127,nearest,20261003,137429,,16.187585600514026,60,0.03596944222226739
tsp_public,d5cf18645ce3212f5314,bier127,one_step_lookahead,20261003,186890,,58.003753741059505,53,0.037816999014467
tsp_public,d5cf18645ce3212f5314,bier127,random_candidate,1101,154197,,30.363876160362523,54,0.0379031419288367
tsp_public,d5cf18645ce3212f5314,bier127,random_candidate,1102,156424,,32.246664750342404,54,0.03800398507155478
tsp_public,d5cf18645ce3212f5314,bier127,random_candidate,1103,164562,,39.12683248507803,51,0.03879600786603987
tsp_public,d5cf18645ce3212f5314,bier127,random_candidate,1104,184713,,56.1632370098578,57,0.03722871094942093
tsp_public,d5cf18645ce3212f5314,bier127,random_candidate,1105,162462,,37.35141441639472,52,0.03855159203521907
tsp_public,d5cf18645ce3212f5314,bier127,return_reserve,20261003,141784,,19.869464500093,57,0.036865190137177706
tsp_public,da0bb64096b3ee6b6b8d,bier127,classical,20261003,125505,,6.106592719095044,0,0.03078013309277594
tsp_public,da0bb64096b3ee6b6b8d,bier127,isolation_priority,20261003,142633,,20.587240662146396,57,0.03665084298700094
tsp_public,da0bb64096b3ee6b6b8d,bier127,nearest,20261003,148831,,25.82726027628887,58,0.036628432804718614
tsp_public,da0bb64096b3ee6b6b8d,bier127,one_step_lookahead,20261003,193777,,63.82627956916521,51,0.0387448170222342
tsp_public,da0bb64096b3ee6b6b8d,bier127,random_candidate,1101,163512,,38.23912345073637,47,0.040121108992025256
tsp_public,da0bb64096b3ee6b6b8d,bier127,random_candidate,1102,144718,,22.349977173196258,59,0.03641231590881944
tsp_public,da0bb64096b3ee6b6b8d,bier127,random_candidate,1103,173889,,47.01222502155865,45,0.040472090942785144
tsp_public,da0bb64096b3ee6b6b8d,bier127,random_candidate,1104,151839,,28.370335300383832,49,0.03934223600663245
tsp_public,da0bb64096b3ee6b6b8d,bier127,random_candidate,1105,172142,,45.53524627584924,48,0.03946741996333003
tsp_public,da0bb64096b3ee6b6b8d,bier127,return_reserve,20261003,129275,,9.293890870969378,59,0.03606508579105139
